Wvl	R
362	-0.1190
363	-0.1169
364	-0.1148
365	-0.1127
366	-0.1106
367	-0.1085
368	-0.1064
369	-0.1043
370	-0.1022
371	-0.0941
372	-0.0860
373	-0.0779
374	-0.0698
375	-0.0617
376	-0.0535
377	-0.0454
378	-0.0373
379	-0.0355
380	-0.0336
381	-0.0318
382	-0.0299
383	-0.0281
384	-0.0263
385	-0.0244
386	-0.0226
387	-0.0211
388	-0.0196
389	-0.0181
390	-0.0166
391	-0.0151
392	-0.0136
393	-0.0121
394	-0.0106
395	-0.0052
396	0.0003
397	0.0057
398	0.0112
399	0.0167
400	0.0221
401	0.0276
402	0.0330
403	0.0295
404	0.0260
405	0.0224
406	0.0189
407	0.0154
408	0.0118
409	0.0083
410	0.0048
411	0.0088
412	0.0129
413	0.0169
414	0.0210
415	0.0250
416	0.0291
417	0.0331
418	0.0372
419	0.0371
420	0.0371
421	0.0371
422	0.0370
423	0.0370
424	0.0370
425	0.0369
426	0.0369
427	0.0383
428	0.0396
429	0.0410
430	0.0423
431	0.0437
432	0.0451
433	0.0464
434	0.0478
435	0.0489
436	0.0500
437	0.0510
438	0.0521
439	0.0532
440	0.0543
441	0.0554
442	0.0565
443	0.0562
444	0.0558
445	0.0555
446	0.0551
447	0.0548
448	0.0545
449	0.0541
450	0.0538
451	0.0541
452	0.0544
453	0.0547
454	0.0550
455	0.0553
456	0.0557
457	0.0560
458	0.0563
459	0.0565
460	0.0568
461	0.0570
462	0.0573
463	0.0576
464	0.0578
465	0.0581
466	0.0583
467	0.0590
468	0.0598
469	0.0605
470	0.0613
471	0.0620
472	0.0627
473	0.0635
474	0.0642
475	0.0640
476	0.0638
477	0.0636
478	0.0633
479	0.0631
480	0.0629
481	0.0627
482	0.0625
483	0.0632
484	0.0639
485	0.0646
486	0.0654
487	0.0661
488	0.0668
489	0.0675
490	0.0682
491	0.0693
492	0.0704
493	0.0715
494	0.0726
495	0.0736
496	0.0747
497	0.0758
498	0.0769
499	0.0777
500	0.0785
501	0.0793
502	0.0801
503	0.0810
504	0.0818
505	0.0826
506	0.0834
507	0.0840
508	0.0846
509	0.0852
510	0.0858
511	0.0864
512	0.0870
513	0.0876
514	0.0882
515	0.0889
516	0.0896
517	0.0903
518	0.0910
519	0.0917
520	0.0924
521	0.0931
522	0.0938
523	0.0947
524	0.0956
525	0.0964
526	0.0973
527	0.0982
528	0.0991
529	0.0999
530	0.1008
531	0.1021
532	0.1033
533	0.1045
534	0.1058
535	0.1070
536	0.1083
537	0.1095
538	0.1108
539	0.1117
540	0.1125
541	0.1134
542	0.1143
543	0.1152
544	0.1161
545	0.1170
546	0.1178
547	0.1187
548	0.1195
549	0.1204
550	0.1212
551	0.1220
552	0.1229
553	0.1237
554	0.1245
555	0.1250
556	0.1254
557	0.1259
558	0.1263
559	0.1268
560	0.1272
561	0.1277
562	0.1281
563	0.1291
564	0.1301
565	0.1311
566	0.1321
567	0.1331
568	0.1341
569	0.1351
570	0.1361
571	0.1367
572	0.1374
573	0.1380
574	0.1387
575	0.1394
576	0.1400
577	0.1407
578	0.1413
579	0.1414
580	0.1415
581	0.1416
582	0.1417
583	0.1418
584	0.1419
585	0.1420
586	0.1420
587	0.1426
588	0.1432
589	0.1438
590	0.1444
591	0.1451
592	0.1457
593	0.1463
594	0.1469
595	0.1473
596	0.1478
597	0.1482
598	0.1487
599	0.1491
600	0.1496
601	0.1501
602	0.1505
603	0.1510
604	0.1516
605	0.1521
606	0.1526
607	0.1532
608	0.1537
609	0.1542
610	0.1547
611	0.1550
612	0.1552
613	0.1554
614	0.1556
615	0.1558
616	0.1560
617	0.1562
618	0.1564
619	0.1570
620	0.1576
621	0.1582
622	0.1589
623	0.1595
624	0.1601
625	0.1607
626	0.1613
627	0.1615
628	0.1617
629	0.1619
630	0.1621
631	0.1623
632	0.1625
633	0.1627
634	0.1629
635	0.1633
636	0.1636
637	0.1640
638	0.1643
639	0.1646
640	0.1650
641	0.1653
642	0.1657
643	0.1665
644	0.1673
645	0.1681
646	0.1689
647	0.1697
648	0.1706
649	0.1714
650	0.1722
651	0.1728
652	0.1734
653	0.1739
654	0.1745
655	0.1751
656	0.1757
657	0.1763
658	0.1768
659	0.1770
660	0.1771
661	0.1772
662	0.1774
663	0.1775
664	0.1777
665	0.1778
666	0.1779
667	0.1786
668	0.1794
669	0.1801
670	0.1808
671	0.1815
672	0.1822
673	0.1830
674	0.1837
675	0.1842
676	0.1847
677	0.1853
678	0.1858
679	0.1863
680	0.1868
681	0.1874
682	0.1879
683	0.1887
684	0.1894
685	0.1902
686	0.1910
687	0.1917
688	0.1925
689	0.1932
690	0.1940
691	0.1941
692	0.1943
693	0.1944
694	0.1945
695	0.1946
696	0.1948
697	0.1949
698	0.1950
699	0.1958
700	0.1966
701	0.1975
702	0.1983
703	0.1991
704	0.1999
705	0.2007
706	0.2015
707	0.2020
708	0.2024
709	0.2029
710	0.2034
711	0.2039
712	0.2043
713	0.2048
714	0.2053
715	0.2058
716	0.2063
717	0.2068
718	0.2073
719	0.2078
720	0.2084
721	0.2089
722	0.2094
723	0.2100
724	0.2107
725	0.2114
726	0.2120
727	0.2127
728	0.2134
729	0.2140
730	0.2147
731	0.2150
732	0.2153
733	0.2157
734	0.2160
735	0.2163
736	0.2167
737	0.2170
738	0.2173
739	0.2177
740	0.2182
741	0.2186
742	0.2190
743	0.2194
744	0.2198
745	0.2202
746	0.2206
747	0.2212
748	0.2218
749	0.2223
750	0.2229
751	0.2234
752	0.2240
753	0.2245
754	0.2251
755	0.2257
756	0.2262
757	0.2268
758	0.2274
759	0.2279
760	0.2285
761	0.2291
762	0.2297
763	0.2301
764	0.2304
765	0.2308
766	0.2312
767	0.2316
768	0.2319
769	0.2323
770	0.2327
771	0.2331
772	0.2334
773	0.2338
774	0.2342
775	0.2345
776	0.2349
777	0.2353
778	0.2356
779	0.2360
780	0.2363
781	0.2367
782	0.2370
783	0.2374
784	0.2378
785	0.2381
786	0.2385
787	0.2387
788	0.2390
789	0.2393
790	0.2395
791	0.2398
792	0.2401
793	0.2404
794	0.2406
795	0.2408
796	0.2410
797	0.2411
798	0.2413
799	0.2415
800	0.2417
801	0.2418
802	0.2420
803	0.2421
804	0.2423
805	0.2424
806	0.2426
807	0.2427
808	0.2429
809	0.2430
810	0.2432
811	0.2433
812	0.2433
813	0.2434
814	0.2435
815	0.2436
816	0.2437
817	0.2438
818	0.2439
819	0.2440
820	0.2441
821	0.2443
822	0.2444
823	0.2445
824	0.2446
825	0.2448
826	0.2449
827	0.2449
828	0.2450
829	0.2450
830	0.2451
831	0.2451
832	0.2451
833	0.2452
834	0.2452
835	0.2454
836	0.2456
837	0.2458
838	0.2460
839	0.2462
840	0.2464
841	0.2466
842	0.2468
843	0.2468
844	0.2468
845	0.2468
846	0.2468
847	0.2468
848	0.2468
849	0.2468
850	0.2468
851	0.2470
852	0.2472
853	0.2474
854	0.2477
855	0.2479
856	0.2481
857	0.2483
858	0.2485
859	0.2484
860	0.2484
861	0.2483
862	0.2482
863	0.2481
864	0.2480
865	0.2479
866	0.2478
867	0.2480
868	0.2482
869	0.2483
870	0.2485
871	0.2487
872	0.2489
873	0.2490
874	0.2492
875	0.2491
876	0.2490
877	0.2489
878	0.2488
879	0.2487
880	0.2486
881	0.2485
882	0.2484
883	0.2484
884	0.2484
885	0.2483
886	0.2483
887	0.2482
888	0.2482
889	0.2482
890	0.2481
891	0.2483
892	0.2484
893	0.2485
894	0.2487
895	0.2488
896	0.2490
897	0.2491
898	0.2492
899	0.2493
900	0.2493
901	0.2494
902	0.2494
903	0.2495
904	0.2495
905	0.2496
906	0.2496
907	0.2496
908	0.2496
909	0.2496
910	0.2496
911	0.2496
912	0.2496
913	0.2496
914	0.2497
915	0.2499
916	0.2501
917	0.2503
918	0.2506
919	0.2508
920	0.2510
921	0.2513
922	0.2515
923	0.2517
924	0.2520
925	0.2522
926	0.2524
927	0.2526
928	0.2529
929	0.2531
930	0.2533
931	0.2528
932	0.2522
933	0.2517
934	0.2511
935	0.2506
936	0.2500
937	0.2495
938	0.2489
939	0.2494
940	0.2499
941	0.2504
942	0.2509
943	0.2514
944	0.2519
945	0.2524
946	0.2529
947	0.2525
948	0.2520
949	0.2516
950	0.2511
951	0.2507
952	0.2502
953	0.2498
954	0.2493
955	0.2496
956	0.2499
957	0.2501
958	0.2504
959	0.2506
960	0.2509
961	0.2512
962	0.2514
963	0.2512
964	0.2509
965	0.2507
966	0.2504
967	0.2502
968	0.2499
969	0.2497
970	0.2495
971	0.2496
972	0.2497
973	0.2498
974	0.2499
975	0.2500
976	0.2501
977	0.2503
978	0.2504
979	0.2505
980	0.2507
981	0.2508
982	0.2509
983	0.2511
984	0.2512
985	0.2514
986	0.2515
987	0.2516
988	0.2516
989	0.2517
990	0.2517
991	0.2518
992	0.2518
993	0.2519
994	0.2520
995	0.2533
996	0.2546
997	0.2559
998	0.2572
999	0.2586
1000	0.2599
1001	0.2612
1002	0.2625
1003	0.2631
1004	0.2637
1005	0.2643
1006	0.2649
1007	0.2654
1008	0.2660
1009	0.2666
1010	0.2672
1011	0.2675
1012	0.2678
1013	0.2681
1014	0.2684
1015	0.2687
1016	0.2691
1017	0.2694
1018	0.2697
1019	0.2698
1020	0.2700
1021	0.2701
1022	0.2702
1023	0.2704
1024	0.2705
1025	0.2707
1026	0.2708
1027	0.2710
1028	0.2713
1029	0.2715
1030	0.2717
1031	0.2719
1032	0.2721
1033	0.2724
1034	0.2726
1035	0.2730
1036	0.2735
1037	0.2740
1038	0.2744
1039	0.2749
1040	0.2754
1041	0.2759
1042	0.2763
1043	0.2763
1044	0.2762
1045	0.2762
1046	0.2762
1047	0.2761
1048	0.2761
1049	0.2761
1050	0.2760
1051	0.2762
1052	0.2764
1053	0.2765
1054	0.2767
1055	0.2769
1056	0.2770
1057	0.2772
1058	0.2774
1059	0.2775
1060	0.2776
1061	0.2778
1062	0.2779
1063	0.2780
1064	0.2781
1065	0.2783
1066	0.2784
1067	0.2788
1068	0.2791
1069	0.2794
1070	0.2798
1071	0.2801
1072	0.2805
1073	0.2808
1074	0.2812
1075	0.2814
1076	0.2816
1077	0.2819
1078	0.2821
1079	0.2824
1080	0.2826
1081	0.2829
1082	0.2831
1083	0.2835
1084	0.2839
1085	0.2843
1086	0.2847
1087	0.2851
1088	0.2855
1089	0.2859
1090	0.2863
1091	0.2864
1092	0.2867
1093	0.2868
1094	0.2871
1095	0.2873
1096	0.2874
1097	0.2877
1098	0.2878
1099	0.2880
1100	0.2882
1101	0.2884
1102	0.2886
1103	0.2888
1104	0.2889
1105	0.2891
1106	0.2893
1107	0.2895
1108	0.2897
1109	0.2898
1110	0.2900
1111	0.2902
1112	0.2904
1113	0.2906
1114	0.2908
1115	0.2910
1116	0.2913
1117	0.2915
1118	0.2918
1119	0.2920
1120	0.2923
1121	0.2925
1122	0.2928
1123	0.2928
1124	0.2929
1125	0.2930
1126	0.2931
1127	0.2931
1128	0.2932
1129	0.2933
1130	0.2933
1131	0.2934
1132	0.2935
1133	0.2936
1134	0.2937
1135	0.2938
1136	0.2939
1137	0.2940
1138	0.2941
1139	0.2938
1140	0.2935
1141	0.2932
1142	0.2930
1143	0.2927
1144	0.2924
1145	0.2921
1146	0.2918
1147	0.2918
1148	0.2918
1149	0.2918
1150	0.2917
1151	0.2917
1152	0.2917
1153	0.2916
1154	0.2916
1155	0.2917
1156	0.2918
1157	0.2919
1158	0.2921
1159	0.2922
1160	0.2923
1161	0.2924
1162	0.2925
1163	0.2927
1164	0.2929
1165	0.2931
1166	0.2933
1167	0.2934
1168	0.2936
1169	0.2938
1170	0.2940
1171	0.2941
1172	0.2942
1173	0.2942
1174	0.2943
1175	0.2944
1176	0.2945
1177	0.2945
1178	0.2946
1179	0.2948
1180	0.2950
1181	0.2952
1182	0.2955
1183	0.2957
1184	0.2959
1185	0.2961
1186	0.2963
1187	0.2964
1188	0.2965
1189	0.2966
1190	0.2967
1191	0.2968
1192	0.2970
1193	0.2971
1194	0.2972
1195	0.2973
1196	0.2975
1197	0.2976
1198	0.2978
1199	0.2980
1200	0.2981
1201	0.2983
1202	0.2984
1203	0.2986
1204	0.2988
1205	0.2989
1206	0.2991
1207	0.2993
1208	0.2994
1209	0.2996
1210	0.2998
1211	0.3000
1212	0.3002
1213	0.3004
1214	0.3006
1215	0.3008
1216	0.3010
1217	0.3012
1218	0.3014
1219	0.3015
1220	0.3016
1221	0.3017
1222	0.3018
1223	0.3019
1224	0.3020
1225	0.3021
1226	0.3022
1227	0.3023
1228	0.3024
1229	0.3024
1230	0.3025
1231	0.3026
1232	0.3027
1233	0.3028
1234	0.3029
1235	0.3031
1236	0.3032
1237	0.3033
1238	0.3035
1239	0.3036
1240	0.3038
1241	0.3039
1242	0.3041
1243	0.3041
1244	0.3041
1245	0.3040
1246	0.3040
1247	0.3040
1248	0.3040
1249	0.3040
1250	0.3040
1251	0.3042
1252	0.3044
1253	0.3047
1254	0.3049
1255	0.3051
1256	0.3054
1257	0.3056
1258	0.3059
1259	0.3060
1260	0.3061
1261	0.3062
1262	0.3063
1263	0.3064
1264	0.3065
1265	0.3067
1266	0.3068
1267	0.3069
1268	0.3070
1269	0.3071
1270	0.3072
1271	0.3074
1272	0.3075
1273	0.3076
1274	0.3077
1275	0.3077
1276	0.3076
1277	0.3076
1278	0.3076
1279	0.3075
1280	0.3075
1281	0.3074
1282	0.3074
1283	0.3075
1284	0.3075
1285	0.3076
1286	0.3077
1287	0.3077
1288	0.3078
1289	0.3079
1290	0.3079
1291	0.3077
1292	0.3075
1293	0.3073
1294	0.3071
1295	0.3069
1296	0.3068
1297	0.3066
1298	0.3064
1299	0.3063
1300	0.3061
1301	0.3060
1302	0.3059
1303	0.3058
1304	0.3057
1305	0.3056
1306	0.3055
1307	0.3053
1308	0.3051
1309	0.3049
1310	0.3047
1311	0.3045
1312	0.3044
1313	0.3042
1314	0.3040
1315	0.3037
1316	0.3035
1317	0.3032
1318	0.3030
1319	0.3028
1320	0.3025
1321	0.3023
1322	0.3020
1323	0.3017
1324	0.3014
1325	0.3010
1326	0.3007
1327	0.3004
1328	0.3000
1329	0.2997
1330	0.2994
1331	0.2989
1332	0.2985
1333	0.2980
1334	0.2976
1335	0.2971
1336	0.2967
1337	0.2962
1338	0.2958
1339	0.2953
1340	0.2948
1341	0.2943
1342	0.2938
1343	0.2933
1344	0.2928
1345	0.2923
1346	0.2919
1347	0.2913
1348	0.2908
1349	0.2903
1350	0.2898
1351	0.2893
1352	0.2887
1353	0.2882
1354	0.2877
1355	0.2874
1356	0.2870
1357	0.2867
1358	0.2864
1359	0.2860
1360	0.2857
1361	0.2854
1362	0.2851
1363	0.2842
1364	0.2832
1365	0.2823
1366	0.2814
1367	0.2805
1368	0.2796
1369	0.2787
1370	0.2778
1371	0.2765
1372	0.2751
1373	0.2738
1374	0.2724
1375	0.2711
1376	0.2698
1377	0.2684
1378	0.2671
1379	0.2645
1380	0.2620
1381	0.2594
1382	0.2569
1383	0.2543
1384	0.2517
1385	0.2492
1386	0.2466
1387	0.2435
1388	0.2403
1389	0.2371
1390	0.2340
1391	0.2308
1392	0.2276
1393	0.2245
1394	0.2213
1395	0.2182
1396	0.2150
1397	0.2119
1398	0.2087
1399	0.2056
1400	0.2024
1401	0.1993
1402	0.1962
1403	0.1937
1404	0.1913
1405	0.1889
1406	0.1865
1407	0.1841
1408	0.1816
1409	0.1792
1410	0.1768
1411	0.1754
1412	0.1739
1413	0.1725
1414	0.1711
1415	0.1697
1416	0.1683
1417	0.1668
1418	0.1654
1419	0.1647
1420	0.1639
1421	0.1631
1422	0.1624
1423	0.1616
1424	0.1609
1425	0.1601
1426	0.1593
1427	0.1588
1428	0.1584
1429	0.1579
1430	0.1574
1431	0.1569
1432	0.1564
1433	0.1559
1434	0.1554
1435	0.1551
1436	0.1547
1437	0.1543
1438	0.1540
1439	0.1536
1440	0.1533
1441	0.1529
1442	0.1526
1443	0.1524
1444	0.1522
1445	0.1520
1446	0.1518
1447	0.1516
1448	0.1514
1449	0.1512
1450	0.1511
1451	0.1511
1452	0.1511
1453	0.1511
1454	0.1511
1455	0.1511
1456	0.1511
1457	0.1511
1458	0.1511
1459	0.1514
1460	0.1517
1461	0.1521
1462	0.1524
1463	0.1527
1464	0.1530
1465	0.1533
1466	0.1536
1467	0.1540
1468	0.1545
1469	0.1549
1470	0.1553
1471	0.1557
1472	0.1561
1473	0.1566
1474	0.1570
1475	0.1577
1476	0.1584
1477	0.1592
1478	0.1599
1479	0.1606
1480	0.1614
1481	0.1621
1482	0.1628
1483	0.1637
1484	0.1645
1485	0.1654
1486	0.1663
1487	0.1671
1488	0.1680
1489	0.1688
1490	0.1697
1491	0.1707
1492	0.1716
1493	0.1726
1494	0.1736
1495	0.1746
1496	0.1755
1497	0.1765
1498	0.1775
1499	0.1784
1500	0.1793
1501	0.1801
1502	0.1810
1503	0.1819
1504	0.1828
1505	0.1837
1506	0.1846
1507	0.1856
1508	0.1866
1509	0.1875
1510	0.1885
1511	0.1895
1512	0.1904
1513	0.1914
1514	0.1924
1515	0.1932
1516	0.1941
1517	0.1950
1518	0.1958
1519	0.1967
1520	0.1975
1521	0.1984
1522	0.1992
1523	0.2001
1524	0.2009
1525	0.2018
1526	0.2027
1527	0.2035
1528	0.2044
1529	0.2052
1530	0.2061
1531	0.2070
1532	0.2079
1533	0.2088
1534	0.2097
1535	0.2107
1536	0.2116
1537	0.2125
1538	0.2134
1539	0.2142
1540	0.2149
1541	0.2156
1542	0.2163
1543	0.2170
1544	0.2178
1545	0.2185
1546	0.2192
1547	0.2200
1548	0.2207
1549	0.2215
1550	0.2222
1551	0.2230
1552	0.2237
1553	0.2245
1554	0.2252
1555	0.2259
1556	0.2265
1557	0.2272
1558	0.2279
1559	0.2285
1560	0.2292
1561	0.2299
1562	0.2305
1563	0.2311
1564	0.2317
1565	0.2323
1566	0.2329
1567	0.2335
1568	0.2341
1569	0.2347
1570	0.2354
1571	0.2359
1572	0.2364
1573	0.2369
1574	0.2374
1575	0.2379
1576	0.2384
1577	0.2389
1578	0.2394
1579	0.2399
1580	0.2403
1581	0.2408
1582	0.2413
1583	0.2417
1584	0.2422
1585	0.2426
1586	0.2431
1587	0.2435
1588	0.2440
1589	0.2444
1590	0.2449
1591	0.2453
1592	0.2458
1593	0.2462
1594	0.2467
1595	0.2471
1596	0.2475
1597	0.2479
1598	0.2483
1599	0.2488
1600	0.2492
1601	0.2496
1602	0.2500
1603	0.2503
1604	0.2506
1605	0.2509
1606	0.2511
1607	0.2514
1608	0.2517
1609	0.2520
1610	0.2523
1611	0.2524
1612	0.2526
1613	0.2527
1614	0.2529
1615	0.2530
1616	0.2532
1617	0.2534
1618	0.2535
1619	0.2538
1620	0.2540
1621	0.2543
1622	0.2545
1623	0.2548
1624	0.2550
1625	0.2553
1626	0.2555
1627	0.2558
1628	0.2561
1629	0.2564
1630	0.2567
1631	0.2570
1632	0.2573
1633	0.2576
1634	0.2579
1635	0.2580
1636	0.2582
1637	0.2584
1638	0.2586
1639	0.2587
1640	0.2589
1641	0.2591
1642	0.2592
1643	0.2593
1644	0.2594
1645	0.2595
1646	0.2596
1647	0.2596
1648	0.2597
1649	0.2598
1650	0.2599
1651	0.2600
1652	0.2602
1653	0.2603
1654	0.2605
1655	0.2606
1656	0.2608
1657	0.2609
1658	0.2611
1659	0.2611
1660	0.2612
1661	0.2612
1662	0.2613
1663	0.2613
1664	0.2614
1665	0.2614
1666	0.2615
1667	0.2614
1668	0.2613
1669	0.2613
1670	0.2612
1671	0.2611
1672	0.2610
1673	0.2610
1674	0.2609
1675	0.2610
1676	0.2610
1677	0.2611
1678	0.2612
1679	0.2612
1680	0.2613
1681	0.2614
1682	0.2614
1683	0.2614
1684	0.2614
1685	0.2614
1686	0.2615
1687	0.2615
1688	0.2615
1689	0.2615
1690	0.2615
1691	0.2614
1692	0.2614
1693	0.2613
1694	0.2612
1695	0.2612
1696	0.2611
1697	0.2611
1698	0.2610
1699	0.2610
1700	0.2611
1701	0.2611
1702	0.2611
1703	0.2611
1704	0.2611
1705	0.2611
1706	0.2611
1707	0.2609
1708	0.2607
1709	0.2605
1710	0.2603
1711	0.2601
1712	0.2599
1713	0.2597
1714	0.2595
1715	0.2591
1716	0.2587
1717	0.2584
1718	0.2580
1719	0.2576
1720	0.2572
1721	0.2568
1722	0.2564
1723	0.2563
1724	0.2562
1725	0.2560
1726	0.2559
1727	0.2558
1728	0.2557
1729	0.2555
1730	0.2554
1731	0.2552
1732	0.2549
1733	0.2546
1734	0.2544
1735	0.2541
1736	0.2539
1737	0.2536
1738	0.2533
1739	0.2530
1740	0.2526
1741	0.2523
1742	0.2519
1743	0.2516
1744	0.2512
1745	0.2509
1746	0.2505
1747	0.2501
1748	0.2496
1749	0.2492
1750	0.2488
1751	0.2483
1752	0.2479
1753	0.2474
1754	0.2470
1755	0.2465
1756	0.2461
1757	0.2456
1758	0.2452
1759	0.2447
1760	0.2442
1761	0.2438
1762	0.2433
1763	0.2429
1764	0.2425
1765	0.2421
1766	0.2416
1767	0.2412
1768	0.2408
1769	0.2404
1770	0.2399
1771	0.2396
1772	0.2392
1773	0.2389
1774	0.2385
1775	0.2382
1776	0.2378
1777	0.2375
1778	0.2371
1779	0.2370
1780	0.2368
1781	0.2367
1782	0.2365
1783	0.2364
1784	0.2362
1785	0.2361
1786	0.2359
1787	0.2358
1788	0.2357
1789	0.2356
1790	0.2355
1791	0.2354
1792	0.2353
1793	0.2352
1794	0.2350
1795	0.2350
1796	0.2349
1797	0.2349
1798	0.2348
1799	0.2347
1800	0.2347
1801	0.2346
1802	0.2346
1803	0.2348
1804	0.2350
1805	0.2353
1806	0.2355
1807	0.2357
1808	0.2360
1809	0.2362
1810	0.2364
1811	0.2363
1812	0.2362
1813	0.2361
1814	0.2360
1815	0.2359
1816	0.2358
1817	0.2357
1818	0.2356
1819	0.2355
1820	0.2353
1821	0.2352
1822	0.2351
1823	0.2350
1824	0.2349
1825	0.2348
1826	0.2347
1827	0.2340
1828	0.2334
1829	0.2327
1830	0.2321
1831	0.2314
1832	0.2307
1833	0.2301
1834	0.2294
1835	0.2291
1836	0.2288
1837	0.2285
1838	0.2283
1839	0.2280
1840	0.2277
1841	0.2274
1842	0.2271
1843	0.2262
1844	0.2252
1845	0.2243
1846	0.2234
1847	0.2224
1848	0.2215
1849	0.2206
1850	0.2196
1851	0.2184
1852	0.2171
1853	0.2158
1854	0.2146
1855	0.2133
1856	0.2120
1857	0.2107
1858	0.2095
1859	0.2069
1860	0.2044
1861	0.2019
1862	0.1993
1863	0.1968
1864	0.1943
1865	0.1917
1866	0.1892
1867	0.1857
1868	0.1823
1869	0.1788
1870	0.1754
1871	0.1719
1872	0.1684
1873	0.1650
1874	0.1615
1875	0.1569
1876	0.1524
1877	0.1478
1878	0.1432
1879	0.1386
1880	0.1340
1881	0.1294
1882	0.1249
1883	0.1217
1884	0.1185
1885	0.1153
1886	0.1122
1887	0.1090
1888	0.1058
1889	0.1026
1890	0.0995
1891	0.0967
1892	0.0939
1893	0.0911
1894	0.0883
1895	0.0855
1896	0.0827
1897	0.0799
1898	0.0771
1899	0.0753
1900	0.0735
1901	0.0717
1902	0.0699
1903	0.0681
1904	0.0663
1905	0.0645
1906	0.0627
1907	0.0621
1908	0.0615
1909	0.0609
1910	0.0603
1911	0.0597
1912	0.0592
1913	0.0586
1914	0.0580
1915	0.0578
1916	0.0576
1917	0.0574
1918	0.0572
1919	0.0570
1920	0.0568
1921	0.0566
1922	0.0564
1923	0.0567
1924	0.0570
1925	0.0572
1926	0.0575
1927	0.0578
1928	0.0581
1929	0.0584
1930	0.0587
1931	0.0581
1932	0.0574
1933	0.0568
1934	0.0561
1935	0.0555
1936	0.0548
1937	0.0542
1938	0.0535
1939	0.0543
1940	0.0551
1941	0.0559
1942	0.0567
1943	0.0575
1944	0.0583
1945	0.0590
1946	0.0598
1947	0.0596
1948	0.0594
1949	0.0592
1950	0.0590
1951	0.0587
1952	0.0585
1953	0.0583
1954	0.0581
1955	0.0584
1956	0.0588
1957	0.0592
1958	0.0595
1959	0.0599
1960	0.0602
1961	0.0606
1962	0.0609
1963	0.0616
1964	0.0623
1965	0.0629
1966	0.0636
1967	0.0643
1968	0.0650
1969	0.0656
1970	0.0663
1971	0.0668
1972	0.0673
1973	0.0677
1974	0.0682
1975	0.0687
1976	0.0692
1977	0.0696
1978	0.0701
1979	0.0708
1980	0.0715
1981	0.0721
1982	0.0728
1983	0.0735
1984	0.0742
1985	0.0748
1986	0.0755
1987	0.0758
1988	0.0761
1989	0.0764
1990	0.0767
1991	0.0770
1992	0.0773
1993	0.0776
1994	0.0779
1995	0.0782
1996	0.0785
1997	0.0787
1998	0.0790
1999	0.0793
2000	0.0796
2001	0.0799
2002	0.0806
2003	0.0813
2004	0.0821
2005	0.0828
2006	0.0835
2007	0.0842
2008	0.0850
2009	0.0857
2010	0.0861
2011	0.0865
2012	0.0869
2013	0.0873
2014	0.0877
2015	0.0882
2016	0.0886
2017	0.0890
2018	0.0893
2019	0.0897
2020	0.0901
2021	0.0904
2022	0.0908
2023	0.0912
2024	0.0916
2025	0.0919
2026	0.0932
2027	0.0946
2028	0.0959
2029	0.0972
2030	0.0985
2031	0.0998
2032	0.1011
2033	0.1025
2034	0.1030
2035	0.1036
2036	0.1041
2037	0.1047
2038	0.1052
2039	0.1058
2040	0.1063
2041	0.1069
2042	0.1070
2043	0.1071
2044	0.1073
2045	0.1074
2046	0.1076
2047	0.1077
2048	0.1079
2049	0.1080
2050	0.1081
2051	0.1086
2052	0.1091
2053	0.1096
2054	0.1100
2055	0.1105
2056	0.1110
2057	0.1115
2058	0.1119
2059	0.1128
2060	0.1136
2061	0.1145
2062	0.1153
2063	0.1161
2064	0.1170
2065	0.1178
2066	0.1187
2067	0.1192
2068	0.1198
2069	0.1204
2070	0.1209
2071	0.1215
2072	0.1221
2073	0.1227
2074	0.1232
2075	0.1240
2076	0.1248
2077	0.1256
2078	0.1264
2079	0.1272
2080	0.1280
2081	0.1287
2082	0.1295
2083	0.1298
2084	0.1302
2085	0.1305
2086	0.1308
2087	0.1312
2088	0.1315
2089	0.1318
2090	0.1321
2091	0.1324
2092	0.1327
2093	0.1330
2094	0.1333
2095	0.1336
2096	0.1338
2097	0.1341
2098	0.1344
2099	0.1353
2100	0.1361
2101	0.1370
2102	0.1379
2103	0.1388
2104	0.1396
2105	0.1405
2106	0.1414
2107	0.1415
2108	0.1417
2109	0.1419
2110	0.1420
2111	0.1422
2112	0.1423
2113	0.1425
2114	0.1426
2115	0.1428
2116	0.1430
2117	0.1432
2118	0.1434
2119	0.1435
2120	0.1437
2121	0.1439
2122	0.1441
2123	0.1450
2124	0.1459
2125	0.1468
2126	0.1477
2127	0.1486
2128	0.1495
2129	0.1504
2130	0.1513
2131	0.1519
2132	0.1526
2133	0.1533
2134	0.1539
2135	0.1546
2136	0.1552
2137	0.1559
2138	0.1566
2139	0.1570
2140	0.1574
2141	0.1578
2142	0.1582
2143	0.1586
2144	0.1589
2145	0.1593
2146	0.1597
2147	0.1606
2148	0.1614
2149	0.1622
2150	0.1630
2151	0.1638
2152	0.1646
2153	0.1654
2154	0.1662
2155	0.1657
2156	0.1653
2157	0.1648
2158	0.1643
2159	0.1638
2160	0.1633
2161	0.1628
2162	0.1623
2163	0.1624
2164	0.1625
2165	0.1626
2166	0.1626
2167	0.1627
2168	0.1628
2169	0.1629
2170	0.1630
2171	0.1631
2172	0.1631
2173	0.1632
2174	0.1633
2175	0.1634
2176	0.1635
2177	0.1635
2178	0.1636
2179	0.1634
2180	0.1632
2181	0.1631
2182	0.1629
2183	0.1627
2184	0.1625
2185	0.1623
2186	0.1621
2187	0.1625
2188	0.1629
2189	0.1632
2190	0.1636
2191	0.1640
2192	0.1643
2193	0.1647
2194	0.1651
2195	0.1641
2196	0.1632
2197	0.1622
2198	0.1613
2199	0.1603
2200	0.1593
2201	0.1584
2202	0.1574
2203	0.1581
2204	0.1587
2205	0.1594
2206	0.1600
2207	0.1607
2208	0.1613
2209	0.1620
2210	0.1626
2211	0.1621
2212	0.1617
2213	0.1612
2214	0.1607
2215	0.1603
2216	0.1598
2217	0.1593
2218	0.1588
2219	0.1589
2220	0.1591
2221	0.1592
2222	0.1593
2223	0.1594
2224	0.1595
2225	0.1596
2226	0.1597
2227	0.1609
2228	0.1620
2229	0.1632
2230	0.1644
2231	0.1656
2232	0.1667
2233	0.1679
2234	0.1691
2235	0.1692
2236	0.1692
2237	0.1693
2238	0.1694
2239	0.1695
2240	0.1696
2241	0.1697
2242	0.1698
2243	0.1687
2244	0.1677
2245	0.1666
2246	0.1656
2247	0.1645
2248	0.1634
2249	0.1624
2250	0.1613
2251	0.1613
2252	0.1613
2253	0.1613
2254	0.1613
2255	0.1612
2256	0.1612
2257	0.1612
2258	0.1612
2259	0.1610
2260	0.1609
2261	0.1607
2262	0.1606
2263	0.1604
2264	0.1603
2265	0.1601
2266	0.1600
2267	0.1593
2268	0.1585
2269	0.1578
2270	0.1571
2271	0.1564
2272	0.1557
2273	0.1550
2274	0.1543
2275	0.1542
2276	0.1542
2277	0.1541
2278	0.1540
2279	0.1540
2280	0.1539
2281	0.1538
2282	0.1538
2283	0.1541
2284	0.1544
2285	0.1548
2286	0.1551
2287	0.1554
2288	0.1558
2289	0.1561
2290	0.1564
2291	0.1552
2292	0.1540
2293	0.1528
2294	0.1516
2295	0.1504
2296	0.1492
2297	0.1480
2298	0.1467
