ParcelaFecha,Parcela,Fecha,Campana,FactorN,N,FactorW,FactorNW,N_all,Biomasa_all,Ncontent_all,NNI_ajusted,NNI_justes,Biomasa_Tallo,N_Tallo,N_content_Tallo,Biomasa_Espigas,N_Espigas,Ncontent_Espigas,Yield,Grain_Nporcent,Grain_Ncontent,Conductance,sigma0_VH_s1a,sigma0_VV_s1a,sigma0_VH_s1b,sigma0_VV_s1b,VV_VH_s1a,VV_VH_s1b,B2,B3,B4,B8,B5,B6,B7,B8A,B11,B12,temp,Chl,Flav,Anth,NBI
1020180322,10,20180322,2018,N2,136,irrigated,N2,3.5288,2.463,8.6914344,1.233906029,0.98242755,2463,3.5288,86.914344,0,0,0,7750.492864,1.878,145.554256,208.85,#N/A,#N/A,#N/A,#N/A,#N/A,#N/A,0.0001,0.0248,0.0084,0.4222,0.0606,0.2959,0.409,0.4223,0.1324,0.0687,16.67357143,42.13,1.351642857,0.151454545,31.58785714
1020180419,10,20180419,2018,N2,136,irrigated,N2,1.8053,9.26074391,16.71842098,1.196787571,0.90251219,9260.74391,1.8053,167.1842098,0,0,0,7750.492864,1.878,145.554256,327.2,#N/A,#N/A,#N/A,#N/A,#N/A,#N/A,0.007,0.0281,0.0118,0.4453,0.0599,0.2908,0.419,0.4374,0.1273,0.0638,24.49333333,36.88466667,1.536866667,0.129066667,24.29866667
1020180515,10,20180515,2018,N2,136,irrigated,N2_irri,1.213050298,13.48431469,16.35715195,0.964192809,0.715994014,10548.2327,1.07055,112.9241051,2936.081993,1.725,50.64741438,7750.492864,1.878,145.554256,#N/A,0.006674797,0.03129638,0.006627946,0.022675964,4.688738799,3.421265447,0.0196,0.0385,0.0237,0.4515,0.0746,0.2844,0.3976,0.4334,0.1531,0.0813,29.85933333,44.25353333,1.525866667,0.112533333,29.618
1020190311,10,20190311,2019,N2,149,rainfed,N2,3.4214,1.251,4.2801714,0.862495549,0.706053808,1251,3.4214,42.801714,0,0,0,4824.293937,2.2118,106.7037333,#N/A,#N/A,#N/A,#N/A,#N/A,#N/A,#N/A,0.0523,0.0923,0.082,0.4666,#N/A,#N/A,#N/A,#N/A,#N/A,#N/A,22.993125,40.05675,1.49825,0.1496875,27.3975
1020190412,10,20190412,2019,N2,149,rainfed,N2,#N/A,#N/A,#N/A,#N/A,#N/A,#N/A,2.1018,#N/A,0,0,0,4824.293937,2.2118,106.7037333,#N/A,#N/A,#N/A,#N/A,#N/A,#N/A,#N/A,0.0215,0.04605,0.03385,0.4571,#N/A,#N/A,#N/A,#N/A,#N/A,#N/A,16.24416667,42.21091667,1.540833333,0.1345,27.76916667
1020190516,10,20190516,2019,N2,149,rainfed,N2_rain,1.22426592,10.86948667,13.3071421,0.876884623,0.656941006,8076.637031,1.02257,82.58926729,2792.849642,1.80755,50.4821537,4824.293937,2.2118,106.7037333,151.4333333,0.013803421,0.040922891,0.008868598,0.04300772,2.964691955,4.849438257,0.03045,0.06035,0.061275,0.39565,#N/A,#N/A,#N/A,#N/A,#N/A,#N/A,27.01133333,38.49586667,1.479333333,0.119266667,25.84133333
1120180322,11,20180322,2018,N1,86,irrigated,N1,3.6123,3.0816,11.13166368,1.407474314,1.110373628,3081.6,3.6123,111.3166368,0,0,0,5752.468818,1.56,89.73851356,167.85,#N/A,#N/A,#N/A,#N/A,#N/A,#N/A,0.0001,0.0298,0.0148,0.41175,0.0775,0.2935,0.3788,0.3998,0.146,0.0778,15.95533333,33.9528,1.601642857,0.172153846,21.76928571
1120180419,11,20180419,2018,N1,86,irrigated,N1,2.2273,6.980097011,15.54677007,1.28807613,0.982679055,6980.097011,2.2273,155.4677007,0,0,0,5752.468818,1.56,89.73851356,270.9,#N/A,#N/A,#N/A,#N/A,#N/A,#N/A,0.01005,0.03095,0.01575,0.383,0.0605,0.2749,0.3789,0.3917,0.1333,0.072,25.64733333,30.7936,1.6384,0.1626,18.90133333
1120180515,11,20180515,2018,N1,86,irrigated,N1_irri,1.220496128,15.58517277,19.02164302,1.040384443,0.767999895,12289.32757,1.0897,133.9168025,3295.845196,1.7082,56.29962765,5752.468818,1.56,89.73851356,#N/A,0.004224225,0.038420495,0.010401336,0.028137049,9.095275675,2.705137823,0.0285,0.04925,0.03425,0.41915,0.0897,0.2833,0.395,0.4225,0.1641,0.0912,29.39,40.1886,1.534571429,0.1214,27.21357143
1120190311,11,20190311,2019,N1,99,rainfed,N1,#N/A,#N/A,#N/A,#N/A,#N/A,#N/A,3.7388,#N/A,0,0,0,4559.684911,1.9272,87.8742476,#N/A,#N/A,#N/A,#N/A,#N/A,#N/A,#N/A,0.045525,0.0827,0.0673,0.464275,#N/A,#N/A,#N/A,#N/A,#N/A,#N/A,23.31352941,37.65,1.442470588,0.155176471,26.09823529
1120190412,11,20190412,2019,N1,99,rainfed,N1,#N/A,#N/A,#N/A,#N/A,#N/A,#N/A,2.1216,#N/A,0,0,0,4559.684911,1.9272,87.8742476,#N/A,#N/A,#N/A,#N/A,#N/A,#N/A,#N/A,0.023275,0.04865,0.037925,0.4361,#N/A,#N/A,#N/A,#N/A,#N/A,#N/A,15.30833333,41.18591667,1.621916667,0.14,25.50416667
1120190516,11,20190516,2019,N1,99,rainfed,N1_rain,1.241644778,10.64938925,13.22275856,0.880588334,0.660269297,7613.895566,1.03435,78.75432878,3035.493686,1.7616,53.47325677,4559.684911,1.9272,87.8742476,216.9666667,0.025477828,0.046957389,0.006992457,0.051431689,1.843068714,7.355310596,0.029325,0.057225,0.056775,0.38535,#N/A,#N/A,#N/A,#N/A,#N/A,#N/A,26.34058824,22.804,1.439529412,0.150294118,15.80705882
120180322,1,20180322,2018,N2,136,irrigated,N2,3.15755,1.6614,5.24595357,0.912886971,0.738662503,1661.4,3.15755,52.4595357,0,0,0,7762.545798,1.896,147.1778683,134.35,#N/A,#N/A,#N/A,#N/A,#N/A,#N/A,0.0001,0.0264,0.01015,0.4472,#N/A,#N/A,#N/A,#N/A,#N/A,#N/A,12.294,41.56393333,1.269466667,0.1416,33.406
120180419,1,20180419,2018,N2,136,irrigated,N2,1.64585,6.7557176,11.11889781,0.936913099,0.715733372,6755.7176,1.64585,111.1889781,0,0,0,7762.545798,1.896,147.1778683,306,#N/A,#N/A,#N/A,#N/A,#N/A,#N/A,0.00955,0.02945,0.0139,0.48585,#N/A,#N/A,#N/A,#N/A,#N/A,#N/A,26.32933333,34.38133333,1.506866667,0.131466667,23.116
120180515,1,20180515,2018,N2,136,irrigated,N2_irri,1.007398034,13.92171348,14.02470679,0.813171969,0.60305856,10863.02973,0.84482,91.77304774,3058.683756,1.5848,48.47402016,7762.545798,1.896,147.1778683,#N/A,0.003491735,0.028506689,0.006669434,0.033152847,8.164047106,4.970863225,0.025,0.04305,0.02795,0.4901,#N/A,#N/A,#N/A,#N/A,#N/A,#N/A,29.61666667,43.1244,1.448933333,0.100466667,29.84866667
120190311,1,20190311,2019,N2,149,rainfed,N2,3.7735,1.2078,4.5576333,0.935245618,0.766712199,1207.8,3.7735,45.576333,0,0,0,4640.04362,2.2476,104.2896204,#N/A,#N/A,#N/A,#N/A,#N/A,#N/A,#N/A,0.03775,0.071325,0.0622,0.422025,#N/A,#N/A,#N/A,#N/A,#N/A,#N/A,23.1,38.47373333,1.572,0.1374,24.90733333
120190412,1,20190412,2019,N2,149,rainfed,N2,2.0635,7.8864,16.2735864,1.265827903,0.960884352,7886.4,2.0635,162.735864,0,0,0,4640.04362,2.2476,104.2896204,#N/A,#N/A,#N/A,#N/A,#N/A,#N/A,#N/A,0.02075,0.0456,0.03545,0.41415,#N/A,#N/A,#N/A,#N/A,#N/A,#N/A,17.79,35.08525,1.757916667,0.1745,19.99
120190516,1,20190516,2019,N2,149,rainfed,N2_rain,1.295757828,9.3484,12.11326248,0.86291433,0.650482983,6661.6,1.0677,71.1259032,2686.8,1.8612,50.0067216,4640.04362,2.2476,104.2896204,210.3666667,0.01531172,0.04248834,0.012288205,0.046344008,2.77489013,3.771422032,0.0271,0.056825,0.059325,0.35155,#N/A,#N/A,#N/A,#N/A,#N/A,#N/A,25.816,24.89013333,1.713066667,0.155933333,14.46
1220180322,12,20180322,2018,N3,186,irrigated,N3,4.08475,2.9756,12.1545821,1.564875243,1.236322151,2975.6,4.08475,121.545821,0,0,0,7332.640954,2.2164,162.5206541,212.45,#N/A,#N/A,#N/A,#N/A,#N/A,#N/A,0.0058,0.04115,0.02905,0.4061,0.0613,0.3021,0.4098,0.4414,0.1439,0.077,14.068,44.75013333,1.351733333,0.139583333,34.26
1220180419,12,20180419,2018,N3,186,irrigated,N3,2.54615,6.878564089,17.51385595,1.462086771,1.116102872,6878.564089,2.54615,175.1385595,0,0,0,7332.640954,2.2164,162.5206541,380.4,#N/A,#N/A,#N/A,#N/A,#N/A,#N/A,0.0102,0.0295,0.0151,0.4273,0.0581,0.2932,0.4124,0.4465,0.1362,0.0714,28.12066667,39.95433333,1.620733333,0.130333333,24.732
1220180515,12,20180515,2018,N3,186,irrigated,N3_irri,1.461638532,12.54009503,18.32908608,1.121752416,0.835478286,9595.704155,1.3852,132.919694,2944.390874,1.71075,50.37116687,7332.640954,2.2164,162.5206541,#N/A,0.006039031,0.032516157,0.009936311,0.036615558,5.384333897,3.68502525,0.02995,0.0518,0.0405,0.4313,0.0912,0.285,0.3901,0.4434,0.1674,0.0928,31.148,39.69106667,1.5452,0.125666667,26.24066667
1220190311,12,20190311,2019,N3,199,rainfed,N3,3.78105,1.698,6.4202229,1.104714497,0.893081505,1698,3.78105,64.202229,0,0,0,4428.775852,2.767,122.5442278,#N/A,#N/A,#N/A,#N/A,#N/A,#N/A,#N/A,0.046275,0.0822,0.0681,0.4765,#N/A,#N/A,#N/A,#N/A,#N/A,#N/A,24.44846154,39.68561538,1.549846154,0.150461538,26.04307692
1220190412,12,20190412,2019,N3,199,rainfed,N3,2.0476,8.1732,16.73544432,1.277933481,0.968653961,8173.2,2.0476,167.3544432,0,0,0,4428.775852,2.767,122.5442278,#N/A,#N/A,#N/A,#N/A,#N/A,#N/A,#N/A,0.0204,0.042525,0.0337,0.4432,#N/A,#N/A,#N/A,#N/A,#N/A,#N/A,16.35083333,34.60325,1.67825,0.170083333,20.67833333
1220190516,12,20190516,2019,N3,199,rainfed,N3_rain,1.648815462,10.91228298,17.99234091,1.183213256,0.886292294,7863.642564,1.54275,121.3163457,3048.640419,1.9224,58.60706341,4428.775852,2.767,122.5442278,146.75,0.020040927,0.044110123,0.006837965,0.036547046,2.201002083,5.344725909,0.0251,0.0502,0.04625,0.397275,#N/A,#N/A,#N/A,#N/A,#N/A,#N/A,25.572,26.23713333,1.685733333,0.1488,15.562
1320180322,13,20180322,2018,N3,186,irrigated,N3,4.355,3.4084,14.843582,1.781508131,1.399657332,3408.4,4.355,148.43582,0,0,0,6634.560121,2.1796,144.6068724,260.55,#N/A,#N/A,#N/A,#N/A,#N/A,#N/A,0.0001,0.0257,0.0086,0.44295,0.0748,0.3069,0.3957,0.42,0.1499,0.0768,13.676,43.082,1.288866667,0.154733333,34.636
1320180419,13,20180419,2018,N3,186,irrigated,N3,2.6204,7.763353788,20.34309227,1.595288267,1.21175727,7763.353788,2.6204,203.4309227,0,0,0,6634.560121,2.1796,144.6068724,313.7,#N/A,#N/A,#N/A,#N/A,#N/A,#N/A,0.0085,0.0303,0.0141,0.43815,0.0677,0.2821,0.3869,0.4049,0.1356,0.0732,27.52466667,40.39886667,1.530466667,0.127866667,26.83933333
1320180515,13,20180515,2018,N3,186,irrigated,N3_irri,1.207998636,14.49145602,17.5056591,0.994171437,0.736078573,11241.45733,1.07709,121.0806127,3249.998691,1.6608,53.97597825,6634.560121,2.1796,144.6068724,#N/A,0.008453862,0.033364853,0.005989461,0.030786136,3.946699693,5.140051017,0.025,0.04745,0.03265,0.4375,0.0928,0.2875,0.3852,0.4308,0.1737,0.0936,30.488,43.3612,1.452666667,0.106,30.13466667
1320190311,13,20190311,2019,N3,199,rainfed,N3,3.54495,1.6496,5.84774952,1.021366788,0.826680502,1649.6,3.54495,58.4774952,0,0,0,4128.653026,2.3165,95.64024735,#N/A,#N/A,#N/A,#N/A,#N/A,#N/A,#N/A,0.054725,0.092375,0.08265,0.457775,#N/A,#N/A,#N/A,#N/A,#N/A,#N/A,23.72866667,35.9828,1.440866667,0.149066667,24.87933333
1320190412,13,20190412,2019,N3,199,rainfed,N3,1.9983,7.79482,15.57638881,1.218935599,0.925731834,7794.82,1.9983,155.7638881,0,0,0,4128.653026,2.3165,95.64024735,#N/A,#N/A,#N/A,#N/A,#N/A,#N/A,#N/A,0.026475,0.0527,0.044425,0.4381,#N/A,#N/A,#N/A,#N/A,#N/A,#N/A,16.85166667,42.29491667,1.623583333,0.14525,26.29083333
1320190516,13,20190516,2019,N3,199,rainfed,N3_rain,1.490441284,10.273287,15.31173107,1.038839017,0.780075528,7047.220676,1.379014,97.18215973,3226.066325,1.73385,55.93515098,4128.653026,2.3165,95.64024735,103.5,0.012212187,0.055500295,0.010645957,0.055044241,4.544664668,5.170436311,0.04615,0.083425,0.089825,0.375925,#N/A,#N/A,#N/A,#N/A,#N/A,#N/A,25.94466667,39.2424,1.473733333,0.1038,26.98933333
1420180322,14,20180322,2018,N0,36,irrigated,N0,2.70375,1.4874,4.02155775,0.741014796,0.60231798,1487.4,2.70375,40.2155775,0,0,0,4340.236043,1.4505,62.95512381,89.25,#N/A,#N/A,#N/A,#N/A,#N/A,#N/A,0.013325,0.059075,0.048775,0.37435,0.11,0.2979,0.3559,0.3834,0.1787,0.105,13.24066667,34.44646667,1.5592,0.192466667,22.21
1420180419,14,20180419,2018,N0,36,irrigated,N0,1.180265,3.677857848,4.340846893,0.500886833,0.392300363,3677.857848,1.180265,43.40846893,0,0,0,4340.236043,1.4505,62.95512381,156.8,#N/A,#N/A,#N/A,#N/A,#N/A,#N/A,0.019425,0.04985,0.039025,0.324225,0.0905,0.2552,0.3036,0.3332,0.1525,0.0902,26.84133333,22.51813333,1.827533333,0.204333333,12.32466667
1420180515,14,20180515,2018,N0,36,irrigated,N0_irri,0.729593541,9.384029958,6.846527643,0.486768856,0.366879383,7477.24063,0.53693,40.14754812,1906.789328,1.4851,28.31772831,4340.236043,1.4505,62.95512381,#N/A,0.01039347,0.021463121,0.008518801,0.034959201,2.065058361,4.103770059,0.036725,0.07105,0.0582,0.37385,0.1244,0.2822,0.3449,0.3862,0.1929,0.1139,28.822,32.07933333,1.778,0.155076923,18.172
1420190311,14,20190311,2019,N0,57,rainfed,N0,2.6441,1.4972,3.95874652,0.726968778,0.590741898,1497.2,2.6441,39.5874652,0,0,0,3602.071581,1.69,60.87500972,#N/A,#N/A,#N/A,#N/A,#N/A,#N/A,#N/A,0.04205,0.080675,0.06775,0.4258,0.1344,0.3449,0.4131,0.4358,0.2654,0.1542,23.856,34.553,1.597066667,0.160666667,21.71133333
1420190412,14,20190412,2019,N0,57,rainfed,N0,1.3586,3.5672,4.84639792,0.568124481,0.445519344,3567.2,1.3586,48.4639792,0,0,0,3602.071581,1.69,60.87500972,#N/A,#N/A,#N/A,#N/A,#N/A,#N/A,#N/A,0.0321,0.0639,0.058625,0.3769,0.1171,0.2957,0.3536,0.3828,0.1934,0.1192,17.3075,43.24375,1.615166667,0.13925,26.8
1420190516,14,20190516,2019,N0,57,rainfed,N0_rain,0.931111811,6.823739081,6.353664055,0.532613771,0.406711039,4647.18119,0.66462,30.88609563,2176.557891,1.5001,32.65054492,3602.071581,1.69,60.87500972,121.9666667,0.013188864,0.044224413,0.012085556,0.043140203,3.353163269,3.569567058,0.057325,0.098525,0.113925,0.3411,0.1777,0.2709,0.3132,0.3508,0.2759,0.1976,26.21266667,33.5776,1.349866667,0.103533333,24.71666667
1520180322,15,20180322,2018,N1,86,irrigated,N1,3.2154,2.0352,6.54398208,1.025344874,0.822783476,2035.2,3.2154,65.4398208,0,0,0,5416.887307,1.4883,80.61953379,176.8,#N/A,#N/A,#N/A,#N/A,#N/A,#N/A,0.0082,0.0488,0.0373,0.4026,0.1005,0.3119,0.3855,0.3951,0.1771,0.0995,14.452,33.378,1.597571429,0.193615385,20.93142857
1520180419,15,20180419,2018,N1,86,irrigated,N1,1.1933,5.721646084,6.827640272,0.626916947,0.482192151,5721.646084,1.1933,68.27640272,0,0,0,5416.887307,1.4883,80.61953379,299.1,#N/A,#N/A,#N/A,#N/A,#N/A,#N/A,0.0149,0.0427,0.0302,0.3499,0.0838,0.2698,0.3499,0.3536,0.1514,0.084,28.61133333,29.932,1.686866667,0.173266667,17.812
1520180515,15,20180515,2018,N1,86,irrigated,N1_irri,0.755030267,9.957410595,7.518146382,0.518378298,0.389754641,7697.16967,0.577545,44.45461857,2260.240924,1.35945,30.72684525,5416.887307,1.4883,80.61953379,#N/A,0.007466147,0.033165012,0.007209596,0.043046847,4.442051666,5.970770851,0.0369,0.0673,0.0563,0.3893,0.1186,0.2927,0.3696,0.403,0.1995,0.1179,31.19466667,32.19246667,1.778066667,0.147333333,18.20866667
1520190311,15,20190311,2019,N1,99,rainfed,N1,3.153,1.9066,6.0115098,0.974242526,0.783871594,1906.6,3.153,60.115098,0,0,0,3878.516218,1.8351,71.17465111,#N/A,#N/A,#N/A,#N/A,#N/A,#N/A,#N/A,0.0442,0.08255,0.0714,0.439025,#N/A,#N/A,#N/A,#N/A,#N/A,#N/A,23.844,31.35926667,1.548333333,0.176666667,20.21666667
1520190412,15,20190412,2019,N1,99,rainfed,N1,1.5243,4.54784,6.932272512,0.716750626,0.556501778,4547.84,1.5243,69.32272512,0,0,0,3878.516218,1.8351,71.17465111,#N/A,#N/A,#N/A,#N/A,#N/A,#N/A,#N/A,0.031975,0.06215,0.057725,0.38265,#N/A,#N/A,#N/A,#N/A,#N/A,#N/A,16.99416667,36.09483333,1.58675,0.168416667,22.90333333
1520190516,15,20190516,2019,N1,99,rainfed,N1_rain,1.152397552,8.3992,9.67921752,0.728764107,0.551774603,5508.8,0.786925,43.3501244,2890.4,1.84895,53.4420508,3878.516218,1.8351,71.17465111,123.8,0.012998259,0.053070804,0.016505508,0.03386797,4.082916293,2.051919312,0.05575,0.097875,0.1157,0.339775,#N/A,#N/A,#N/A,#N/A,#N/A,#N/A,25.5575,30.045,1.6025625,0.137625,18.94125
1620180322,16,20180322,2018,N0,36,irrigated,N0,2.4092,1.4974,3.60753608,0.662428115,0.538292579,1497.4,2.4092,36.0753608,0,0,0,3823.707684,1.4183,54.23164609,110.25,#N/A,#N/A,#N/A,#N/A,#N/A,#N/A,0.02765,0.079175,0.073625,0.383175,0.1474,0.3133,0.3628,0.3812,0.2152,0.1356,16.07266667,31.5648,1.663666667,0.189285714,19.14666667
1620180419,16,20180419,2018,N0,36,irrigated,N0,1.04771,4.733695609,4.959540226,0.502273862,0.389337156,4733.695609,1.04771,49.59540226,0,0,0,3823.707684,1.4183,54.23164609,244.6,#N/A,#N/A,#N/A,#N/A,#N/A,#N/A,0.03065,0.064025,0.0545,0.32235,0.1185,0.2575,0.2982,0.3221,0.1774,0.11,28.16333333,22.68493333,1.815466667,0.2418,12.49666667
1620180515,16,20180515,2018,N0,36,irrigated,N0_irri,0.658375998,8.478366324,5.581952894,0.418240902,0.316544076,6686.84761,0.457365,30.58330057,1791.518714,1.40865,25.23622837,3823.707684,1.4183,54.23164609,#N/A,0.007967686,0.02964907,0.008951109,0.032595493,3.721164274,3.641503333,0.050775,0.0875,0.084225,0.375175,0.1606,0.2972,0.3475,0.375,0.2358,0.1505,31.38733333,25.2018,1.7804,0.1866,14.21266667
1620190311,16,20190311,2019,N0,57,rainfed,N0,3.006,1.8946,5.6951676,0.92599294,0.745243066,1894.6,3.006,56.951676,0,0,0,3998.695766,1.52,60.78017565,#N/A,#N/A,#N/A,#N/A,#N/A,#N/A,#N/A,0.04665,0.0838,0.06795,0.453025,#N/A,#N/A,#N/A,#N/A,#N/A,#N/A,22.85642857,32.97507143,1.623857143,0.171714286,20.23142857
1620190412,16,20190412,2019,N0,57,rainfed,N0,1.80435,3.95925,7.143872738,0.79349749,0.619600722,3959.25,1.80435,71.43872738,0,0,0,3998.695766,1.52,60.78017565,#N/A,#N/A,#N/A,#N/A,#N/A,#N/A,#N/A,0.031825,0.062075,0.053775,0.39035,#N/A,#N/A,#N/A,#N/A,#N/A,#N/A,16.48416667,41.84075,1.6315,0.137583333,25.80083333
1620190516,16,20190516,2019,N0,57,rainfed,N0_rain,0.953294369,6.3288,6.0332094,0.525827119,0.402770164,4333.2,0.6346,27.4984872,1995.6,1.6453,32.8336068,3998.695766,1.52,60.78017565,142.8333333,0.015202876,0.066999093,0.013863884,0.030213956,4.407001143,2.179328389,0.057025,0.0949,0.11115,0.343825,#N/A,#N/A,#N/A,#N/A,#N/A,#N/A,25.15666667,32.861,1.635333333,0.13,20.12666667
1720180322,17,20180322,2018,N0,36,rainfed,N0,2.07745,2.303,4.78436735,0.703228208,0.561449525,2303,2.07745,47.8436735,0,0,0,4206.254987,1.4391,60.53221551,90.6,#N/A,#N/A,#N/A,#N/A,#N/A,#N/A,0.0092,0.04605,0.03865,0.3521,#N/A,#N/A,#N/A,#N/A,#N/A,#N/A,14.798,31.54633333,1.657533333,0.186466667,19.118
1720180419,17,20180419,2018,N0,36,rainfed,N0,0.932665,5.178787642,4.830073976,0.466955595,0.360629059,5178.787642,0.932665,48.30073976,0,0,0,4206.254987,1.4391,60.53221551,273.8,#N/A,#N/A,#N/A,#N/A,#N/A,#N/A,0.0202,0.0494,0.0409,0.29945,#N/A,#N/A,#N/A,#N/A,#N/A,#N/A,22.462,28.68266667,1.759,0.196266667,16.35266667
1720180515,17,20180515,2018,N0,36,rainfed,N0_rain,0.654494984,7.864262981,5.147120675,0.400946919,0.304392108,6107.391624,0.43994,26.86885871,1756.871357,1.40035,24.60234804,4206.254987,1.4391,60.53221551,#N/A,0.014467561,0.048236959,0.011613514,0.07469856,3.33414583,6.432037553,0.03485,0.0652,0.0513,0.3292,#N/A,#N/A,#N/A,#N/A,#N/A,#N/A,25.874,26.868,1.7722,0.1758,15.226
1720190311,17,20190311,2019,N0,57,irrigated,N0,3.20115,1.4034,4.49249391,0.853045913,0.695034646,1403.4,3.20115,44.9249391,0,0,0,3759.784513,1.6,60.15655221,#N/A,#N/A,#N/A,#N/A,#N/A,#N/A,#N/A,0.04195,0.07595,0.06805,0.39845,0.1186,0.3132,0.3838,0.4024,0.2642,0.158,17.21625,43.04975,1.502375,0.14575,29.25375
1720190412,17,20190412,2019,N0,57,irrigated,N0,1.5415,4.315443665,6.65225641,0.706705633,0.54988389,4315.443665,1.5415,66.5225641,0,0,0,3759.784513,1.6,60.15655221,#N/A,#N/A,#N/A,#N/A,#N/A,#N/A,#N/A,0.029525,0.0556,0.047775,0.37905,0.0971,0.2766,0.3562,0.3817,0.1927,0.1183,13.31181818,38.44454545,1.612727273,0.156363636,24.05545455
1720190516,17,20190516,2019,N0,57,irrigated,N0_irri,0.925041733,6.906920972,6.389190147,0.532247296,0.40622934,4883.66188,0.683755,33.39228229,2023.259092,1.50745,30.49961918,3759.784513,1.6,60.15655221,210.7666667,0.012253011,0.039853616,0.007012943,0.056603394,3.252557011,8.071275106,0.03215,0.06215,0.0573,0.370275,0.1047,0.2698,0.3488,0.3748,0.2137,0.1367,20.87928571,46.15042857,1.656428571,0.116571429,28.39571429
1820180322,18,20180322,2018,N2,136,rainfed,N2,2.9224,3.309,9.6702216,1.17850364,0.927025858,3309,2.9224,96.702216,0,0,0,6714.770402,1.6805,112.8417166,199.55,#N/A,#N/A,#N/A,#N/A,#N/A,#N/A,0.0001,0.0294,0.01745,0.4017,0.0776,0.292,0.3666,0.3922,0.1628,0.0952,15.42733333,41.219,1.3866,0.1464,30.396
1820180419,18,20180419,2018,N2,136,rainfed,N2,1.56955,8.749667009,13.73303985,1.01235957,0.765211745,8749.667009,1.56955,137.3303985,0,0,0,6714.770402,1.6805,112.8417166,316.7,#N/A,#N/A,#N/A,#N/A,#N/A,#N/A,0.0105,0.03465,0.0214,0.38175,0.0703,0.2739,0.3623,0.379,0.1406,0.0819,24.28733333,36.7318,1.626466667,0.149133333,22.878
1820180515,18,20180515,2018,N2,136,rainfed,N2_rain,1.14184483,12.75373315,14.56278426,0.883502228,0.657574564,9770.38373,0.97117,94.88703567,2983.349419,1.7008,50.74080691,6714.770402,1.6805,112.8417166,#N/A,0.016325412,0.034275993,0.008247059,0.060833078,2.099548427,7.376336106,0.029,0.05285,0.03275,0.4143,0.089,0.2926,0.3831,0.4103,0.1686,0.0916,26.23333333,34.7478,1.621,0.124333333,21.47214286
1820190311,18,20190311,2019,N2,149,irrigated,N2,3.87545,1.3676,5.30006542,1.019924702,0.831883049,1367.6,3.87545,53.0006542,0,0,0,4613.008862,2.2666,104.5584589,#N/A,#N/A,#N/A,#N/A,#N/A,#N/A,#N/A,0.03915,0.072525,0.061125,0.42005,0.118,0.3274,0.3992,0.4199,0.2586,0.1485,18.39266667,38.03833333,1.482666667,0.170733333,25.85666667
1820190412,18,20190412,2019,N2,149,irrigated,N2,1.8888,5.8481,11.04589128,1.002840462,0.770642098,5848.1,1.8888,110.4589128,0,0,0,4613.008862,2.2666,104.5584589,#N/A,#N/A,#N/A,#N/A,#N/A,#N/A,#N/A,0.02525,0.0518,0.0428,0.38205,0.0924,0.2748,0.3499,0.3787,0.187,0.1111,13.415,41.97033333,1.5045,0.130916667,28.065
1820190516,18,20190516,2019,N2,149,irrigated,N2_irri,1.42325658,10.47927344,14.91469489,1.001569031,0.75147718,7350.326579,1.27595,93.78649198,3128.946866,1.7693,55.3604569,4613.008862,2.2666,104.5584589,206.7333333,0.009788741,0.034700597,0.004627114,0.041139577,3.544949967,8.890979376,0.0268,0.0542,0.04695,0.38125,0.1081,0.2689,0.353,0.3772,0.2156,0.1333,21.77285714,47.81528571,1.535357143,0.098642857,31.29785714
1920180322,19,20180322,2018,N1,86,rainfed,N1,2.3154,2.4114,5.58335556,0.801382419,0.638609329,2411.4,2.3154,55.8335556,0,0,0,5843.484731,1.449,84.67209375,134.25,#N/A,#N/A,#N/A,#N/A,#N/A,#N/A,0.007333333,0.044366667,0.0334,0.388166667,#N/A,#N/A,#N/A,#N/A,#N/A,#N/A,15.87666667,37.58106667,1.534866667,0.1694,24.82333333
1920180419,19,20180419,2018,N1,86,rainfed,N1,1.11405,6.070626896,6.762981893,0.60226027,0.462104424,6070.626896,1.11405,67.62981893,0,0,0,5843.484731,1.449,84.67209375,361.6,#N/A,#N/A,#N/A,#N/A,#N/A,#N/A,0.019633333,0.047133333,0.0358,0.342533333,#N/A,#N/A,#N/A,#N/A,#N/A,#N/A,25.25533333,29.38266667,1.679666667,0.190866667,17.56266667
1920180515,19,20180515,2018,N1,86,rainfed,N1_rain,0.82165282,8.657278796,7.113277533,0.527255718,0.398710018,6617.728784,0.631405,41.78467043,2039.550013,1.43895,29.34810491,5843.484731,1.449,84.67209375,#N/A,0.018313306,0.055542521,0.008987568,0.062484782,3.032905146,6.952356853,0.029366667,0.056,0.039533333,0.3792,#N/A,#N/A,#N/A,#N/A,#N/A,#N/A,26.09066667,32.52713333,1.721466667,0.158,19.03733333
1920190311,19,20190311,2019,N1,99,irrigated,N1,3.0574,1.306,3.9929644,0.786919933,0.643050919,1306,3.0574,39.929644,0,0,0,4027.099716,1.8061,72.73344797,#N/A,#N/A,#N/A,#N/A,#N/A,#N/A,#N/A,0.04105,0.0783,0.0658,0.439575,#N/A,#N/A,#N/A,#N/A,#N/A,#N/A,19.34066667,42.10466667,1.5932,0.151666667,26.66266667
1920190412,19,20190412,2019,N1,99,irrigated,N1,1.52495,4.2683,6.508944085,0.695418867,0.541345467,4268.3,1.52495,65.08944085,0,0,0,4027.099716,1.8061,72.73344797,#N/A,#N/A,#N/A,#N/A,#N/A,#N/A,#N/A,0.026325,0.053275,0.0446,0.3954,#N/A,#N/A,#N/A,#N/A,#N/A,#N/A,13.42,39.91791667,1.566166667,0.14225,25.72333333
1920190516,19,20190516,2019,N1,99,irrigated,N1_irri,1.037797154,7.80627625,8.101331272,0.633491245,0.481081774,5298.468776,0.77298,40.95610395,2507.807473,1.5973,40.05720877,4027.099716,1.8061,72.73344797,185.8,0.008187444,0.033350626,0.004470216,0.029475734,4.073386556,6.593805067,0.038225,0.07185,0.0674,0.368025,#N/A,#N/A,#N/A,#N/A,#N/A,#N/A,22.664,43.75113333,1.545666667,0.114333333,28.49066667
2020180322,20,20180322,2018,N3,186,rainfed,N3,3.2655,4.0968,13.3781004,1.459950863,1.138404205,4096.8,3.2655,133.781004,0,0,0,7095.462492,1.9923,141.3628992,189.15,#N/A,#N/A,#N/A,#N/A,#N/A,#N/A,0.0001,0.0241,0.012933333,0.417566667,0.0706,0.2941,0.3951,0.407,0.1605,0.0805,16.32,41.22053333,1.354066667,0.146666667,30.89666667
2020180419,20,20180419,2018,N3,186,rainfed,N3,1.9261,10.92613047,21.04481991,1.383043451,1.035922319,10926.13047,1.9261,210.4481991,0,0,0,7095.462492,1.9923,141.3628992,266.4,#N/A,#N/A,#N/A,#N/A,#N/A,#N/A,0.0126,0.0374,0.025066667,0.393333333,0.0656,0.2906,0.4191,0.4182,0.141,0.0827,25.80666667,40.38813333,1.601133333,0.133333333,25.36133333
2020180515,20,20180515,2018,N3,186,rainfed,N3_rain,1.585823048,12.6332,20.03401973,1.221415465,0.909431209,9424.5,1.5,174.2051843,3208.7,1.8379,62.67700821,7095.462492,1.9923,141.3628992,#N/A,0.013994184,0.067623392,0.010886974,0.0590601,4.832249772,5.424840923,0.025966667,0.051533333,0.0327,0.429066667,0.0828,0.2947,0.4051,0.4235,0.1622,0.0914,25.83866667,36.54273333,1.461866667,0.129384615,25.50133333
2020190311,20,20190311,2019,N3,199,irrigated,N3,#N/A,#N/A,#N/A,#N/A,#N/A,#N/A,3.4208,#N/A,0,0,0,4716.871128,2.2008,103.8088998,#N/A,#N/A,#N/A,#N/A,#N/A,#N/A,#N/A,0.0388,0.0725,0.059475,0.4394,#N/A,#N/A,#N/A,#N/A,#N/A,#N/A,20.04307692,39.87653846,1.548692308,0.146692308,25.85846154
2020190412,20,20190412,2019,N3,199,irrigated,N3,1.7827,8.49081,15.13656699,1.133283123,0.857669556,8490.81,1.7827,151.3656699,0,0,0,4716.871128,2.2008,103.8088998,#N/A,#N/A,#N/A,#N/A,#N/A,#N/A,#N/A,0.021525,0.0454,0.038875,0.40365,#N/A,#N/A,#N/A,#N/A,#N/A,#N/A,13.31583333,43.65883333,1.47425,0.126666667,29.715
2020190516,20,20190516,2019,N3,199,irrigated,N3_irri,1.244044083,12.16411448,15.13269464,0.94082182,0.70159675,8064.560119,1.00906,81.37625033,4099.554362,1.7063,69.95069608,4716.871128,2.2008,103.8088998,259.2666667,0.010605465,0.038792444,0.003854977,0.029398,3.657778685,7.625986788,0.02775,0.060525,0.0523,0.38555,#N/A,#N/A,#N/A,#N/A,#N/A,#N/A,22.98071429,43.38464286,1.495571429,0.105642857,29.42
2120180322,21,20180322,2018,N0,36,rainfed,N0,1.95635,1.131,2.21263185,0.469728297,0.386120842,1131,1.95635,22.1263185,0,0,0,4297.20957,1.4045,60.35430841,73.85,#N/A,#N/A,#N/A,#N/A,#N/A,#N/A,0.0103,0.0493,0.04165,0.36315,#N/A,#N/A,#N/A,#N/A,#N/A,#N/A,16.67066667,28.27466667,1.705,0.207266667,16.598
2120180419,21,20180419,2018,N0,36,rainfed,N0,1.2154,3.709049663,4.50797896,0.517905856,0.405489433,3709.049663,1.2154,45.0797896,0,0,0,4297.20957,1.4045,60.35430841,250.1,#N/A,#N/A,#N/A,#N/A,#N/A,#N/A,0.02725,0.05705,0.05355,0.2991,#N/A,#N/A,#N/A,#N/A,#N/A,#N/A,25.84133333,24.6474,1.7054,0.202,14.53066667
2120180515,21,20180515,2018,N0,36,rainfed,N0_rain,0.642886467,7.5399,4.847299673,0.385904278,0.293478365,5867.2,0.45254,22.11397511,1672.7,1.31055,18.96155353,4297.20957,1.4045,60.35430841,#N/A,0.011343872,0.053268135,0.014920565,0.038155183,4.695763136,2.557221019,0.03685,0.0716,0.05795,0.33855,#N/A,#N/A,#N/A,#N/A,#N/A,#N/A,25.676,25.81293333,1.731142857,0.169615385,14.795
2120190311,21,20190311,2019,N0,57,irrigated,N0,3.11495,1.6355,5.094500725,0.893762287,0.723653789,1635.5,3.11495,50.94500725,0,0,0,3769.901633,1.75,65.97327857,#N/A,#N/A,#N/A,#N/A,#N/A,#N/A,#N/A,0.039625,0.074325,0.06155,0.429675,0.1221,0.3444,0.4093,0.4357,0.2536,0.1468,20.23066667,37.05866667,1.5718,0.1542,23.71466667
2120190412,21,20190412,2019,N0,57,irrigated,N0,1.2802,3.83838,4.913894076,0.554624464,0.433628125,3838.38,1.2802,49.13894076,0,0,0,3769.901633,1.75,65.97327857,#N/A,#N/A,#N/A,#N/A,#N/A,#N/A,#N/A,0.0269,0.057175,0.048275,0.3809,0.1017,0.2837,0.3521,0.3744,0.1826,0.1067,13.27666667,38.281,1.5835,0.148416667,24.43583333
2120190516,21,20190516,2019,N0,57,irrigated,N0_irri,0.843327033,8.332642048,7.027142295,0.531265739,0.40237242,5649.547035,0.529915,29.93779717,2683.095013,1.50325,40.33362579,3769.901633,1.75,65.97327857,314.85,0.011792497,0.023910415,0.009292378,0.023855891,2.027595666,2.567253597,0.040275,0.07805,0.078925,0.34655,0.139,0.2639,0.3213,0.3469,0.2362,0.159,23.03214286,31.412,1.687142857,0.149214286,18.82
220180322,2,20180322,2018,N3,186,irrigated,N3,3.8257,3.8058,14.55984906,1.650608363,1.290964334,3805.8,3.8257,145.5984906,0,0,0,7785.65998,2.2535,175.4498476,180.9,#N/A,#N/A,#N/A,#N/A,#N/A,#N/A,0.0001,0.02155,0.00535,0.45625,#N/A,#N/A,#N/A,#N/A,#N/A,#N/A,13.402,39.82186667,1.282615385,0.158357143,31.86153846
220180419,2,20180419,2018,N3,186,irrigated,N3,2.8065,8.553357209,24.00499701,1.790460563,1.354614269,8553.357209,2.8065,240.0499701,0,0,0,7785.65998,2.2535,175.4498476,379.2,#N/A,#N/A,#N/A,#N/A,#N/A,#N/A,0.009625,0.0273,0.01245,0.458025,#N/A,#N/A,#N/A,#N/A,#N/A,#N/A,27.52266667,37.30106667,1.464866667,0.127533333,25.83866667
220180515,2,20180515,2018,N3,186,irrigated,N3_irri,1.504760987,14.76284732,22.21455671,1.249552264,0.924457474,11177.78912,1.37195,153.3536779,3585.058198,1.91885,68.79188923,7785.65998,2.2535,175.4498476,#N/A,0.003926836,0.030188709,0.005879113,0.028426178,7.687794919,4.835112987,0.02605,0.0431,0.0285,0.451075,#N/A,#N/A,#N/A,#N/A,#N/A,#N/A,28.99,43.81006667,1.540133333,0.106666667,28.82266667
220190311,2,20190311,2019,N3,199,rainfed,N3,#N/A,#N/A,#N/A,#N/A,#N/A,#N/A,4.08645,#N/A,0,0,0,4222.017978,2.5803,108.9407299,#N/A,#N/A,#N/A,#N/A,#N/A,#N/A,#N/A,0.0428,0.080925,0.0733,0.416725,#N/A,#N/A,#N/A,#N/A,#N/A,#N/A,24.143125,40.3510625,1.5226875,0.1454375,26.994375
220190412,2,20190412,2019,N3,199,rainfed,N3,1.964,9.16799,18.00593236,1.295679595,0.977491225,9167.99,1.964,180.0593236,0,0,0,4222.017978,2.5803,108.9407299,#N/A,#N/A,#N/A,#N/A,#N/A,#N/A,#N/A,0.022525,0.0472,0.0368,0.42415,#N/A,#N/A,#N/A,#N/A,#N/A,#N/A,17.66636364,38.83654545,1.648454545,0.148909091,23.72363636
220190516,2,20190516,2019,N3,199,rainfed,N3_rain,1.617843934,11.19513574,18.11198244,1.175426664,0.879536408,8036.854697,1.49095,119.8254851,3158.281042,1.94075,61.29433932,4222.017978,2.5803,108.9407299,115.6333333,0.009566375,0.037820758,0.011539288,0.041518092,3.95350988,3.597976984,0.033075,0.065875,0.0715,0.35675,#N/A,#N/A,#N/A,#N/A,#N/A,#N/A,25.74933333,35.1418,1.696666667,0.127666667,20.93133333
2220180322,22,20180322,2018,N1,86,rainfed,N1,2.1313,2.5232,5.37769616,0.753988939,0.599726782,2523.2,2.1313,53.7769616,0,0,0,6369.522047,1.4675,93.47273604,133.6,#N/A,#N/A,#N/A,#N/A,#N/A,#N/A,0.001033333,0.033266667,0.0222,0.381866667,#N/A,#N/A,#N/A,#N/A,#N/A,#N/A,17.81,33.5092,1.633714286,0.171,20.83214286
2220180419,22,20180419,2018,N1,86,rainfed,N1,1.03123,4.371196714,4.507709187,0.47571105,0.369953476,4371.196714,1.03123,45.07709187,0,0,0,6369.522047,1.4675,93.47273604,265.5,#N/A,#N/A,#N/A,#N/A,#N/A,#N/A,0.0135,0.041166667,0.0309,0.347866667,#N/A,#N/A,#N/A,#N/A,#N/A,#N/A,25.97466667,32.73466667,1.599333333,0.154266667,20.57533333
2220180515,22,20180515,2018,N1,86,rainfed,N1_rain,0.708140284,9.1448,6.475801272,0.4665994,0.352050139,7039.6,0.51507,35.38453462,2105.2,1.35375,26.32274995,6369.522047,1.4675,93.47273604,#N/A,0.010489134,0.048969876,0.011363012,0.048020296,4.668629028,4.226018045,0.0286,0.056833333,0.041133333,0.3733,#N/A,#N/A,#N/A,#N/A,#N/A,#N/A,26.73533333,31.6444,1.729642857,0.143066667,18.65928571
2220190311,22,20190311,2019,N1,99,irrigated,N1,3.55535,1.588,5.6458958,1.005705631,0.815275701,1588,3.55535,56.458958,0,0,0,4331.420483,1.6979,73.54318838,#N/A,#N/A,#N/A,#N/A,#N/A,#N/A,#N/A,0.04035,0.07595,0.064575,0.432825,#N/A,#N/A,#N/A,#N/A,#N/A,#N/A,20.16733333,39.48346667,1.5452,0.150866667,25.714
2220190412,22,20190412,2019,N1,99,irrigated,N1,1.63195,4.4227,7.217625265,0.757097187,0.588500632,4422.7,1.63195,72.17625265,0,0,0,4331.420483,1.6979,73.54318838,#N/A,#N/A,#N/A,#N/A,#N/A,#N/A,#N/A,0.024875,0.05375,0.04325,0.3912,#N/A,#N/A,#N/A,#N/A,#N/A,#N/A,13.42727273,44.23845455,1.525909091,0.13,29.22909091
2220190516,22,20190516,2019,N1,99,irrigated,N1_irri,1.039503637,10.22948171,10.63358344,0.723041204,0.543034642,7298.936593,0.764335,55.78832701,2930.545112,1.72485,50.54750737,4331.420483,1.6979,73.54318838,230.5,0.009778479,0.020933981,0.00957291,0.022331959,2.140821779,2.332828607,0.03465,0.06665,0.065375,0.35845,#N/A,#N/A,#N/A,#N/A,#N/A,#N/A,23.392,41.31273333,1.5792,0.111,26.26533333
2320180322,23,20180322,2018,N2,136,rainfed,N2,2.45855,3.5166,8.64573693,1.021019816,0.801145904,3516.6,2.45855,86.4573693,0,0,0,6055.777527,1.6603,100.5440743,136.55,#N/A,#N/A,#N/A,#N/A,#N/A,#N/A,0.0001,0.0184,0.006625,0.429375,#N/A,#N/A,#N/A,#N/A,#N/A,#N/A,17.33466667,39.63013333,1.329466667,0.15,30.456
2320180419,23,20180419,2018,N2,136,rainfed,N2,1.753,10.51413973,18.43128694,1.235595634,0.926941079,10514.13973,1.753,184.3128694,0,0,0,6055.777527,1.6603,100.5440743,314.9,#N/A,#N/A,#N/A,#N/A,#N/A,#N/A,0.00785,0.030625,0.01725,0.40315,#N/A,#N/A,#N/A,#N/A,#N/A,#N/A,24.138,38.1786,1.508866667,0.130266667,25.46466667
2320180515,23,20180515,2018,N2,136,rainfed,N2_rain,0.907748939,14.48736278,13.1508882,0.746966852,0.553056186,11760.92815,0.7555,88.85381216,2726.434633,1.5645,42.65506984,6055.777527,1.6603,100.5440743,#N/A,0.010446979,0.037525471,0.007566438,0.035764383,3.591992696,4.726713122,0.022925,0.0444,0.025925,0.432725,#N/A,#N/A,#N/A,#N/A,#N/A,#N/A,29.32266667,36.87166667,1.498,0.122133333,24.816
2320190311,23,20190311,2019,N3,199,irrigated,N3,3.7747,1.988,7.5041036,1.190132413,0.95593574,1988,3.7747,75.041036,0,0,0,5440.077892,2.5207,137.1280434,#N/A,#N/A,#N/A,#N/A,#N/A,#N/A,#N/A,0.036075,0.069475,0.05615,0.4216,#N/A,#N/A,#N/A,#N/A,#N/A,#N/A,21.14933333,35.39033333,1.435266667,0.147666667,24.436
2320190412,23,20190412,2019,N3,199,irrigated,N3,2.2291,6.4768,14.43743488,1.243352859,0.951474394,6476.8,2.2291,144.3743488,0,0,0,5440.077892,2.5207,137.1280434,#N/A,#N/A,#N/A,#N/A,#N/A,#N/A,#N/A,0.022675,0.047275,0.03665,0.3942,#N/A,#N/A,#N/A,#N/A,#N/A,#N/A,13.43,41.14325,1.580583333,0.148583333,26.42333333
2320190516,23,20190516,2019,N3,199,irrigated,N3_irri,1.282251079,13.3810919,17.15791952,1.015421195,0.754272993,9571.692033,1.079995,103.3737954,3809.399863,1.79045,68.20539985,5440.077892,2.5207,137.1280434,241.4333333,0.007585199,0.035861634,0.007942291,0.033306714,4.727843438,4.193590268,0.02655,0.0547,0.048125,0.36565,#N/A,#N/A,#N/A,#N/A,#N/A,#N/A,23.21214286,41.46942857,1.533642857,0.114928571,27.05285714
2420180322,24,20180322,2018,N3,186,rainfed,N3,4.016,3.4942,14.0327072,1.662678965,1.304967308,3494.2,4.016,140.327072,0,0,0,7123.838844,1.988,141.6219162,259.3,#N/A,#N/A,#N/A,#N/A,#N/A,#N/A,0.0001,0.0249,0.0116,0.41745,0.0678,0.2979,0.39,0.4155,0.1522,0.0833,16.86733333,43.20673333,1.2764,0.137133333,34.53866667
2420180419,24,20180419,2018,N3,186,rainfed,N3,2.4396,7.931681066,19.35012913,1.500685781,1.138896557,7931.681066,2.4396,193.5012913,0,0,0,7123.838844,1.988,141.6219162,272.7,#N/A,#N/A,#N/A,#N/A,#N/A,#N/A,0.00775,0.0287,0.01385,0.4425,0.0612,0.29,0.4102,0.4264,0.141,0.0792,26.11933333,41.8224,1.5498,0.122733333,27.342
2420180515,24,20180515,2018,N3,186,rainfed,N3_rain,1.792224885,9.6522,17.29891304,1.212117559,0.912522436,7985.1,1.7594,182.0375147,1667.1,1.94945,47.50042346,7123.838844,1.988,141.6219162,#N/A,0.012401399,0.056596948,0.013945335,0.036163786,4.563755189,2.593253319,0.0227,0.0432,0.02415,0.4595,0.0867,0.2938,0.4013,0.445,0.1556,0.0812,27.828,37.69393333,1.5494,0.1234,24.56466667
2420190311,24,20190311,2019,N2,149,irrigated,N2,3.874,1.9848,7.6891152,1.220490878,0.980384956,1984.8,3.874,76.891152,0,0,0,4727.320086,2.2256,105.2112358,#N/A,#N/A,#N/A,#N/A,#N/A,#N/A,#N/A,0.034525,0.06735,0.054375,0.4188,#N/A,#N/A,#N/A,#N/A,#N/A,#N/A,22.71466667,41.47066667,1.527933333,0.154866667,27.30733333
2420190412,24,20190412,2019,N2,149,irrigated,N2,2.11175,7.20682,15.21900214,1.240253407,0.944955648,7206.82,2.11175,152.1900214,0,0,0,4727.320086,2.2256,105.2112358,#N/A,#N/A,#N/A,#N/A,#N/A,#N/A,#N/A,0.024525,0.05135,0.042675,0.38405,#N/A,#N/A,#N/A,#N/A,#N/A,#N/A,13.41583333,43.34366667,1.557166667,0.136916667,28.00833333
2420190516,24,20190516,2019,N2,149,irrigated,N2_irri,1.255822776,10.48951648,13.1729737,0.884160233,0.663358794,7566.561507,1.1118,84.12503083,2922.954972,1.62865,47.60470615,4727.320086,2.2256,105.2112358,257.5666667,0.009587716,0.030807033,0.005635597,0.037436828,3.21317738,6.64292164,0.02705,0.058625,0.05335,0.358625,#N/A,#N/A,#N/A,#N/A,#N/A,#N/A,23.53642857,40.75292857,1.534357143,0.111214286,27.04571429
2520180322,25,20180322,2018,N2,136,rainfed,N2,2.86275,2.698,7.7236995,1.046054744,0.829755579,2698,2.86275,77.236995,0,0,0,6605.714323,1.6777,110.8240692,136.85,#N/A,#N/A,#N/A,#N/A,#N/A,#N/A,0.0066,0.0451,0.0351,0.4025,0.0768,0.2996,0.3891,0.4071,0.1652,0.0925,16.89533333,41.31446667,1.220066667,0.150466667,35.73533333
2520180419,25,20180419,2018,N2,136,rainfed,N2,2.63425,6.018957316,15.85543831,1.418219621,1.088558078,6018.957316,2.63425,158.5543831,0,0,0,6605.714323,1.6777,110.8240692,268.9,#N/A,#N/A,#N/A,#N/A,#N/A,#N/A,0.01125,0.03495,0.02115,0.38865,0.0742,0.2854,0.3838,0.4005,0.1436,0.0781,25.48133333,36.3818,1.573266667,0.133133333,23.284
2520180515,25,20180515,2018,N2,136,rainfed,N2_rain,0.934231336,12.99107175,12.13666631,0.729327664,0.542415049,10338.78119,0.814,84.15767886,2652.29056,1.4029,37.20898427,6605.714323,1.6777,110.8240692,#N/A,0.018320978,0.043583941,0.011855011,0.032049067,2.378909109,2.703419479,0.02215,0.04725,0.02675,0.43795,0.0819,0.2963,0.4002,0.434,0.1579,0.0815,27.82933333,35.6136,1.525266667,0.126,23.40933333
2520190311,25,20190311,2019,N3,199,irrigated,N3,3.82205,1.828,6.9867074,1.157200454,0.93268729,1828,3.82205,69.867074,0,0,0,3974.477612,2.3772,94.48128179,#N/A,#N/A,#N/A,#N/A,#N/A,#N/A,#N/A,0.0385,0.070825,0.05845,0.41655,#N/A,#N/A,#N/A,#N/A,#N/A,#N/A,23.78733333,40.05786667,1.460333333,0.1418,27.59066667
2520190412,25,20190412,2019,N3,199,irrigated,N3,1.90015,6.72404,12.77668461,1.079222636,0.824606382,6724.04,1.90015,127.7668461,0,0,0,3974.477612,2.3772,94.48128179,#N/A,#N/A,#N/A,#N/A,#N/A,#N/A,#N/A,0.025075,0.052075,0.045825,0.3844,#N/A,#N/A,#N/A,#N/A,#N/A,#N/A,13.40181818,45.22827273,1.426636364,0.141272727,32.06545455
2520190516,25,20190516,2019,N3,199,irrigated,N3_irri,1.433357491,10.94189589,15.68364844,1.029944841,0.771400042,7831.937494,1.27395,99.77496771,3109.958398,1.8348,57.06151668,3974.477612,2.3772,94.48128179,231.1666667,0.009095011,0.041900095,0.007521618,0.030689079,4.606931571,4.080116881,0.027625,0.05835,0.0516,0.378725,#N/A,#N/A,#N/A,#N/A,#N/A,#N/A,23.33071429,45.90378571,1.423285714,0.111642857,32.89
2620180322,26,20180322,2018,N3,186,rainfed,N3,3.9833,2.9484,11.74436172,1.519256067,1.200732938,2948.4,3.9833,117.4436172,0,0,0,6469.726854,1.9206,124.257574,180.2,#N/A,#N/A,#N/A,#N/A,#N/A,#N/A,0.0014,0.0352,0.0197,0.41755,0.0734,0.2977,0.3888,0.4123,0.1542,0.0887,16.654,42.463,1.308666667,0.150133333,33.28066667
2620180419,26,20180419,2018,N3,186,rainfed,N3,1.84225,7.956829693,14.6584695,1.134968338,0.861235436,7956.829693,1.84225,146.584695,0,0,0,6469.726854,1.9206,124.257574,357.2,#N/A,#N/A,#N/A,#N/A,#N/A,#N/A,0.00935,0.02995,0.01645,0.43335,0.0616,0.2862,0.4012,0.4142,0.1386,0.0785,24.28866667,43.99133333,1.532733333,0.1178,28.97466667
2620180515,26,20180515,2018,N3,186,rainfed,N3_rain,1.408856069,13.26358162,18.68647746,1.110937255,0.82552252,10156.99314,1.27685,129.6895669,3106.588478,1.84045,57.17520764,6469.726854,1.9206,124.257574,#N/A,0.018887867,0.03231076,0.008433525,0.038130086,1.710662155,4.521251064,0.02545,0.04825,0.02915,0.44605,0.0876,0.3019,0.4116,0.447,0.1601,0.0852,27.60133333,34.01826667,1.6366,0.129333333,20.94533333
2620190311,26,20190311,2019,N2,149,irrigated,N2,3.5796,1.6406,5.87269176,1.028628463,0.83274477,1640.6,3.5796,58.7269176,0,0,0,3966.247522,2.1729,86.1825924,#N/A,#N/A,#N/A,#N/A,#N/A,#N/A,#N/A,0.038125,0.072825,0.0608,0.407225,#N/A,#N/A,#N/A,#N/A,#N/A,#N/A,24.41538462,39.08615385,1.434153846,0.141384615,27.46846154
2620190412,26,20190412,2019,N2,149,irrigated,N2,1.92945,5.9182,11.41887099,1.030335952,0.791384548,5918.2,1.92945,114.1887099,0,0,0,3966.247522,2.1729,86.1825924,#N/A,#N/A,#N/A,#N/A,#N/A,#N/A,#N/A,0.031075,0.0584,0.055825,0.3787,#N/A,#N/A,#N/A,#N/A,#N/A,#N/A,13.43166667,43.21383333,1.508416667,0.141583333,28.71166667
2620190516,26,20190516,2019,N2,149,irrigated,N2_irri,1.370669759,9.5568,13.09921675,0.922574609,0.694827779,6770,1.219565,82.5645505,2786.8,1.73775,48.427617,3966.247522,2.1729,86.1825924,215.5,0.009213166,0.038186919,0.007870215,0.027739881,4.144820321,3.52466618,0.031,0.062,0.056375,0.3695,#N/A,#N/A,#N/A,#N/A,#N/A,#N/A,23.29357143,38.99778571,1.601714286,0.115714286,24.6
2720180322,27,20180322,2018,N2,136,rainfed,N2,3.0802,3.4384,10.59095968,1.265367826,0.993790092,3438.4,3.0802,105.9095968,0,0,0,6719.524441,1.6568,111.3290809,186.85,#N/A,#N/A,#N/A,#N/A,#N/A,#N/A,0.00185,0.0349,0.024575,0.393425,0.083,0.2939,0.375,0.3865,0.1791,0.1101,16.69666667,42.00006667,1.3158,0.139857143,32.70733333
2720180419,27,20180419,2018,N2,136,rainfed,N2,1.42315,6.36996701,9.065418551,0.787456672,0.60301141,6369.96701,1.42315,90.65418551,0,0,0,6719.524441,1.6568,111.3290809,294.9,#N/A,#N/A,#N/A,#N/A,#N/A,#N/A,0.015525,0.039975,0.02765,0.362475,0.0819,0.2708,0.3547,0.3682,0.162,0.0999,24.08,36.30846667,1.5556,0.139533333,23.37466667
2720180515,27,20180515,2018,N2,136,rainfed,N2_rain,1.274753323,11.62828877,14.82319975,0.943296056,0.70474233,9101.272776,1.1585,105.4382451,2527.015994,1.69345,42.79375235,6719.524441,1.6568,111.3290809,#N/A,0.014985557,0.04832257,0.010579695,0.063019566,3.224609569,5.956652463,0.026475,0.051875,0.0325,0.415125,0.0959,0.2905,0.385,0.4125,0.1712,0.0961,28.52533333,37.1066,1.612466667,0.130428571,23.38333333
2720190311,27,20190311,2019,N3,199,irrigated,N3,3.8428,1.6672,6.40671616,1.112872915,0.900352478,1667.2,3.8428,64.0671616,0,0,0,4186.347124,2.7236,114.0193503,#N/A,#N/A,#N/A,#N/A,#N/A,#N/A,#N/A,0.036925,0.070675,0.057425,0.422225,#N/A,#N/A,#N/A,#N/A,#N/A,#N/A,23.87733333,38.35366667,1.467133333,0.149466667,26.44
2720190412,27,20190412,2019,N3,199,irrigated,N3,2.39235,5.59162,13.37711211,1.242977114,0.956935302,5591.62,2.39235,133.7711211,0,0,0,4186.347124,2.7236,114.0193503,#N/A,#N/A,#N/A,#N/A,#N/A,#N/A,#N/A,0.027875,0.053025,0.047125,0.39135,#N/A,#N/A,#N/A,#N/A,#N/A,#N/A,14.38272727,46.06618182,1.498818182,0.130818182,30.89090909
2720190516,27,20190516,2019,N3,199,irrigated,N3_irri,1.477619572,10.13037269,14.96883697,1.022957157,0.768590992,6889.869183,1.3592,93.64710194,3240.503512,1.7294,56.04126773,4186.347124,2.7236,114.0193503,317.2333333,0.009491927,0.040049229,0.008757393,0.021877529,4.219293812,2.498178329,0.026425,0.05485,0.049325,0.384225,#N/A,#N/A,#N/A,#N/A,#N/A,#N/A,23.73214286,41.67128571,1.5785,0.102714286,26.27785714
2820180322,28,20180322,2018,N3,186,rainfed,N3,4.80965,3.0312,14.57901108,1.859135537,1.467686642,3031.2,4.80965,145.7901108,0,0,0,8173.323606,1.902,155.456615,143.3,#N/A,#N/A,#N/A,#N/A,#N/A,#N/A,0.003033333,0.034166667,0.025333333,0.4138,#N/A,#N/A,#N/A,#N/A,#N/A,#N/A,16.49133333,42.94213333,1.1308,0.1428,39.46933333
2820180419,28,20180419,2018,N3,186,rainfed,N3,2.23435,9.731361436,21.74326742,1.517109002,1.141747725,9731.361436,2.23435,217.4326742,0,0,0,8173.323606,1.902,155.456615,287.6,#N/A,#N/A,#N/A,#N/A,#N/A,#N/A,0.011833333,0.035133333,0.021833333,0.3928,#N/A,#N/A,#N/A,#N/A,#N/A,#N/A,25.71133333,40.217,1.601533333,0.1296,25.30333333
2820180515,28,20180515,2018,N3,186,rainfed,N3_rain,1.271230956,11.85539153,15.07094071,0.949518806,0.708829047,9137.82026,1.13295,103.5269346,2717.571273,1.7362,47.18247244,8173.323606,1.902,155.456615,#N/A,0.013037922,0.059262453,0.011785303,0.052364841,4.545390997,4.443232391,0.0255,0.050133333,0.031666667,0.4508,#N/A,#N/A,#N/A,#N/A,#N/A,#N/A,29.896,38.622,1.549266667,0.118928571,25.208
2820190311,28,20190311,2019,N1,99,irrigated,N1,3.3522,2.0964,7.02755208,1.084375427,0.869095927,2096.4,3.3522,70.2755208,0,0,0,4870.714474,2.0283,98.79270168,#N/A,#N/A,#N/A,#N/A,#N/A,#N/A,#N/A,0.034925,0.066675,0.051725,0.422475,#N/A,#N/A,#N/A,#N/A,#N/A,#N/A,22.96642857,37.84928571,1.564642857,0.150071429,24.38142857
2820190412,28,20190412,2019,N1,99,irrigated,N1,#N/A,#N/A,#N/A,#N/A,#N/A,#N/A,2.0505,#N/A,0,0,0,4870.714474,2.0283,98.79270168,#N/A,#N/A,#N/A,#N/A,#N/A,#N/A,#N/A,0.021675,0.04465,0.037575,0.3887,#N/A,#N/A,#N/A,#N/A,#N/A,#N/A,14.63,41.94141667,1.6075,0.137333333,26.26833333
2820190516,28,20190516,2019,N1,99,irrigated,N1_irri,1.257828067,9.527251348,11.98364415,0.845357429,0.636753277,6651.406722,1.1141,74.10332229,2875.844627,1.59025,45.73311918,4870.714474,2.0283,98.79270168,367.1,0.010122589,0.037311647,0.009304599,0.026084326,3.685978555,2.803379971,0.027625,0.0571,0.051725,0.361625,#N/A,#N/A,#N/A,#N/A,#N/A,#N/A,24.00071429,41.982,1.520928571,0.103428571,27.625
2920180322,29,20180322,2018,N1,86,rainfed,N1,2.69505,1.6622,4.47971211,0.779353663,0.630601579,1662.2,2.69505,44.7971211,0,0,0,5391.882276,1.3788,74.34327282,185.4,#N/A,#N/A,#N/A,#N/A,#N/A,#N/A,0.0099,0.0471,0.03545,0.41475,0.111,0.316,0.3837,0.4013,0.1829,0.1095,16.152,34.5956,1.4588,0.166333333,23.99866667
2920180419,29,20180419,2018,N1,86,rainfed,N1,1.006,6.113839452,6.150522488,0.545714367,0.418595929,6113.839452,1.006,61.50522488,0,0,0,5391.882276,1.3788,74.34327282,326.1,#N/A,#N/A,#N/A,#N/A,#N/A,#N/A,0.013,0.03865,0.0247,0.38675,0.0808,0.2828,0.3754,0.3841,0.1484,0.0853,25.84533333,33.49613333,1.672733333,0.155466667,20.10533333
2920180515,29,20180515,2018,N1,86,rainfed,N1_rain,0.80589449,11.04421672,8.900473394,0.581687971,0.435501885,8583.116717,0.600675,51.55663634,2461.1,1.5216,33.35468841,5391.882276,1.3788,74.34327282,#N/A,0.015004754,0.032475693,0.011667019,0.044397326,2.164360243,3.805370259,0.03045,0.05765,0.03795,0.4036,0.1081,0.2947,0.3792,0.4112,0.1761,0.0935,30.75466667,27.67453333,1.756666667,0.1595,15.876
2920190311,29,20190311,2019,N0,57,irrigated,N0,2.41835,1.6928,4.09378288,0.705526637,0.570438817,1692.8,2.41835,40.9378288,0,0,0,3681.261352,1.52,55.95517255,#N/A,#N/A,#N/A,#N/A,#N/A,#N/A,#N/A,0.04835,0.08985,0.077975,0.432875,0.147,0.3625,0.4268,0.4485,0.2738,0.1616,21.60866667,38.5112,1.615066667,0.152333333,23.99066667
2920190412,29,20190412,2019,N0,57,irrigated,N0,1.4428,4.61336,6.656155808,0.683131391,0.530088056,4613.36,1.4428,66.56155808,0,0,0,3681.261352,1.52,55.95517255,#N/A,#N/A,#N/A,#N/A,#N/A,#N/A,#N/A,0.0319,0.063225,0.05475,0.3914,0.1146,0.3013,0.3741,0.395,0.1856,0.1078,14.80166667,37.51791667,1.71225,0.15775,21.96333333
2920190516,29,20190516,2019,N0,57,irrigated,N0_irri,0.855948525,8.339666154,7.13832494,0.53943632,0.408546577,6070.71745,0.576605,35.00406035,2268.948704,1.60335,36.37918905,3681.261352,1.52,55.95517255,303.5666667,0.007357195,0.032606568,0.010367997,0.025518816,4.431929302,2.461306267,0.044525,0.085725,0.0882,0.35455,0.1656,0.2924,0.3447,0.3739,0.2643,0.1827,24.44,33.76,1.640357143,0.126928571,20.78857143
3020180322,30,20180322,2018,N0,36,rainfed,N0,3.0064,1.2436,3.73875904,0.755710189,0.618787962,1243.6,3.0064,37.3875904,0,0,0,3971.514206,1.439,57.15008942,101.25,#N/A,#N/A,#N/A,#N/A,#N/A,#N/A,0.02165,0.068625,0.06055,0.377275,0.1089,0.2966,0.3621,0.387,0.185,0.1092,16.29066667,28.5968,1.739333333,0.197214286,16.46066667
3020180419,30,20180419,2018,N0,36,rainfed,N0,1.12825,3.967954968,4.476845193,0.496696164,0.387809155,3967.954968,1.12825,44.76845193,0,0,0,3971.514206,1.439,57.15008942,145.1,#N/A,#N/A,#N/A,#N/A,#N/A,#N/A,0.021825,0.051675,0.041875,0.335875,0.0956,0.2658,0.3247,0.3547,0.158,0.0912,26.85733333,25.063,1.765933333,0.198533333,14.20866667
3020180515,30,20180515,2018,N0,36,rainfed,N0_rain,0.809149284,10.08544149,8.160627753,0.558973254,0.420056804,8044.6615,0.61781,49.70072321,2040.779987,1.5634,31.90555432,3971.514206,1.439,57.15008942,#N/A,0.017041084,0.046763979,0.015625481,0.039006539,2.74419033,2.496341699,0.03655,0.06955,0.0554,0.361,0.1142,0.2763,0.3358,0.373,0.1831,0.1092,30.25733333,29.20106667,1.801642857,0.165857143,16.18214286
3020190311,30,20190311,2019,N1,99,irrigated,N1,3.113,1.922,5.983186,0.965627745,0.776683956,1922,3.113,59.83186,0,0,0,4627.661406,2.0104,93.0345049,#N/A,#N/A,#N/A,#N/A,#N/A,#N/A,#N/A,0.0334,0.065325,0.051625,0.4114,#N/A,#N/A,#N/A,#N/A,#N/A,#N/A,22.23769231,37.13207692,1.517,0.167769231,24.73
3020190412,30,20190412,2019,N1,99,irrigated,N1,1.5793,5.546,8.7587978,0.817305913,0.629433645,5546,1.5793,87.587978,0,0,0,4627.661406,2.0104,93.0345049,#N/A,#N/A,#N/A,#N/A,#N/A,#N/A,#N/A,0.0211,0.04445,0.037825,0.38025,#N/A,#N/A,#N/A,#N/A,#N/A,#N/A,15.69083333,41.76591667,1.597083333,0.138,26.31
3020190516,30,20190516,2019,N1,99,irrigated,N1_irri,1.131502082,10.3870064,11.75291937,0.792862634,0.595100523,7520.105222,0.945805,71.12553119,2866.901179,1.6186,46.40366249,4627.661406,2.0104,93.0345049,197.8,0.006962602,0.03708094,0.010652457,0.019820714,5.32572984,1.860670613,0.02695,0.056925,0.051875,0.35465,#N/A,#N/A,#N/A,#N/A,#N/A,#N/A,24.71333333,31.49553333,1.574466667,0.1316,19.996
3120180322,31,20180322,2018,N1,86,rainfed,N1,2.99015,1.579,4.72144685,0.843508133,0.683949592,1579,2.99015,47.2144685,0,0,0,5359.807113,1.5317,82.09616555,120.9,#N/A,#N/A,#N/A,#N/A,#N/A,#N/A,0.01095,0.050225,0.03845,0.405675,0.1065,0.3188,0.3908,0.4121,0.1897,0.1077,16.744,39.0182,1.317066667,0.152333333,30.54666667
3120180419,31,20180419,2018,N1,86,rainfed,N1,1.32345,5.100344946,6.750051519,0.657742419,0.508291394,5100.344946,1.32345,67.50051519,0,0,0,5359.807113,1.5317,82.09616555,331.9,#N/A,#N/A,#N/A,#N/A,#N/A,#N/A,0.015775,0.041525,0.0266,0.3704,0.0842,0.282,0.3642,0.3893,0.15,0.0849,27.802,30.97493333,1.676266667,0.175533333,18.52266667
3120180515,31,20180515,2018,N1,86,rainfed,N1_rain,0.86769247,10.4743906,9.088549849,0.610472005,0.458045858,8514.590685,0.702475,59.81287092,1959.79991,1.5855,31.07262758,5359.807113,1.5317,82.09616555,#N/A,0.014772248,0.028949266,0.011238388,0.05283262,1.95970616,4.701085354,0.029475,0.055875,0.036925,0.41045,0.1039,0.2958,0.368,0.4049,0.1747,0.0969,31.00466667,32.55473333,1.649133333,0.1458,19.954
3120190311,31,20190311,2019,N0,57,irrigated,N0,3.3063,1.0686,3.53311218,0.772391907,0.636392101,1068.6,3.3063,35.3311218,0,0,0,3983.919495,1.58,62.94592802,#N/A,#N/A,#N/A,#N/A,#N/A,#N/A,#N/A,0.040275,0.07545,0.0626,0.4068,0.1181,0.3176,0.3855,0.4035,0.2552,0.1504,23.575,36.16278571,1.630142857,0.170714286,22.33071429
3120190412,31,20190412,2019,N0,57,irrigated,N0,1.75945,4.36083,7.672662344,0.810711928,0.630540105,4360.83,1.75945,76.72662344,0,0,0,3983.919495,1.58,62.94592802,#N/A,#N/A,#N/A,#N/A,#N/A,#N/A,#N/A,0.03395,0.066275,0.062525,0.37865,0.1056,0.2793,0.3496,0.3674,0.1998,0.1191,15.76538462,41.372,1.577923077,0.146076923,26.44461538
3120190516,31,20190516,2019,N0,57,irrigated,N0_irri,1.07206921,5.566248122,5.967403226,0.555785575,0.427964449,3827.203275,0.822095,31.46324677,1739.044846,1.6222,28.2107855,3983.919495,1.58,62.94592802,272.3333333,0.008178781,0.03482018,0.00767562,0.019492151,4.257380323,2.539488893,0.038275,0.07475,0.07305,0.359725,0.115,0.2574,0.3303,0.3554,0.2115,0.1356,24.78333333,30.2478,1.6118,0.144133333,18.55333333
320180322,3,20180322,2018,N2,136,irrigated,N2,2.9277,2.6202,7.67115954,1.054775027,0.837677044,2620.2,2.9277,76.7115954,0,0,0,7661.838909,1.5898,121.807915,108.65,#N/A,#N/A,#N/A,#N/A,#N/A,#N/A,0.0001,0.023475,0.00835,0.427775,#N/A,#N/A,#N/A,#N/A,#N/A,#N/A,13.3,39.96673333,1.3634,0.159,29.77333333
320180419,3,20180419,2018,N2,136,irrigated,N2,1.38735,7.988934033,11.08344763,0.856378739,0.649729105,7988.934033,1.38735,110.8344763,0,0,0,7661.838909,1.5898,121.807915,342.7,#N/A,#N/A,#N/A,#N/A,#N/A,#N/A,0.008525,0.028925,0.017075,0.415725,#N/A,#N/A,#N/A,#N/A,#N/A,#N/A,27.43333333,32.5554,1.567533333,0.149066667,20.99533333
320180515,3,20180515,2018,N2,136,irrigated,N2_irri,1.282843247,13.11884677,16.829424,1.006224591,0.748048389,9912.019755,1.15715,114.6969366,3206.827018,1.67135,53.59730336,7661.838909,1.5898,121.807915,#N/A,0.005826962,0.026571864,0.006290248,0.02763978,4.560157688,4.394068346,0.027275,0.049225,0.0364,0.417525,#N/A,#N/A,#N/A,#N/A,#N/A,#N/A,28.43733333,39.4726,1.582466667,0.115266667,25.32333333
320190311,3,20190311,2019,N2,149,rainfed,N2,3.7986,1.1624,4.41549264,0.924204439,0.758851781,1162.4,3.7986,44.1549264,0,0,0,4152.68276,2.089,86.74954285,#N/A,#N/A,#N/A,#N/A,#N/A,#N/A,#N/A,0.048925,0.090275,0.0843,0.420925,0.1509,0.3365,0.3949,0.4207,0.2989,0.1903,24.686,35.97446667,1.585733333,0.150133333,22.85133333
320190412,3,20190412,2019,N2,149,rainfed,N2,1.4882,5.68435,8.45944967,0.779381087,0.599620451,5684.35,1.4882,84.5944967,0,0,0,4152.68276,2.089,86.74954285,#N/A,#N/A,#N/A,#N/A,#N/A,#N/A,#N/A,0.02675,0.054125,0.048275,0.4,0.0962,0.2935,0.3734,0.3945,0.1923,0.1163,17.614,35.3201,1.708,0.1628,20.72
320190516,3,20190516,2019,N2,149,rainfed,N2_rain,1.119305118,10.2784,11.50466573,0.780344267,0.585957052,7238.4,0.81692,59.13193728,3040,1.8393,55.91472,4152.68276,2.089,86.74954285,159.6333333,0.009521822,0.041922446,0.008592619,0.041636039,4.402775906,4.845558772,0.044975,0.0811,0.091775,0.34575,0.1411,0.2689,0.3337,0.3631,0.239,0.1624,26.19529412,24.54382353,1.689764706,0.142529412,14.35411765
3220180322,32,20180322,2018,N0,36,rainfed,N0,2.7537,1.2556,3.45754572,0.695407766,0.569187194,1255.6,2.7537,34.5754572,0,0,0,3860.258868,1.2798,49.40359299,119.2666667,#N/A,#N/A,#N/A,#N/A,#N/A,#N/A,0.0187,0.0629,0.062,0.3606,0.1293,0.2993,0.357,0.3795,0.2017,0.1273,17.53533333,27.72453333,1.650266667,0.190666667,16.904
3220180419,32,20180419,2018,N0,36,rainfed,N0,0.98951,2.647017955,2.619250737,0.358252719,0.28439696,2647.017955,0.98951,26.19250737,0,0,0,3860.258868,1.2798,49.40359299,230.2,#N/A,#N/A,#N/A,#N/A,#N/A,#N/A,0.0243,0.0585,0.0491,0.3203,0.1068,0.2599,0.3168,0.3385,0.1713,0.105,28.32933333,22.78213333,1.8024,0.220533333,12.61333333
3220180515,32,20180515,2018,N0,36,rainfed,N0_rain,0.669080928,6.945020456,4.64678073,0.385997681,0.294540194,5443.091387,0.47962,26.10615491,1501.929069,1.3557,20.36165239,3860.258868,1.2798,49.40359299,#N/A,0.013015648,0.030733145,0.012649501,0.048199058,2.361245788,3.810352423,0.0407,0.0767,0.064,0.3505,0.1349,0.281,0.3437,0.3703,0.2046,0.1258,30.64533333,25.422,1.818071429,0.185769231,13.74142857
3220190311,32,20190311,2019,N2,149,irrigated,N2,3.18945,1.9462,6.20730759,0.995339126,0.800171128,1946.2,3.18945,62.0730759,0,0,0,5013.115061,2.0421,102.3728227,#N/A,#N/A,#N/A,#N/A,#N/A,#N/A,#N/A,0.035425,0.070625,0.056325,0.411625,0.1204,0.3228,0.3978,0.4081,0.2469,0.1395,23.90285714,36.89335714,1.544357143,0.151928571,23.84142857
3220190412,32,20190412,2019,N2,149,irrigated,N2,1.64615,6.00889,9.891534274,0.885533023,0.679739777,6008.89,1.64615,98.91534274,0,0,0,5013.115061,2.0421,102.3728227,#N/A,#N/A,#N/A,#N/A,#N/A,#N/A,#N/A,0.026,0.05,0.0452,0.3733,0.0923,0.2742,0.3435,0.3748,0.1852,0.1107,16.11818182,46.26236364,1.524090909,0.139,30.64909091
3220190516,32,20190516,2019,N2,149,irrigated,N2_irri,1.440256971,12.9838441,18.70007197,1.12406521,0.836008049,9432.7026,1.33865,126.2708733,3551.1415,1.71015,60.72984637,5013.115061,2.0421,102.3728227,281.7333333,0.004645538,0.0557127,0.007750874,0.032450624,11.99273292,4.186705157,0.026325,0.056475,0.053025,0.363825,0.1315,0.2597,0.318,0.35,0.2345,0.1619,25.096,44.6156,1.507,0.101066667,29.62
420180322,4,20180322,2018,N0,36,irrigated,N0,2.50195,1.709,4.27583255,0.733281576,0.592648018,1709,2.50195,42.7583255,0,0,0,5138.464725,1.2929,66.43521043,206.85,#N/A,#N/A,#N/A,#N/A,#N/A,#N/A,0.0049,0.040333333,0.027033333,0.3782,#N/A,#N/A,#N/A,#N/A,#N/A,#N/A,13.438,33.32133333,1.605,0.1822,20.94066667
420180419,4,20180419,2018,N0,36,irrigated,N0,0.892905,5.894267554,5.26302097,0.475883449,0.365579189,5894.267554,0.892905,52.6302097,0,0,0,5138.464725,1.2929,66.43521043,265.5,#N/A,#N/A,#N/A,#N/A,#N/A,#N/A,0.0158,0.0427,0.031633333,0.3366,#N/A,#N/A,#N/A,#N/A,#N/A,#N/A,26.99466667,22.92953333,1.6752,0.205066667,13.76933333
420180515,4,20180515,2018,N0,36,irrigated,N0_irri,0.658134066,9.625912986,6.335141253,0.444523326,0.334689373,7490.731143,0.484695,36.30719932,2135.181842,1.2666,27.04421321,5138.464725,1.2929,66.43521043,#N/A,0.00732215,0.020131203,0.006214539,0.026369843,2.749356756,4.243250295,0.041933333,0.072633333,0.0682,0.344966667,#N/A,#N/A,#N/A,#N/A,#N/A,#N/A,28.166,29.0888,1.754142857,0.157,16.53285714
420190311,4,20190311,2019,N0,57,rainfed,N0,2.62075,1.4316,3.7518657,0.70512352,0.574043759,1431.6,2.62075,37.518657,0,0,0,3554.159425,1.49,52.95697543,#N/A,#N/A,#N/A,#N/A,#N/A,#N/A,#N/A,0.046475,0.0866,0.0812,0.408475,0.1436,0.326,0.3889,0.4091,0.2922,0.1892,24.37357143,33.60121429,1.569642857,0.150714286,21.59642857
420190412,4,20190412,2019,N0,57,rainfed,N0,#N/A,#N/A,#N/A,#N/A,#N/A,#N/A,1.50725,#N/A,0,0,0,3554.159425,1.49,52.95697543,#N/A,#N/A,#N/A,#N/A,#N/A,#N/A,#N/A,0.029625,0.062775,0.05715,0.374,0.1076,0.2852,0.3545,0.3821,0.1936,0.1154,17.58166667,41.42416667,1.539916667,0.133583333,27.045
420190516,4,20190516,2019,N0,57,rainfed,N0_rain,0.870022507,10.09526,8.783103418,0.601307991,0.451852453,7341.78,0.531255,#N/A,2753.48,1.7733,#N/A,3554.159425,1.49,52.95697543,135.1333333,0.015512318,0.047604375,0.007691046,0.041813653,3.068811182,5.43666645,0.047925,0.08695,0.099025,0.33495,0.1421,0.2681,0.3307,0.3657,0.233,0.1614,26.52785714,31.38471429,1.502071429,0.111285714,20.72142857
520180322,5,20180322,2018,N1,86,irrigated,N1,2.3457,2.0076,4.70922732,0.743093188,0.596625763,2007.6,2.3457,47.0922732,0,0,0,5555.510017,1.4043,78.01602716,120.2,#N/A,#N/A,#N/A,#N/A,#N/A,#N/A,0.0024,0.03375,0.0213,0.3697,0.0818,0.283,0.3489,0.3683,0.1759,0.1071,13.86266667,34.83813333,1.587266667,0.179785714,22.30333333
520180419,5,20180419,2018,N1,86,irrigated,N1,1.23455,6.135890103,7.575063127,0.670859049,0.514513517,6135.890103,1.23455,75.75063127,0,0,0,5555.510017,1.4043,78.01602716,210.5,#N/A,#N/A,#N/A,#N/A,#N/A,#N/A,0.01095,0.0315,0.01685,0.3793,0.0682,0.2605,0.3346,0.3555,0.1425,0.0826,26.72666667,31.51213333,1.594066667,0.1566,19.91466667
520180515,5,20180515,2018,N1,86,irrigated,N1_irri,0.756920214,12.26778248,9.285732543,0.57478026,0.428480363,9474.466063,0.573235,54.31095554,2793.316417,1.37995,38.54636989,5555.510017,1.4043,78.01602716,#N/A,0.004390455,0.036105361,0.009123244,0.028698823,8.22360317,3.145681938,0.0329,0.0567,0.04745,0.37775,0.1265,0.2825,0.3394,0.3731,0.221,0.1468,29.828,35.57626667,1.657,0.121133333,21.63866667
520190311,5,20190311,2019,N1,99,rainfed,N1,2.5853,1.326,3.4281078,0.670312316,0.547420935,1326,2.5853,34.281078,0,0,0,4155.031455,1.7062,70.89314669,#N/A,#N/A,#N/A,#N/A,#N/A,#N/A,#N/A,0.0491,0.092025,0.087875,0.4402,0.1638,0.3543,0.4268,0.4381,0.3001,0.1965,24.07615385,35.19546154,1.606615385,0.151461538,21.97692308
520190412,5,20190412,2019,N1,99,rainfed,N1,1.1611,5.64709,6.556836199,0.606148019,0.466468546,5647.09,1.1611,65.56836199,0,0,0,4155.031455,1.7062,70.89314669,#N/A,#N/A,#N/A,#N/A,#N/A,#N/A,#N/A,0.028475,0.057525,0.0497,0.41215,0.1091,0.3135,0.3866,0.4138,0.2027,0.1214,17.78,40.44175,1.582,0.1425,25.61333333
520190516,5,20190516,2019,N1,99,rainfed,N1_rain,0.955569755,9.953673525,9.51142937,0.655943004,0.493193419,7114.339625,0.624115,44.40166075,2839.3339,1.786075,50.71263295,4155.031455,1.7062,70.89314669,116.2666667,0.020245684,0.064619131,0.007405685,0.053089149,3.191748443,7.168701805,0.045325,0.084725,0.08975,0.369825,0.1489,0.3024,0.3673,0.4054,0.2398,0.1535,26.58285714,32.27521429,1.400642857,0.114071429,22.775
620180322,6,20180322,2018,N0,36,irrigated,N0,2.2711,1.9188,4.35778668,0.703910329,0.566215308,1918.8,2.2711,43.5778668,0,0,0,5046.026477,1.3081,66.00707234,151.5,#N/A,#N/A,#N/A,#N/A,#N/A,#N/A,0.0028,0.03605,0.0221,0.358,#N/A,#N/A,#N/A,#N/A,#N/A,#N/A,14.08066667,34.06726667,1.6186,0.1816,21.08666667
620180419,6,20180419,2018,N0,36,irrigated,N0,0.96739,4.242270748,4.103930299,0.439854807,0.342488739,4242.270748,0.96739,41.03930299,0,0,0,5046.026477,1.3081,66.00707234,279.4,#N/A,#N/A,#N/A,#N/A,#N/A,#N/A,0.0123,0.039225,0.02655,0.324475,#N/A,#N/A,#N/A,#N/A,#N/A,#N/A,26.53933333,25.9842,1.760066667,0.198866667,14.778
620180515,6,20180515,2018,N0,36,irrigated,N0_irri,0.696804133,7.701340391,5.366325815,0.422571284,0.321084432,5912.658763,0.49787,29.43735418,1788.681628,1.3544,24.22590397,5046.026477,1.3081,66.00707234,#N/A,0.004384536,0.055037176,0.006866408,0.028817762,12.55256619,4.196919765,0.036525,0.06615,0.056975,0.343425,#N/A,#N/A,#N/A,#N/A,#N/A,#N/A,28.67266667,25.51333333,1.710733333,0.167466667,14.89333333
620190311,6,20190311,2019,N0,57,rainfed,N0,2.7251,1.4288,3.89362288,0.732506328,0.596384076,1428.8,2.7251,38.9362288,0,0,0,3546.078334,1.55,54.96421417,#N/A,#N/A,#N/A,#N/A,#N/A,#N/A,#N/A,0.055425,0.09985,0.096075,0.437,0.1728,0.3573,0.4196,0.4356,0.3033,0.1948,23.2,31.67086667,1.5902,0.176666667,19.96333333
620190412,6,20190412,2019,N0,57,rainfed,N0,#N/A,#N/A,#N/A,#N/A,#N/A,#N/A,1.2279,#N/A,0,0,0,3546.078334,1.55,54.96421417,#N/A,#N/A,#N/A,#N/A,#N/A,#N/A,#N/A,0.0353,0.073225,0.062825,0.4038,0.1215,0.3107,0.3725,0.401,0.2137,0.1278,17.87,42.16741667,1.52125,0.1345,27.86
620190516,6,20190516,2019,N0,57,rainfed,N0_rain,0.992944164,9.55716,9.48972625,0.668346066,0.503357334,6611.98,0.714525,#N/A,2945.18,1.618,#N/A,3546.078334,1.55,54.96421417,176.2666667,0.020522388,0.061191652,0.0107719,0.057960793,2.981702367,5.380739808,0.05425,0.098275,0.105025,0.35865,0.1616,0.2984,0.3701,0.3912,0.2453,0.1638,26.79076923,36.27923077,1.454461538,0.120769231,25.01692308
720180322,7,20180322,2018,N2,136,irrigated,N2,3.02655,3.0346,9.18436863,1.170524709,0.924023281,3034.6,3.02655,91.8436863,0,0,0,6243.188583,1.6075,100.3592565,206.85,#N/A,#N/A,#N/A,#N/A,#N/A,#N/A,0.0001,0.022375,0.006825,0.41385,0.0589,0.2858,0.3768,0.4017,0.1318,0.0706,13.63733333,41.18213333,1.328133333,0.142307692,31.496
720180419,7,20180419,2018,N2,136,irrigated,N2,1.20386,10.27967599,12.37529073,0.83934359,0.630256174,10279.67599,1.20386,123.7529073,0,0,0,6243.188583,1.6075,100.3592565,357,#N/A,#N/A,#N/A,#N/A,#N/A,#N/A,0.006975,0.0274,0.0149,0.408225,0.0593,0.2743,0.3724,0.3925,0.1264,0.0679,23.76466667,37.38793333,1.572266667,0.127266667,24.034
720180515,7,20180515,2018,N2,136,irrigated,N2_irri,1.064465142,11.39281889,12.12725857,0.779941521,0.583188094,8857.895769,0.91095,80.6910015,2534.923117,1.6009,40.58158418,6243.188583,1.6075,100.3592565,#N/A,0.004765247,0.042984668,0.006187851,0.025135743,9.02044826,4.062111893,0.0253,0.050125,0.036875,0.401775,0.0903,0.2753,0.3634,0.4069,0.1568,0.0851,31.03933333,38.5606,1.560266667,0.124214286,24.84133333
720190311,7,20190311,2019,N2,149,rainfed,N2,3.09735,1.6916,5.23947726,0.903307865,0.730371931,1691.6,3.09735,52.3947726,0,0,0,3970.99296,2.3137,91.87686412,#N/A,#N/A,#N/A,#N/A,#N/A,#N/A,#N/A,0.0496,0.093125,0.0807,0.4553,0.1403,0.3701,0.4433,0.4672,0.2759,0.1626,22.84466667,37.92513333,1.5788,0.143933333,24.18466667
720190412,7,20190412,2019,N2,149,rainfed,N2,1.5744,6.63761,10.45025318,0.888637176,0.679345158,6637.61,1.5744,104.5025318,0,0,0,3970.99296,2.3137,91.87686412,#N/A,#N/A,#N/A,#N/A,#N/A,#N/A,#N/A,0.029925,0.058375,0.04885,0.4245,0.112,0.3105,0.3933,0.4174,0.1859,0.1069,17.65166667,42.30341667,1.532583333,0.133083333,27.80416667
720190516,7,20190516,2019,N2,149,rainfed,N2_rain,1.03727172,9.387599189,9.737491157,0.692172133,0.521684414,6670.162407,0.737335,49.18144198,2717.436782,1.77349,48.19346958,3970.99296,2.3137,91.87686412,179.5666667,0.026837662,0.086668678,0.009616845,0.053786516,3.229367673,5.59294806,0.048125,0.085075,0.09745,0.366825,0.1587,0.2795,0.3395,0.3663,0.2541,0.1711,27.51,33.64571429,1.414428571,0.099214286,23.59
820180322,8,20180322,2018,N3,186,irrigated,N3,3.35575,2.8152,9.4471074,1.251642494,0.991103265,2815.2,3.35575,94.471074,0,0,0,8337.359697,2.1279,177.410677,302.4,#N/A,#N/A,#N/A,#N/A,#N/A,#N/A,0.0001,0.0236,0.008775,0.424075,#N/A,#N/A,#N/A,#N/A,#N/A,#N/A,15.098,41.09966667,1.423066667,0.137333333,29.94933333
820180419,8,20180419,2018,N3,186,irrigated,N3,1.8704,9.001099662,16.83565681,1.223029648,0.92337764,9001.099662,1.8704,168.3565681,0,0,0,8337.359697,2.1279,177.410677,299.6,#N/A,#N/A,#N/A,#N/A,#N/A,#N/A,0.00825,0.030375,0.0148,0.440575,#N/A,#N/A,#N/A,#N/A,#N/A,#N/A,23.01933333,41.49386667,1.4268,0.1174,29.428
820180515,8,20180515,2018,N3,186,irrigated,N3_irri,1.411517169,13.05809775,18.43172917,1.104673396,0.821393583,10007.04603,1.35495,135.5904702,3051.05172,1.59705,48.7268215,8337.359697,2.1279,177.410677,#N/A,0.008883134,0.0227066,0.007121279,0.023943956,2.55614727,3.362311227,0.0276,0.04965,0.035875,0.431475,#N/A,#N/A,#N/A,#N/A,#N/A,#N/A,31.37133333,41.75393333,1.517466667,0.110666667,27.812
820190311,8,20190311,2019,N3,199,rainfed,N3,3.33645,1.7928,5.98158756,1.000733025,0.80722,1792.8,3.33645,59.8158756,0,0,0,4339.198309,2.3937,103.8673899,#N/A,#N/A,#N/A,#N/A,#N/A,#N/A,#N/A,0.0369,0.07265,0.060425,0.4337,#N/A,#N/A,#N/A,#N/A,#N/A,#N/A,21.42214286,38.15507143,1.4745,0.148071429,26.77928571
820190412,8,20190412,2019,N3,199,rainfed,N3,1.69855,7.22733,12.27598137,0.998946857,0.761014232,7227.33,1.69855,122.7598137,0,0,0,4339.198309,2.3937,103.8673899,#N/A,#N/A,#N/A,#N/A,#N/A,#N/A,#N/A,0.0225,0.047675,0.040325,0.40235,#N/A,#N/A,#N/A,#N/A,#N/A,#N/A,17.30666667,43.79716667,1.571083333,0.131666667,27.9275
820190516,8,20190516,2019,N3,199,rainfed,N3_rain,1.489718061,9.8252,14.63677789,1.016208234,0.764478366,7039.2,1.3098,92.1994416,2786,1.944305,54.1683373,4339.198309,2.3937,103.8673899,197.8666667,0.01686926,0.055927325,0.009535377,0.038878996,3.315339561,4.07734233,0.038675,0.07325,0.0809,0.3464,#N/A,#N/A,#N/A,#N/A,#N/A,#N/A,27.5,31.84071429,1.479928571,0.121857143,21.86571429
920180322,9,20180322,2018,N1,86,irrigated,N1,2.75195,2.4216,6.66412212,0.954420442,0.760431364,2421.6,2.75195,66.6412212,0,0,0,6349.576802,1.6219,102.9837861,161.8,#N/A,#N/A,#N/A,#N/A,#N/A,#N/A,0.0001,0.02135,0.00935,0.4054,0.0729,0.2933,0.3927,0.4054,0.1433,0.075,16.01333333,37.31913333,1.507866667,0.1634,25.23466667
920180419,9,20180419,2018,N1,86,irrigated,N1,1.08825,7.955596027,8.657677376,0.670395872,0.508712298,7955.596027,1.08825,86.57677376,0,0,0,6349.576802,1.6219,102.9837861,261.5,#N/A,#N/A,#N/A,#N/A,#N/A,#N/A,0.0082,0.02685,0.01295,0.4023,0.068,0.2822,0.3816,0.3911,0.1341,0.0717,23.64266667,29.5202,1.602333333,0.159733333,18.464
920180515,9,20180515,2018,N1,86,irrigated,N1_irri,0.880748868,11.08061594,9.759239952,0.636728353,0.476645565,8084.315942,0.633,51.17371992,2996.3,1.5492,29.53764626,6349.576802,1.6219,102.9837861,#N/A,0.008856209,0.02439338,0.006060695,0.035190288,2.754381666,5.806312714,0.0231,0.0426,0.0267,0.42145,0.0838,0.2826,0.3888,0.4223,0.1579,0.0809,30.69666667,37.31833333,1.598466667,0.127857143,23.66666667
920190311,9,20190311,2019,N1,99,rainfed,N1,3.32255,1.6328,5.42505964,0.952567787,0.771319171,1632.8,3.32255,54.2505964,0,0,0,4261.392323,1.8281,77.90251305,#N/A,#N/A,#N/A,#N/A,#N/A,#N/A,#N/A,0.04215,0.080475,0.067825,0.4305,0.126,0.3454,0.4165,0.4406,0.2623,0.156,22.38733333,35.37793333,1.519066667,0.163266667,23.28066667
920190412,9,20190412,2019,N1,99,rainfed,N1,1.60505,6.20854,9.965017127,0.877162824,0.672413053,6208.54,1.60505,99.65017127,0,0,0,4261.392323,1.8281,77.90251305,#N/A,#N/A,#N/A,#N/A,#N/A,#N/A,#N/A,0.026725,0.0573,0.0475,0.39775,0.1025,0.2944,0.3722,0.3918,0.1834,0.1058,16.805,37.24766667,1.659083333,0.150333333,22.47
920190516,9,20190516,2019,N1,99,rainfed,N1_rain,1.035930396,10.90618,11.29804337,0.743197435,0.556708831,7711.22,0.74173,#N/A,3194.96,1.746,#N/A,4261.392323,1.8281,77.90251305,147.4,0.009910117,0.043983284,0.009595545,0.040940087,4.438220539,4.266572378,0.044325,0.0802,0.093025,0.342125,0.1478,0.2599,0.3099,0.3444,0.2506,0.172,27.52928571,31.40585714,1.606642857,0.120857143,19.44071429