wave,Esun
400,391.08313
401,367.46808
402,398.74321
403,373.93095
404,408.3434
405,365.3786
406,361.23814
407,375.12422
408,385.82986
409,427.10062
410,350.66958
411,409.0073
412,432.45269
413,414.08791
414,427.72826
415,428.43668
416,421.31548
417,423.42211
418,415.95518
419,425.61495
420,402.23041
421,458.83539
422,449.16906
423,391.41715
424,426.18033
425,438.55544
426,416.41341
427,411.61447
428,427.05599
429,405.6459
430,329.69991
431,309.53139
432,481.78487
433,437.28188
434,397.95226
435,458.20207
436,485.82762
437,497.11467
438,445.76635
439,438.60284
440,486.97338
441,482.92676
442,506.86252
443,521.86331
444,513.00594
445,540.344
446,474.37926
447,530.47584
448,542.53087
449,554.38214
450,551.51391
451,593.38613
452,566.53805
453,522.24643
454,557.97096
455,550.11802
456,573.91564
457,575.9297
458,575.90566
459,564.50112
460,563.59014
461,586.18132
462,593.37303
463,599.41449
464,583.88704
465,574.24259
466,594.62133
467,557.43049
468,586.76893
469,596.6237
470,574.54681
471,582.55597
472,606.95565
473,591.52724
474,602.71689
475,616.77487
476,595.3204
477,589.0683
478,627.35064
479,604.06118
480,627.0404
481,612.06827
482,630.28671
483,616.91241
484,605.9014
485,612.24017
486,481.31468
487,543.34524
488,603.18459
489,565.99467
490,638.28538
491,615.7508
492,582.46805
493,620.4605
494,600.73726
495,641.37295
496,612.67886
497,624.34985
498,611.73804
499,609.23566
500,610.1022
501,586.25235
502,573.91479
503,618.37772
504,571.42214
505,614.95448
506,648.80113
507,609.62823
508,596.66829
509,637.12525
510,617.6191
511,617.36623
512,645.55611
513,605.55828
514,589.26086
515,610.9084
516,622.45186
517,485.69911
518,593.11755
519,556.00659
520,621.7963
521,604.66138
522,628.08049
523,580.75998
524,639.79939
525,632.0331
526,628.08623
527,539.50861
528,622.15238
529,647.73452
530,619.23732
531,662.41424
532,645.66308
533,584.1994
534,633.42682
535,635.21576
536,662.22721
537,608.584
538,644.90085
539,634.75047
540,627.35409
541,593.87651
542,637.74901
543,619.59899
544,642.90585
545,635.1761
546,625.54
547,647.43477
548,611.82069
549,649.75518
550,636.95136
551,633.03566
552,651.55483
553,630.02331
554,644.07665
555,654.726
556,641.40809
557,615.78821
558,641.90377
559,605.53231
560,603.31741
561,658.83527
562,617.53291
563,633.20528
564,623.95036
565,638.11539
566,602.89048
567,636.28884
568,629.51088
569,613.93149
570,620.97228
571,594.8341
572,630.67228
573,634.82219
574,637.03392
575,625.85237
576,614.3066
577,638.21197
578,621.346
579,618.36109
580,638.79853
581,633.79254
582,641.14348
583,649.85476
584,648.396
585,645.27068
586,619.17203
587,642.96785
588,632.48291
589,547.47747
590,567.7572
591,616.38189
592,602.04719
593,611.7185
594,613.03913
595,599.20344
596,622.25791
597,625.67325
598,621.37523
599,615.25737
600,625.33453
601,626.1698
602,613.79387
603,629.39546
604,639.70557
605,643.04138
606,635.27292
607,638.12174
608,633.253
609,629.87545
610,623.0727
611,632.55211
612,624.2773
613,633.37492
614,608.38597
615,634.20979
616,604.56507
617,609.3812
618,628.91606
619,623.32128
620,636.98918
621,643.17611
622,620.02978
623,618.38732
624,627.78136
625,610.12457
626,610.71395
627,624.81361
628,598.84619
629,618.39695
630,601.95793
631,625.64308
632,597.65254
633,628.96841
634,614.4857
635,626.14665
636,615.03943
637,629.3512
638,635.22187
639,637.23467
640,614.60693
641,618.72687
642,618.99686
643,629.11569
644,627.29887
645,625.64618
646,607.25965
647,608.7195
648,596.76878
649,601.45161
650,581.48918
651,627.26493
652,595.13805
653,617.64071
654,621.96438
655,595.37835
656,514.9418
657,541.3898
658,608.27134
659,613.328
660,615.90434
661,623.33436
662,633.59476
663,629.55153
664,621.01473
665,627.45659
666,631.20823
667,624.94914
668,625.34646
669,635.27393
670,628.61005
671,626.41535
672,614.89983
673,627.40372
674,626.84191
675,621.55608
676,628.80984
677,620.80623
678,629.81793
679,624.21751
680,622.42114
681,620.73365
682,622.56552
683,621.9517
684,607.4621
685,618.63594
686,606.81718
687,455.56166
688,506.59482
689,521.70854
690,529.63752
691,561.51145
692,565.97693
693,551.33617
694,536.05461
695,557.55045
696,555.9947
697,600.6203
698,581.36473
699,569.18455
700,564.46203
701,548.37226
702,556.93941
703,558.93676
704,573.25173
705,579.62835
706,583.74282
707,582.02334
708,589.97184
709,581.18227
710,588.23019
711,587.30283
712,582.7701
713,582.80005
714,585.27706
715,564.40586
716,569.50632
717,461.20971
718,428.08477
719,386.51857
720,396.16657
721,462.50323
722,540.98391
723,487.88997
724,445.02512
725,436.46984
726,457.83557
727,465.77264
728,437.43295
729,454.73039
730,484.3445
731,452.3703
732,503.02618
733,528.35587
734,549.06002
735,536.15202
736,537.18383
737,539.12533
738,556.31245
739,538.10728
740,554.85178
741,553.83535
742,555.43522
743,567.26682
744,571.50044
745,566.87846
746,570.30394
747,576.81153
748,570.84288
749,572.18228
750,563.99414
751,558.92882
752,573.78808
753,559.18722
754,572.83049
755,568.68985
756,563.37636
757,566.74651
758,567.584
759,553.51373
760,169.60823
761,107.40727
762,352.50735
763,204.34466
764,285.18337
765,349.95307
766,407.07032
767,466.12443
768,529.87873
769,533.78794
770,544.13825
771,551.73692
772,545.30107
773,549.14745
774,550.92938
775,540.34941
776,552.56887
777,551.37777
778,539.97291
779,549.20075
780,543.05042
781,543.76809
782,550.62001
783,541.43918
784,540.59388
785,541.54881
786,541.66736
787,531.90096
788,523.20222
789,522.34451
790,503.5174
791,515.55603
792,508.37238
793,500.50771
794,519.06115
795,511.1176
796,498.28002
797,506.62294
798,522.44204
799,515.36196
800,493.81396
801,504.42641
802,504.00578
803,493.67736
804,503.61518
805,494.82141
806,513.27172
807,509.26254
808,508.56905
809,497.0822
810,482.28328
811,487.19766
812,465.96081
813,457.70622
814,392.63307
815,384.73101
816,364.81506
817,372.88923
818,360.18518
819,403.3565
820,369.75365
821,462.10441
822,430.70632
823,277.88658
824,428.61157
825,445.55866
826,429.08429
827,453.36173
828,368.746
829,430.99529
830,421.42337
831,421.33252
832,404.48989
833,443.94249
834,421.74915
835,466.88042
836,444.90846
837,475.86197
838,465.25743
839,466.36854
840,478.08297
841,472.90923
842,479.15658
843,480.59868
844,469.01599
845,480.41823
846,488.02607
847,480.14958
848,483.49827
849,484.0084
850,425.12363
851,477.08431
852,468.61226
853,474.17612
854,385.75719
855,425.82083
856,467.50341
857,478.98925
858,476.04304
859,477.51963
860,469.59127
861,471.82573
862,473.83841
863,479.63549
864,478.85312
865,468.83663
866,407.69962
867,432.4252
868,464.05882
869,461.95532
870,471.70685
871,470.46624
872,466.85269
873,468.38703
874,461.53404
875,456.44946
876,464.06036
877,463.65003
878,459.72606
879,462.48151
880,459.82484
881,436.41266
882,463.75069
883,456.10195
884,457.16875
885,460.01659
886,448.36045
887,439.89963
888,447.93611
889,458.58182
890,447.33953
891,448.89428
892,442.47141
893,413.4959
894,412.82503
895,378.27082
896,360.88443
897,302.77985
898,329.89561
899,233.96987
900,342.40233
901,270.92265
902,318.77328
903,298.03811
904,397.76375
905,393.55525
906,356.5683
907,300.53985
908,285.65564
909,316.51411
910,279.9241
911,310.66645
912,311.73804
913,278.49885
914,283.05473
915,294.48462
916,266.74056
917,328.3475
918,253.12398
919,338.04977
920,344.7138
921,361.69578
922,318.87988
923,346.1642
924,320.18296
925,315.96035
926,314.58057
927,357.17892
928,250.20376
929,237.6595
930,176.77784
931,157.51691
932,111.51127
933,82.121838
934,39.55816
935,99.251841
936,47.133693
937,62.22959
938,65.917091
939,159.24467
940,199.65719
941,136.28283
942,155.39537
943,102.89114
944,113.07235
945,144.85851
946,72.74156
947,140.87379
948,108.62298
949,201.10047
950,41.739968
951,228.09381
952,93.277526
953,132.2171
954,181.66574
955,146.97704
956,142.36693
957,118.40967
958,205.76493
959,157.86699
960,173.39191
961,191.9981
962,191.19215
963,220.3065
964,196.80613
965,224.21766
966,214.12882
967,224.46964
968,308.75923
969,320.88278
970,302.8631
971,349.05832
972,330.69624
973,282.85061
974,269.44034
975,279.7818
976,266.66506
977,298.52702
978,298.54883
979,303.62957
980,286.96004
981,348.91666
982,334.85894
983,317.34979
984,368.31663
985,328.95795
986,370.07645
987,364.5056
988,362.33014
989,370.93352
990,362.8864
991,375.55011
992,377.00548
993,363.81315
994,376.83735
995,375.77191
996,374.89003
997,376.47973
998,375.13048
999,373.90059
1000,367.16224
1001,374.47117
1002,363.7202
1003,368.29523
1004,363.47926
1005,343.7422
1006,358.5484
1007,366.90444
1008,365.90592
1009,362.204
1010,361.59637
1011,367.02754
1012,364.46766
1013,364.78487
1014,367.28316
1015,360.13485
1016,362.4161
1017,358.55662
1018,364.29112
1019,349.44745
1020,359.21852
1021,359.57993
1022,353.80523
1023,359.77519
1024,353.51419
1025,359.82737
1026,358.73687
1027,357.5364
1028,357.76552
1029,351.07471
1030,357.60269
1031,355.66329
1032,355.71607
1033,348.27543
1034,353.95591
1035,348.58527
1036,353.63992
1037,345.9165
1038,350.42158
1039,351.56649
1040,348.12715
1041,349.49344
1042,350.45206
1043,344.56139
1044,348.19949
1045,346.89927
1046,336.96751
1047,343.2646
1048,346.71214
1049,344.63373
1050,342.71121
1051,342.74095
1052,340.55778
1053,341.21202
1054,337.01
1055,339.56823
1056,338.58821
1057,337.87362
1058,334.99702
1059,323.31725
1060,334.38286
1061,322.90174
1062,331.31341
1063,325.33133
1064,330.13133
1065,328.46123
1066,319.34229
1067,326.5423
1068,325.53729
1069,300.64496
1070,317.73853
1071,323.89066
1072,322.01548
1073,313.15769
1074,327.28582
1075,303.98566
1076,323.61201
1077,313.88737
1078,318.14374
1079,313.4096
1080,309.77508
1081,297.08472
1082,311.34107
1083,305.7229
1084,297.04186
1085,307.17337
1086,288.73254
1087,284.05313
1088,309.31099
1089,292.55758
1090,282.50038
1091,305.8389
1092,307.03244
1093,259.40899
1094,267.24709
1095,260.97406
1096,249.49869
1097,296.22741
1098,244.1784
1099,251.30479
1100,240.2007
1101,241.88397
1102,219.20172
1103,223.42248
1104,218.27538
1105,253.19556
1106,168.99725
1107,233.1365
1108,191.84606
1109,189.5624
1110,226.03105
1111,138.98297
1112,200.18137
1113,109.22568
1114,137.11391
1115,103.40309
1116,78.550937
1117,26.316271
1118,89.126972
1119,39.596466
1120,44.074483
1121,67.13749
1122,22.205676
1123,44.382583
1124,35.887076
1125,44.64458
1126,13.621029
1127,57.2073
1128,29.216764
1129,32.312106
1130,18.257453
1131,113.52397
1132,96.636572
1133,48.060768
1134,10.733169
1135,5.0674318
1136,43.803401
1137,117.07009
1138,74.207405
1139,130.89783
1140,92.367939
1141,80.927792
1142,93.669356
1143,124.14105
1144,46.719771
1145,48.110667
1146,59.782647
1147,15.502986
1148,111.03563
1149,90.542441
1150,45.194496
1151,73.390773
1152,102.67295
1153,100.53196
1154,46.915859
1155,131.75734
1156,110.48952
1157,144.1976
1158,133.72985
1159,157.84341
1160,120.91264
1161,163.2205
1162,170.72349
1163,226.55143
1164,187.55973
1165,179.73093
1166,182.6372
1167,198.13023
1168,199.04647
1169,210.88552
1170,233.25664
1171,218.91592
1172,231.28346
1173,230.19355
1174,157.28952
1175,230.92516
1176,238.12132
1177,236.45064
1178,167.8669
1179,255.42169
1180,217.27741
1181,219.71304
1182,159.55556
1183,219.26667
1184,210.21617
1185,201.34072
1186,245.42314
1187,226.73517
1188,156.3315
1189,215.2678
1190,236.81074
1191,220.49069
1192,241.38888
1193,223.59044
1194,242.81739
1195,225.67972
1196,211.45558
1197,247.84003
1198,216.10053
1199,173.73527
1200,224.97382
1201,219.11515
1202,222.83946
1203,220.69974
1204,175.25177
1205,227.04797
1206,249.27996
1207,212.92196
1208,220.51126
1209,211.45375
1210,232.95316
1211,215.77852
1212,211.2776
1213,243.72773
1214,217.18045
1215,219.29774
1216,237.0668
1217,235.00072
1218,241.84591
1219,229.14509
1220,239.75014
1221,242.47181
1222,237.12413
1223,231.76616
1224,229.57992
1225,240.1481
1226,247.95617
1227,223.21183
1228,246.21089
1229,246.41967
1230,239.87907
1231,249.96835
1232,246.84599
1233,235.69587
1234,249.85783
1235,245.61457
1236,249.84091
1237,245.64351
1238,249.03779
1239,246.21685
1240,245.48596
1241,245.13777
1242,245.96832
1243,244.07475
1244,240.13185
1245,245.29612
1246,243.01809
1247,241.60628
1248,242.18684
1249,242.75028
1250,240.8848
1251,237.8403
1252,238.30187
1253,234.68248
1254,233.14552
1255,235.58751
1256,230.14791
1257,227.36742
1258,231.24784
1259,222.28364
1260,224.31603
1261,217.85803
1262,205.96957
1263,209.95537
1264,191.41066
1265,203.06158
1266,202.53381
1267,201.00712
1268,193.30603
1269,131.73285
1270,202.08419
1271,209.67619
1272,213.03524
1273,210.16228
1274,212.98166
1275,213.94826
1276,218.79525
1277,217.4013
1278,223.31235
1279,219.77887
1280,218.10105
1281,215.34924
1282,194.90299
1283,212.76466
1284,222.04191
1285,221.40875
1286,226.42863
1287,222.43157
1288,216.21772
1289,212.5815
1290,219.0189
1291,226.29994
1292,206.94793
1293,217.40757
1294,214.97703
1295,214.57118
1296,196.61325
1297,185.18023
1298,205.10804
1299,221.92297
1300,188.17668
1301,182.09217
1302,208.55754
1303,185.7089
1304,142.77882
1305,204.67143
1306,207.52028
1307,139.25563
1308,183.29985
1309,196.02601
1310,143.08363
1311,167.65969
1312,175.35489
1313,149.36679
1314,131.84936
1315,125.8567
1316,167.31276
1317,146.65482
1318,171.19647
1319,117.66418
1320,119.77188
1321,154.81982
1322,156.74667
1323,98.408091
1324,113.68746
1325,164.65056
1326,134.11552
1327,119.85544
1328,109.43088
1329,74.475489
1330,104.86245
1331,47.176095
1332,53.533661
1333,88.711641
1334,73.318266
1335,95.396901
1336,68.796023
1337,84.165329
1338,70.777359
1339,77.253324
1340,66.783495
1341,71.992182
1342,81.266744
1343,55.810702
1344,25.790928
1345,37.232762
1346,14.092951
1347,13.463304
1348,0.24366542
1349,1.7255216
1350,3.37279
1351,0.21870705
1352,0.10197467
1353,0.009379877
1354,0.0051061338
1355,0
1356,0.00031664304
1357,0.00051698694
1358,0
1359,0
1360,0
1361,0
1362,0
1363,0
1364,0
1365,0
1366,0
1367,0
1368,0
1369,0
1370,0
1371,0
1372,0
1373,0
1374,0.00088932255
1375,0.0023929093
1376,0.0048554447
1377,0.00027659524
1378,0.025484659
1379,0
1380,0.00053693479
1381,0
1382,0
1383,0
1384,0
1385,0
1386,0
1387,0.0014945883
1388,0
1389,0.01318095
1390,0.0099910077
1391,0.018460588
1392,0.00059055714
1393,0.0023478503
1394,0.00080709005
1395,0
1396,0
1397,0.00062987628
1398,0.066411666
1399,0.013283704
1400,0
1401,0
1402,0.080207116
1403,0.12780508
1404,0.020271957
1405,4.3938519e-05
1406,0.074598105
1407,0
1408,0.060663713
1409,0.030096922
1410,0.0080681641
1411,0.097194351
1412,0.29164565
1413,2.7562782
1414,0.0064715824
1415,0.0041535828
1416,4.7303748
1417,0.71671271
1418,1.0996461
1419,0.0064451102
1420,0.63254681
1421,1.1711842
1422,8.7110413
1423,0.30547981
1424,2.2477497
1425,6.4029802
1426,4.5905639
1427,11.403901
1428,0.53691587
1429,8.6225754
1430,17.018871
1431,14.494376
1432,0.24135532
1433,12.847216
1434,1.7205193
1435,3.8893932
1436,10.326095
1437,5.5010185
1438,3.2983852
1439,10.128583
1440,13.446646
1441,4.8364241
1442,5.1184963
1443,10.176663
1444,15.24632
1445,12.231875
1446,2.7919994
1447,8.0473339
1448,41.031281
1449,26.258973
1450,4.7047567
1451,1.3303297
1452,13.561986
1453,25.720154
1454,57.22544
1455,21.825333
1456,26.64349
1457,41.883451
1458,52.935838
1459,63.904553
1460,24.098013
1461,28.346071
1462,44.64403
1463,11.581397
1464,64.461803
1465,38.693028
1466,18.287996
1467,8.9867493
1468,23.495543
1469,30.520273
1470,10.078667
1471,4.9027944
1472,10.095089
1473,18.065971
1474,39.077581
1475,73.041642
1476,22.175213
1477,11.882145
1478,20.500842
1479,49.114689
1480,15.47229
1481,43.614416
1482,19.154919
1483,57.815758
1484,52.487777
1485,43.45297
1486,48.315103
1487,16.927717
1488,29.767204
1489,80.735391
1490,68.671543
1491,92.181193
1492,66.848622
1493,77.533165
1494,90.190625
1495,86.99979
1496,87.578865
1497,111.98101
1498,89.711675
1499,110.72335
1500,127.58113
1501,128.30105
1502,131.40631
1503,91.613025
1504,68.056828
1505,90.872457
1506,135.64928
1507,140.9302
1508,130.53377
1509,90.061392
1510,147.71466
1511,138.63186
1512,138.78384
1513,131.80002
1514,114.34558
1515,147.99661
1516,133.12145
1517,130.41763
1518,131.63484
1519,124.51021
1520,136.63522
1521,158.26257
1522,140.45659
1523,154.37935
1524,155.41206
1525,137.73362
1526,144.04814
1527,137.4945
1528,157.75191
1529,149.93033
1530,139.7322
1531,144.89702
1532,158.65075
1533,156.03572
1534,152.32748
1535,147.2621
1536,153.27096
1537,152.44665
1538,154.26179
1539,152.30331
1540,150.53536
1541,152.2125
1542,150.72653
1543,153.41948
1544,150.02054
1545,157.70765
1546,155.0527
1547,155.76155
1548,151.12686
1549,155.25383
1550,153.87127
1551,152.38145
1552,152.88835
1553,155.38363
1554,149.52257
1555,152.5794
1556,150.04864
1557,154.96072
1558,153.74037
1559,153.17489
1560,150.43433
1561,154.17879
1562,153.70156
1563,150.97603
1564,148.84987
1565,152.52236
1566,148.8381
1567,149.20573
1568,145.63163
1569,145.38557
1570,137.31886
1571,134.06137
1572,134.16446
1573,131.97661
1574,138.70784
1575,131.99731
1576,143.0156
1577,121.39163
1578,133.96569
1579,135.97387
1580,139.18529
1581,142.27168
1582,136.46916
1583,139.44387
1584,142.24085
1585,146.68835
1586,144.55241
1587,142.1605
1588,141.40018
1589,129.94095
1590,137.87175
1591,135.60704
1592,141.92908
1593,147.23886
1594,144.65508
1595,147.19932
1596,137.20068
1597,141.69556
1598,145.21414
1599,137.95975
1600,136.10286
1601,128.92352
1602,127.7109
1603,126.87804
1604,130.02023
1605,134.84823
1606,137.42045
1607,134.33999
1608,131.28169
1609,130.16845
1610,123.8666
1611,127.94771
1612,130.91449
1613,135.54646
1614,137.39228
1615,139.27742
1616,131.07475
1617,134.9646
1618,139.7559
1619,138.82983
1620,134.24647
1621,135.10529
1622,137.06948
1623,140.77707
1624,141.13495
1625,137.2185
1626,139.54464
1627,139.07648
1628,140.0447
1629,140.42084
1630,136.5833
1631,137.99916
1632,136.97326
1633,135.12498
1634,133.27414
1635,135.34502
1636,136.53529
1637,130.6552
1638,128.72069
1639,125.62722
1640,123.34481
1641,127.89192
1642,126.53896
1643,127.08805
1644,130.35291
1645,127.77307
1646,124.71665
1647,132.07492
1648,126.22613
1649,127.86222
1650,130.89009
1651,121.81159
1652,128.20815
1653,128.15162
1654,126.66581
1655,128.60405
1656,127.97952
1657,129.52203
1658,130.64381
1659,128.93913
1660,130.57049
1661,129.14273
1662,126.05705
1663,129.63279
1664,127.25409
1665,127.15093
1666,106.19445
1667,124.29496
1668,126.20711
1669,123.74091
1670,129.23152
1671,125.98615
1672,120.224
1673,125.39963
1674,123.78022
1675,125.2897
1676,120.6347
1677,120.8629
1678,118.8357
1679,123.55372
1680,118.21913
1681,111.93077
1682,117.59832
1683,120.38044
1684,114.20399
1685,123.96226
1686,121.37375
1687,118.9963
1688,122.6806
1689,118.83924
1690,122.4761
1691,104.42334
1692,119.76786
1693,123.20746
1694,117.10532
1695,122.63608
1696,122.41705
1697,93.686299
1698,120.50088
1699,121.43237
1700,113.64249
1701,103.91428
1702,119.23908
1703,114.71727
1704,113.7742
1705,116.21527
1706,113.51962
1707,108.56013
1708,104.28643
1709,92.401041
1710,118.46499
1711,105.12934
1712,116.69216
1713,114.93932
1714,98.48806
1715,105.97476
1716,102.84916
1717,116.33425
1718,114.09011
1719,116.78615
1720,112.08193
1721,82.651642
1722,112.46115
1723,106.2171
1724,76.049173
1725,95.437038
1726,101.50114
1727,111.0479
1728,105.82484
1729,86.278971
1730,112.41206
1731,110.14102
1732,72.87183
1733,87.809765
1734,103.79478
1735,105.87777
1736,75.363889
1737,73.763622
1738,100.34898
1739,104.68021
1740,81.666103
1741,74.794766
1742,88.308593
1743,104.50066
1744,98.282433
1745,89.10632
1746,97.239405
1747,23.383252
1748,91.699339
1749,101.43764
1750,103.33762
1751,87.228638
1752,75.732197
1753,99.425206
1754,103.20367
1755,67.477962
1756,93.174939
1757,52.690492
1758,92.489325
1759,103.90189
1760,101.38091
1761,79.463746
1762,75.22071
1763,62.648905
1764,96.0761
1765,88.649905
1766,33.029881
1767,83.702184
1768,76.041515
1769,84.974746
1770,57.608711
1771,67.20539
1772,88.207947
1773,82.868104
1774,38.127033
1775,65.761819
1776,32.157204
1777,62.274594
1778,53.875272
1779,24.187911
1780,70.717808
1781,37.733848
1782,49.871687
1783,66.193883
1784,37.182304
1785,18.107173
1786,19.163622
1787,30.451278
1788,59.434973
1789,54.841601
1790,68.680878
1791,15.187296
1792,22.055002
1793,15.530245
1794,8.8834257
1795,15.433015
1796,18.789427
1797,14.870793
1798,17.929323
1799,38.645847
1800,4.9816711
1801,0.10947138
1802,0.31654216
1803,2.8491587
1804,5.3721981
1805,11.053061
1806,0.0038785187
1807,0.58220588
1808,4.990407
1809,1.6738706
1810,2.9084785
1811,0.00035611232
1812,0.20286499
1813,0.013036788
1814,1.3400651
1815,0.50980286
1816,0.0012948924
1817,0.026712001
1818,0.31415279
1819,0.021442563
1820,0.0059078134
1821,0
1822,0
1823,0.087270645
1824,0.31743336
1825,0.0050131895
1826,0
1827,0.00041476048
1828,6.8807348e-05
1829,0
1830,0
1831,0
1832,0
1833,0
1834,0.0001367266
1835,0
1836,0
1837,0
1838,0
1839,0
1840,0
1841,0
1842,0
1843,0
1844,0
1845,0.00026535446
1846,0
1847,0
1848,0
1849,0
1850,0
1851,0
1852,6.6020576e-05
1853,0
1854,0
1855,0
1856,0
1857,0
1858,0
1859,0
1860,0
1861,0
1862,0.00031627204
1863,6.3480523e-05
1864,0
1865,0
1866,0.00047296826
1867,0
1868,0
1869,0
1870,0
1871,0
1872,0
1873,0
1874,0
1875,0
1876,0
1877,0
1878,0
1879,0.00058232242
1880,0.0018818636
1881,0
1882,0.0025333235
1883,0.0036536642
1884,0
1885,0
1886,0.00038203837
1887,0
1888,0.026024737
1889,0.0082606452
1890,0
1891,0
1892,0
1893,0
1894,0
1895,0.014832152
1896,0.0071380545
1897,0.0013930306
1898,0
1899,0
1900,0
1901,0
1902,0
1903,0
1904,0
1905,0
1906,0
1907,0
1908,0.00023376612
1909,0.00026585984
1910,4.4308872e-05
1911,0
1912,0
1913,0
1914,0
1915,5.8380728e-05
1916,5.7854637e-05
1917,0
1918,0.036723458
1919,0.0065885211
1920,0
1921,0
1922,0.0070254997
1923,0.030349202
1924,0
1925,0.080387651
1926,0.13803184
1927,0
1928,0.000451095
1929,0.0067356307
1930,0.023692021
1931,0
1932,0.14857654
1933,0.066790875
1934,0
1935,1.6985234
1936,0.088306832
1937,0.093131924
1938,0.060935793
1939,0.024425308
1940,0.23616077
1941,0.22828081
1942,1.5069948
1943,6.9119999
1944,0.18578341
1945,0.0099501692
1946,1.7066809
1947,3.6758245
1948,1.0172587
1949,1.4943723
1950,3.2784631
1951,6.140818
1952,10.976257
1953,2.7837515
1954,3.4992733
1955,2.8294635
1956,1.8952783
1957,1.5472482
1958,2.2981892
1959,0.84974555
1960,13.794934
1961,3.0107373
1962,12.08122
1963,1.3180114
1964,9.356202
1965,11.672398
1966,13.773443
1967,24.355347
1968,13.949134
1969,28.760976
1970,41.876727
1971,16.870847
1972,8.1853844
1973,35.81899
1974,21.214198
1975,41.29676
1976,26.352713
1977,48.758122
1978,43.824423
1979,41.324429
1980,4.1284316
1981,33.618893
1982,52.281272
1983,34.300994
1984,59.28323
1985,42.811978
1986,53.716934
1987,10.693873
1988,47.733617
1989,57.342132
1990,22.336005
1991,42.903923
1992,54.318595
1993,59.584802
1994,41.640955
1995,46.493353
1996,35.78647
1997,28.089589
1998,21.055589
1999,23.705147
2000,21.017884
2001,11.254813
2002,8.2617229
2003,7.899633
2004,5.4062012
2005,5.8708671
2006,6.6905937
2007,8.2960523
2008,19.013102
2009,34.073419
2010,18.11533
2011,15.034073
2012,15.147993
2013,10.838215
2014,12.806771
2015,14.762006
2016,14.066861
2017,8.7048511
2018,15.358037
2019,22.735812
2020,22.452621
2021,19.298113
2022,34.064215
2023,36.149655
2024,37.825621
2025,35.845711
2026,50.277101
2027,49.856784
2028,39.514573
2029,37.92287
2030,50.068359
2031,50.721223
2032,57.325198
2033,47.343106
2034,57.946436
2035,57.516757
2036,60.240305
2037,60.348749
2038,49.278679
2039,58.976335
2040,41.222977
2041,55.125762
2042,55.700003
2043,53.618425
2044,44.20076
2045,52.744096
2046,56.851026
2047,57.592149
2048,47.027263
2049,44.738707
2050,37.052338
2051,43.308708
2052,31.008309
2053,33.927761
2054,24.519388
2055,30.225699
2056,36.201642
2057,32.359787
2058,35.70941
2059,36.560805
2060,52.518386
2061,41.798466
2062,34.920676
2063,34.226179
2064,33.812571
2065,38.529876
2066,33.51946
2067,34.940501
2068,41.606344
2069,38.712582
2070,33.579851
2071,41.828829
2072,40.021926
2073,43.069932
2074,45.130046
2075,44.057366
2076,49.848721
2077,46.015052
2078,38.900227
2079,54.170967
2080,56.779358
2081,54.959804
2082,53.106647
2083,49.92294
2084,53.003041
2085,45.447335
2086,51.93276
2087,55.61404
2088,55.879454
2089,53.496768
2090,51.442221
2091,56.20235
2092,52.695865
2093,55.498652
2094,46.736158
2095,55.936261
2096,56.057861
2097,56.108282
2098,56.667413
2099,41.13735
2100,53.499848
2101,56.242947
2102,42.619376
2103,57.077117
2104,57.536055
2105,54.856341
2106,57.175909
2107,56.463639
2108,57.202798
2109,56.923303
2110,50.920389
2111,56.185907
2112,46.111666
2113,55.830422
2114,57.0125
2115,55.883914
2116,54.254548
2117,54.867305
2118,54.128785
2119,44.833111
2120,49.679874
2121,55.250073
2122,55.94095
2123,56.129057
2124,49.574763
2125,52.779852
2126,56.075373
2127,54.695219
2128,43.144534
2129,55.880543
2130,55.458847
2131,56.056892
2132,55.963784
2133,55.574784
2134,55.762605
2135,55.572231
2136,47.949656
2137,55.379776
2138,55.311493
2139,54.112396
2140,54.942453
2141,55.183231
2142,54.851144
2143,54.616517
2144,54.747014
2145,53.851495
2146,53.07153
2147,54.185346
2148,52.498708
2149,53.663569
2150,50.974956
2151,47.187375
2152,45.428307
2153,44.702677
2154,49.09976
2155,51.268707
2156,51.999455
2157,52.701398
2158,51.255136
2159,47.241979
2160,49.221144
2161,49.645307
2162,51.387898
2163,47.166186
2164,35.629097
2165,48.943468
2166,42.562792
2167,46.611148
2168,48.861089
2169,41.161721
2170,50.218977
2171,51.553272
2172,50.564838
2173,49.512381
2174,42.049467
2175,48.670572
2176,42.76181
2177,50.442583
2178,50.793401
2179,42.339229
2180,49.46015
2181,50.942926
2182,49.89947
2183,36.022691
2184,47.814511
2185,31.994942
2186,50.364564
2187,45.815786
2188,39.91066
2189,48.206668
2190,48.914485
2191,44.20056
2192,50.568803
2193,50.28083
2194,45.315585
2195,41.820047
2196,47.255749
2197,45.733477
2198,35.914756
2199,43.150039
2200,39.444432
2201,44.680528
2202,45.324549
2203,46.669795
2204,43.847457
2205,38.95907
2206,46.409351
2207,43.457636
2208,45.609657
2209,47.220318
2210,46.452817
2211,48.267583
2212,48.844125
2213,48.459261
2214,47.780868
2215,43.37583
2216,40.690433
2217,46.597298
2218,46.523712
2219,47.929855
2220,46.722745
2221,46.606551
2222,46.121958
2223,46.214064
2224,46.912337
2225,43.72086
2226,44.444883
2227,43.727543
2228,46.390671
2229,46.942169
2230,47.181672
2231,46.329941
2232,43.824361
2233,45.612644
2234,45.243303
2235,46.151191
2236,43.042635
2237,45.127992
2238,43.723759
2239,45.328919
2240,44.237474
2241,45.220591
2242,44.77923
2243,44.080678
2244,40.806751
2245,45.922028
2246,43.43985
2247,39.572086
2248,43.552091
2249,44.942241
2250,43.741016
2251,43.262822
2252,43.655868
2253,43.637813
2254,40.199289
2255,42.777997
2256,42.016354
2257,39.50188
2258,42.143313
2259,44.122726
2260,42.67356
2261,39.795842
2262,36.265186
2263,42.231571
2264,39.63886
2265,38.846256
2266,43.33739
2267,43.406187
2268,39.34226
2269,35.281691
2270,41.562544
2271,41.820186
2272,39.404484
2273,41.853638
2274,42.546669
2275,37.922343
2276,35.496552
2277,39.983194
2278,42.239926
2279,42.912653
2280,43.068639
2281,38.193493
2282,39.585921
2283,33.725259
2284,37.411906
2285,38.824398
2286,41.851777
2287,40.967076
2288,40.62737
2289,38.965855
2290,34.983746
2291,37.349525
2292,35.407682
2293,38.216357
2294,37.13571
2295,32.862685
2296,31.556139
2297,38.453233
2298,35.442182
2299,35.638547
2300,35.804872
2301,37.134736
2302,37.706605
2303,38.095418
2304,35.055193
2305,35.772621
2306,38.166376
2307,35.741659
2308,38.906347
2309,37.237536
2310,38.542943
2311,40.648761
2312,38.069804
2313,41.231326
2314,40.986212
2315,38.798243
2316,30.658472
2317,24.160704
2318,24.387022
2319,32.720926
2320,34.513613
2321,36.184094
2322,27.206315
2323,25.663304
2324,31.791897
2325,37.72737
2326,35.101619
2327,37.265264
2328,33.913987
2329,35.929109
2330,37.264631
2331,32.207285
2332,32.911721
2333,36.96031
2334,35.699337
2335,32.14287
2336,35.341497
2337,37.212645
2338,34.600617
2339,29.328317
2340,22.175188
2341,26.799617
2342,26.749417
2343,34.575597
2344,33.681554
2345,26.647336
2346,32.099019
2347,27.884186
2348,27.011549
2349,32.118572
2350,25.084858
2351,24.331643
2352,10.37744
2353,25.122027
2354,33.288422
2355,31.716561
2356,27.42347
2357,27.055583
2358,23.8797
2359,27.972313
2360,35.21134
2361,34.793052
2362,31.234306
2363,33.601904
2364,21.159496
2365,32.269466
2366,33.593933
2367,23.810146
2368,29.133829
2369,19.728095
2370,22.419112
2371,6.6086782
2372,20.642274
2373,23.633223
2374,29.123436
2375,30.511589
2376,20.689733
2377,21.200447
2378,13.891233
2379,24.111683
2380,22.321761
2381,21.27457
2382,30.900023
2383,15.135815
2384,8.1469516
2385,24.47644
2386,7.7573704
2387,23.447213
2388,14.354895
2389,27.753447
2390,25.942557
2391,19.549068
2392,16.092141
2393,27.586236
2394,27.587127
2395,24.706461
2396,23.426819
2397,6.6376482
2398,19.891397
2399,27.868781
2400,19.531189
2500,2.8261068
2600,0
2700,0
2800,7.7621646e-05
2900,0.36016078
3000,2.2403691
3100,1.7459966
3200,3.1305499
3300,2.7232211
3400,7.0440386
3500,9.8289786
3600,8.8170872
3700,8.1752203
3800,7.6833983
3900,6.6301498
4000,6.2732079
4100,4.1710307
4200,0.69692543
4300,0
4400,0.00053588029
4500,0.22213918
4600,1.7574279
4700,1.8544208
4800,1.1078565
4900,1.071419
5000,0.47624966
5100,0.28225383
5200,0.032721928
5300,0.0055846909
5400,4.1773033e-05
5500,6.6812468e-08
5600,0
5700,0
5800,0
5900,0
6000,0
6100,0
6200,0
6300,0
6400,0
6500,0
6600,0
6700,0
6800,0
6900,0
7000,0
7100,0
7200,8.5737102e-08
7300,4.0619537e-08
7400,0.00029250208
7500,0.0048869548
7600,0.0011176
7700,0.016853987
7800,0.034507416
7900,0.0128947
8000,0.11857831
8100,0.26075585
8200,0.16946213
8300,0.24691634
8400,0.24694089
8500,0.23199224
8600,0.26478415
8700,0.24943946
8800,0.21866389
8900,0.24280065
9000,0.22616398
9100,0.22992535
9200,0.21475517
9300,0.19555299
9400,0.09224732
9500,0.032901895
9600,0.069134127
9700,0.052242151
9800,0.060951142
9900,0.085942613
10000,0.12542677
10100,0.15215505
10200,0.1404559
10300,0.13113264
10400,0.13701241
10500,0.11581149
10600,0.12070014
10700,0.12085029
10800,0.10465472
10900,0.10693941
11000,0.093866547
11100,0.10121421
11200,0.091644068
11300,0.078590172
11400,0.083632388
11500,0.078263145
11600,0.074979318
11700,0.056827208
11800,0.068412687
11900,0.061310309
12000,0.065959161
12100,0.052550683
12200,0.060519014
12300,0.047321614
12400,0.039727844
12500,0.026467019
12600,0.023213073
12700,0.040611344
12800,0.031169158
12900,0.026819335
13000,0.027534899
13100,0.029680835
13200,0.017368167
13300,0.0083114558
13400,0.0060394685
13500,0.0019845697
13600,0.0026192893
13700,0.00146231
13800,0.0031254779
13900,0.00015405328
14000,0.00038885259
14100,4.1300206e-05
14200,7.8201907e-08
14300,0
14400,0
14500,0
14600,0
14700,0
14800,0
14900,0
15000,0
16000,3.0446828e-05
17000,5.7746103e-05
18000,8.0582356e-05
19000,2.4356784e-05
20000,1.892562e-06
21000,1.4650463e-07
22000,1.0327118e-08
23000,0
24000,0
25000,0
26000,0
27000,0
28000,0
29000,0
30000,0
31000,0
32000,0
33000,0
34000,0
35000,0
36000,0
37000,0
38000,0
39000,0
40000,0
41000,0
42000,0
43000,0
44000,0
45000,0
46000,0
47000,0
48000,0
49000,0
50000,0
