Wvl	n
400	1.349779
401	1.349642
402	1.349506
403	1.349373
404	1.349239
405	1.349106
406	1.348972
407	1.348838
408	1.348705
409	1.348573
410	1.348443
411	1.348314
412	1.348187
413	1.348061
414	1.347936
415	1.347811
416	1.347687
417	1.347563
418	1.347440
419	1.347317
420	1.347195
421	1.347072
422	1.346950
423	1.346828
424	1.346708
425	1.346589
426	1.346471
427	1.346354
428	1.346238
429	1.346123
430	1.346009
431	1.345896
432	1.345783
433	1.345672
434	1.345561
435	1.345450
436	1.345339
437	1.345228
438	1.345119
439	1.345010
440	1.344902
441	1.344796
442	1.344690
443	1.344585
444	1.344480
445	1.344377
446	1.344274
447	1.344172
448	1.344071
449	1.343970
450	1.343869
451	1.343768
452	1.343667
453	1.343566
454	1.343467
455	1.343368
456	1.343270
457	1.343174
458	1.343078
459	1.342983
460	1.342887
461	1.342791
462	1.342694
463	1.342597
464	1.342502
465	1.342408
466	1.342316
467	1.342224
468	1.342133
469	1.342043
470	1.341952
471	1.341861
472	1.341771
473	1.341680
474	1.341591
475	1.341502
476	1.341413
477	1.341326
478	1.341239
479	1.341153
480	1.341067
481	1.340982
482	1.340897
483	1.340813
484	1.340729
485	1.340645
486	1.340562
487	1.340478
488	1.340396
489	1.340313
490	1.340232
491	1.340151
492	1.340071
493	1.339991
494	1.339911
495	1.339831
496	1.339751
497	1.339670
498	1.339589
499	1.339509
500	1.339430
501	1.339353
502	1.339277
503	1.339201
504	1.339126
505	1.339050
506	1.338974
507	1.338899
508	1.338823
509	1.338748
510	1.338672
511	1.338598
512	1.338523
513	1.338449
514	1.338376
515	1.338303
516	1.338230
517	1.338158
518	1.338086
519	1.338015
520	1.337944
521	1.337873
522	1.337803
523	1.337732
524	1.337663
525	1.337593
526	1.337524
527	1.337456
528	1.337388
529	1.337320
530	1.337253
531	1.337185
532	1.337118
533	1.337050
534	1.336983
535	1.336916
536	1.336849
537	1.336782
538	1.336714
539	1.336648
540	1.336582
541	1.336517
542	1.336453
543	1.336388
544	1.336324
545	1.336260
546	1.336195
547	1.336131
548	1.336067
549	1.336004
550	1.335941
551	1.335878
552	1.335816
553	1.335754
554	1.335693
555	1.335632
556	1.335571
557	1.335512
558	1.335452
559	1.335392
560	1.335332
561	1.335271
562	1.335210
563	1.335149
564	1.335089
565	1.335029
566	1.334971
567	1.334913
568	1.334856
569	1.334798
570	1.334741
571	1.334682
572	1.334624
573	1.334565
574	1.334506
575	1.334448
576	1.334391
577	1.334334
578	1.334278
579	1.334222
580	1.334167
581	1.334111
582	1.334056
583	1.334001
584	1.333946
585	1.333891
586	1.333836
587	1.333782
588	1.333728
589	1.333674
590	1.333620
591	1.333566
592	1.333513
593	1.333459
594	1.333406
595	1.333353
596	1.333300
597	1.333247
598	1.333195
599	1.333142
600	1.333090
601	1.333037
602	1.332985
603	1.332932
604	1.332880
605	1.332829
606	1.332777
607	1.332725
608	1.332674
609	1.332623
610	1.332573
611	1.332523
612	1.332474
613	1.332425
614	1.332376
615	1.332327
616	1.332277
617	1.332226
618	1.332176
619	1.332126
620	1.332077
621	1.332028
622	1.331980
623	1.331932
624	1.331884
625	1.331836
626	1.331787
627	1.331739
628	1.331691
629	1.331643
630	1.331595
631	1.331548
632	1.331500
633	1.331453
634	1.331406
635	1.331359
636	1.331313
637	1.331267
638	1.331221
639	1.331176
640	1.331130
641	1.331086
642	1.331041
643	1.330997
644	1.330952
645	1.330908
646	1.330864
647	1.330819
648	1.330775
649	1.330731
650	1.330687
651	1.330644
652	1.330601
653	1.330558
654	1.330515
655	1.330473
656	1.330431
657	1.330390
658	1.330349
659	1.330308
660	1.330267
661	1.330226
662	1.330185
663	1.330145
664	1.330104
665	1.330064
666	1.330024
667	1.329984
668	1.329944
669	1.329905
670	1.329865
671	1.329826
672	1.329787
673	1.329748
674	1.329709
675	1.329671
676	1.329633
677	1.329595
678	1.329557
679	1.329519
680	1.329482
681	1.329445
682	1.329407
683	1.329370
684	1.329333
685	1.329296
686	1.329260
687	1.329223
688	1.329186
689	1.329149
690	1.329113
691	1.329078
692	1.329042
693	1.329008
694	1.328973
695	1.328938
696	1.328903
697	1.328867
698	1.328832
699	1.328797
700	1.328762
701	1.328728
702	1.328694
703	1.328660
704	1.328626
705	1.328593
706	1.328559
707	1.328526
708	1.328493
709	1.328460
710	1.328427
711	1.328394
712	1.328361
713	1.328328
714	1.328295
715	1.328263
716	1.328230
717	1.328197
718	1.328165
719	1.328133
720	1.328101
721	1.328069
722	1.328038
723	1.328006
724	1.327975
725	1.327945
726	1.327914
727	1.327884
728	1.327854
729	1.327823
730	1.327793
731	1.327761
732	1.327730
733	1.327698
734	1.327667
735	1.327637
736	1.327607
737	1.327578
738	1.327549
739	1.327520
740	1.327490
741	1.327460
742	1.327430
743	1.327400
744	1.327371
745	1.327341
746	1.327312
747	1.327284
748	1.327255
749	1.327227
750	1.327198
751	1.327170
752	1.327142
753	1.327114
754	1.327086
755	1.327058
756	1.327030
757	1.327001
758	1.326973
759	1.326945
760	1.326917
761	1.326890
762	1.326862
763	1.326835
764	1.326808
765	1.326780
766	1.326753
767	1.326725
768	1.326697
769	1.326670
770	1.326643
771	1.326616
772	1.326590
773	1.326564
774	1.326537
775	1.326511
776	1.326484
777	1.326457
778	1.326430
779	1.326403
780	1.326377
781	1.326351
782	1.326325
783	1.326300
784	1.326275
785	1.326249
786	1.326224
787	1.326198
788	1.326173
789	1.326147
790	1.326122
791	1.326096
792	1.326071
793	1.326045
794	1.326020
795	1.325994
796	1.325969
797	1.325944
798	1.325919
799	1.325894
800	1.325869
801	1.325845
802	1.325821
803	1.325797
804	1.325773
805	1.325749
806	1.325724
807	1.325700
808	1.325675
809	1.325650
810	1.325626
811	1.325602
812	1.325577
813	1.325553
814	1.325529
815	1.325505
816	1.325481
817	1.325458
818	1.325435
819	1.325412
820	1.325388
821	1.325365
822	1.325340
823	1.325316
824	1.325292
825	1.325269
826	1.325246
827	1.325223
828	1.325200
829	1.325178
830	1.325155
831	1.325132
832	1.325108
833	1.325085
834	1.325062
835	1.325039
836	1.325016
837	1.324993
838	1.324971
839	1.324948
840	1.324926
841	1.324903
842	1.324880
843	1.324857
844	1.324834
845	1.324812
846	1.324789
847	1.324767
848	1.324745
849	1.324722
850	1.324701
851	1.324679
852	1.324657
853	1.324636
854	1.324614
855	1.324592
856	1.324570
857	1.324547
858	1.324524
859	1.324502
860	1.324480
861	1.324459
862	1.324437
863	1.324416
864	1.324394
865	1.324373
866	1.324351
867	1.324330
868	1.324308
869	1.324287
870	1.324265
871	1.324244
872	1.324223
873	1.324201
874	1.324180
875	1.324159
876	1.324138
877	1.324116
878	1.324095
879	1.324074
880	1.324053
881	1.324032
882	1.324011
883	1.323990
884	1.323969
885	1.323948
886	1.323927
887	1.323906
888	1.323884
889	1.323863
890	1.323842
891	1.323822
892	1.323801
893	1.323781
894	1.323761
895	1.323740
896	1.323720
897	1.323699
898	1.323679
899	1.323658
900	1.323638
901	1.323617
902	1.323596
903	1.323576
904	1.323555
905	1.323534
906	1.323514
907	1.323493
908	1.323473
909	1.323452
910	1.323432
911	1.323412
912	1.323392
913	1.323373
914	1.323353
915	1.323333
916	1.323312
917	1.323292
918	1.323271
919	1.323250
920	1.323230
921	1.323210
922	1.323190
923	1.323171
924	1.323152
925	1.323132
926	1.323113
927	1.323093
928	1.323074
929	1.323054
930	1.323034
931	1.323014
932	1.322994
933	1.322974
934	1.322954
935	1.322934
936	1.322914
937	1.322895
938	1.322875
939	1.322856
940	1.322836
941	1.322817
942	1.322798
943	1.322778
944	1.322759
945	1.322739
946	1.322720
947	1.322700
948	1.322681
949	1.322661
950	1.322642
951	1.322622
952	1.322603
953	1.322584
954	1.322565
955	1.322546
956	1.322527
957	1.322508
958	1.322489
959	1.322470
960	1.322450
961	1.322431
962	1.322412
963	1.322393
964	1.322373
965	1.322354
966	1.322335
967	1.322316
968	1.322297
969	1.322277
970	1.322258
971	1.322240
972	1.322221
973	1.322202
974	1.322184
975	1.322165
976	1.322146
977	1.322127
978	1.322108
979	1.322089
980	1.322070
981	1.322051
982	1.322032
983	1.322013
984	1.321994
985	1.321975
986	1.321956
987	1.321937
988	1.321919
989	1.321900
990	1.321881
991	1.321862
992	1.321843
993	1.321825
994	1.321806
995	1.321787
996	1.321769
997	1.321751
998	1.321732
999	1.321714
1000	1.321695
1001	1.321676
1002	1.321657
1003	1.321637
1004	1.321618
1005	1.321598
1006	1.321579
1007	1.321559
1008	1.321540
1009	1.321521
1010	1.321502
1011	1.321484
1012	1.321466
1013	1.321448
1014	1.321430
1015	1.321412
1016	1.321394
1017	1.321376
1018	1.321358
1019	1.321340
1020	1.321322
1021	1.321303
1022	1.321284
1023	1.321265
1024	1.321245
1025	1.321225
1026	1.321205
1027	1.321185
1028	1.321166
1029	1.321147
1030	1.321128
1031	1.321110
1032	1.321092
1033	1.321074
1034	1.321056
1035	1.321039
1036	1.321022
1037	1.321004
1038	1.320987
1039	1.320970
1040	1.320952
1041	1.320934
1042	1.320917
1043	1.320900
1044	1.320882
1045	1.320865
1046	1.320847
1047	1.320830
1048	1.320812
1049	1.320794
1050	1.320775
1051	1.320756
1052	1.320736
1053	1.320716
1054	1.320696
1055	1.320675
1056	1.320655
1057	1.320635
1058	1.320615
1059	1.320596
1060	1.320577
1061	1.320559
1062	1.320541
1063	1.320523
1064	1.320505
1065	1.320487
1066	1.320470
1067	1.320452
1068	1.320434
1069	1.320416
1070	1.320398
1071	1.320380
1072	1.320361
1073	1.320343
1074	1.320325
1075	1.320306
1076	1.320288
1077	1.320270
1078	1.320251
1079	1.320233
1080	1.320215
1081	1.320197
1082	1.320178
1083	1.320160
1084	1.320142
1085	1.320124
1086	1.320106
1087	1.320088
1088	1.320069
1089	1.320051
1090	1.320033
1091	1.320014
1092	1.319996
1093	1.319977
1094	1.319958
1095	1.319940
1096	1.319921
1097	1.319902
1098	1.319884
1099	1.319865
1100	1.319846
1101	1.319828
1102	1.319809
1103	1.319790
1104	1.319772
1105	1.319753
1106	1.319734
1107	1.319716
1108	1.319697
1109	1.319678
1110	1.319659
1111	1.319640
1112	1.319621
1113	1.319601
1114	1.319582
1115	1.319563
1116	1.319544
1117	1.319525
1118	1.319506
1119	1.319488
1120	1.319470
1121	1.319452
1122	1.319435
1123	1.319418
1124	1.319401
1125	1.319384
1126	1.319367
1127	1.319349
1128	1.319332
1129	1.319314
1130	1.319296
1131	1.319277
1132	1.319258
1133	1.319239
1134	1.319219
1135	1.319200
1136	1.319180
1137	1.319160
1138	1.319141
1139	1.319122
1140	1.319103
1141	1.319085
1142	1.319067
1143	1.319049
1144	1.319031
1145	1.319014
1146	1.318997
1147	1.318979
1148	1.318962
1149	1.318944
1150	1.318927
1151	1.318909
1152	1.318891
1153	1.318873
1154	1.318855
1155	1.318837
1156	1.318819
1157	1.318800
1158	1.318782
1159	1.318763
1160	1.318744
1161	1.318724
1162	1.318705
1163	1.318685
1164	1.318664
1165	1.318644
1166	1.318624
1167	1.318605
1168	1.318585
1169	1.318566
1170	1.318547
1171	1.318529
1172	1.318510
1173	1.318492
1174	1.318474
1175	1.318456
1176	1.318438
1177	1.318420
1178	1.318402
1179	1.318384
1180	1.318366
1181	1.318348
1182	1.318329
1183	1.318311
1184	1.318292
1185	1.318274
1186	1.318255
1187	1.318237
1188	1.318218
1189	1.318200
1190	1.318181
1191	1.318162
1192	1.318143
1193	1.318124
1194	1.318104
1195	1.318084
1196	1.318065
1197	1.318046
1198	1.318027
1199	1.318008
1200	1.317990
1201	1.317972
1202	1.317955
1203	1.317938
1204	1.317921
1205	1.317904
1206	1.317887
1207	1.317870
1208	1.317853
1209	1.317835
1210	1.317817
1211	1.317799
1212	1.317780
1213	1.317761
1214	1.317741
1215	1.317721
1216	1.317701
1217	1.317681
1218	1.317661
1219	1.317641
1220	1.317621
1221	1.317602
1222	1.317582
1223	1.317562
1224	1.317543
1225	1.317523
1226	1.317504
1227	1.317484
1228	1.317465
1229	1.317446
1230	1.317427
1231	1.317408
1232	1.317390
1233	1.317372
1234	1.317354
1235	1.317336
1236	1.317318
1237	1.317300
1238	1.317282
1239	1.317263
1240	1.317244
1241	1.317224
1242	1.317204
1243	1.317184
1244	1.317163
1245	1.317143
1246	1.317122
1247	1.317102
1248	1.317082
1249	1.317062
1250	1.317042
1251	1.317023
1252	1.317004
1253	1.316985
1254	1.316966
1255	1.316948
1256	1.316929
1257	1.316910
1258	1.316892
1259	1.316873
1260	1.316854
1261	1.316836
1262	1.316817
1263	1.316798
1264	1.316780
1265	1.316761
1266	1.316742
1267	1.316723
1268	1.316704
1269	1.316685
1270	1.316665
1271	1.316645
1272	1.316624
1273	1.316603
1274	1.316580
1275	1.316558
1276	1.316535
1277	1.316513
1278	1.316491
1279	1.316470
1280	1.316449
1281	1.316429
1282	1.316409
1283	1.316389
1284	1.316370
1285	1.316350
1286	1.316331
1287	1.316311
1288	1.316292
1289	1.316272
1290	1.316253
1291	1.316233
1292	1.316213
1293	1.316193
1294	1.316173
1295	1.316153
1296	1.316133
1297	1.316113
1298	1.316092
1299	1.316072
1300	1.316052
1301	1.316032
1302	1.316011
1303	1.315991
1304	1.315971
1305	1.315950
1306	1.315930
1307	1.315909
1308	1.315889
1309	1.315868
1310	1.315847
1311	1.315827
1312	1.315806
1313	1.315785
1314	1.315765
1315	1.315744
1316	1.315723
1317	1.315702
1318	1.315681
1319	1.315660
1320	1.315639
1321	1.315618
1322	1.315597
1323	1.315575
1324	1.315554
1325	1.315532
1326	1.315510
1327	1.315488
1328	1.315467
1329	1.315446
1330	1.315425
1331	1.315405
1332	1.315385
1333	1.315365
1334	1.315346
1335	1.315327
1336	1.315308
1337	1.315288
1338	1.315268
1339	1.315248
1340	1.315228
1341	1.315207
1342	1.315186
1343	1.315164
1344	1.315142
1345	1.315120
1346	1.315098
1347	1.315076
1348	1.315053
1349	1.315031
1350	1.315009
1351	1.314986
1352	1.314963
1353	1.314941
1354	1.314918
1355	1.314895
1356	1.314872
1357	1.314850
1358	1.314827
1359	1.314804
1360	1.314782
1361	1.314760
1362	1.314738
1363	1.314717
1364	1.314696
1365	1.314675
1366	1.314654
1367	1.314634
1368	1.314612
1369	1.314591
1370	1.314569
1371	1.314547
1372	1.314524
1373	1.314500
1374	1.314476
1375	1.314451
1376	1.314426
1377	1.314401
1378	1.314377
1379	1.314353
1380	1.314329
1381	1.314306
1382	1.314283
1383	1.314261
1384	1.314238
1385	1.314216
1386	1.314194
1387	1.314172
1388	1.314149
1389	1.314127
1390	1.314104
1391	1.314081
1392	1.314058
1393	1.314034
1394	1.314011
1395	1.313987
1396	1.313964
1397	1.313940
1398	1.313917
1399	1.313894
1400	1.313871
1401	1.313848
1402	1.313824
1403	1.313801
1404	1.313777
1405	1.313754
1406	1.313732
1407	1.313710
1408	1.313690
1409	1.313671
1410	1.313653
1411	1.313637
1412	1.313621
1413	1.313605
1414	1.313590
1415	1.313576
1416	1.313561
1417	1.313547
1418	1.313533
1419	1.313518
1420	1.313503
1421	1.313489
1422	1.313474
1423	1.313460
1424	1.313446
1425	1.313431
1426	1.313417
1427	1.313402
1428	1.313388
1429	1.313373
1430	1.313358
1431	1.313343
1432	1.313328
1433	1.313313
1434	1.313298
1435	1.313282
1436	1.313267
1437	1.313251
1438	1.313236
1439	1.313220
1440	1.313204
1441	1.313188
1442	1.313171
1443	1.313155
1444	1.313138
1445	1.313122
1446	1.313105
1447	1.313088
1448	1.313072
1449	1.313055
1450	1.313038
1451	1.313022
1452	1.313005
1453	1.312989
1454	1.312972
1455	1.312955
1456	1.312939
1457	1.312922
1458	1.312905
1459	1.312888
1460	1.312871
1461	1.312854
1462	1.312837
1463	1.312820
1464	1.312803
1465	1.312786
1466	1.312768
1467	1.312751
1468	1.312733
1469	1.312715
1470	1.312697
1471	1.312678
1472	1.312660
1473	1.312641
1474	1.312622
1475	1.312603
1476	1.312584
1477	1.312564
1478	1.312545
1479	1.312525
1480	1.312505
1481	1.312485
1482	1.312464
1483	1.312443
1484	1.312422
1485	1.312401
1486	1.312380
1487	1.312360
1488	1.312339
1489	1.312318
1490	1.312298
1491	1.312277
1492	1.312257
1493	1.312237
1494	1.312218
1495	1.312198
1496	1.312177
1497	1.312157
1498	1.312136
1499	1.312115
1500	1.312093
1501	1.312070
1502	1.312047
1503	1.312023
1504	1.311999
1505	1.311974
1506	1.311949
1507	1.311924
1508	1.311900
1509	1.311876
1510	1.311852
1511	1.311829
1512	1.311806
1513	1.311784
1514	1.311762
1515	1.311740
1516	1.311718
1517	1.311696
1518	1.311673
1519	1.311651
1520	1.311628
1521	1.311604
1522	1.311580
1523	1.311555
1524	1.311530
1525	1.311504
1526	1.311478
1527	1.311453
1528	1.311427
1529	1.311401
1530	1.311376
1531	1.311352
1532	1.311328
1533	1.311305
1534	1.311281
1535	1.311258
1536	1.311236
1537	1.311213
1538	1.311190
1539	1.311167
1540	1.311144
1541	1.311121
1542	1.311097
1543	1.311073
1544	1.311048
1545	1.311023
1546	1.310998
1547	1.310973
1548	1.310948
1549	1.310923
1550	1.310899
1551	1.310875
1552	1.310851
1553	1.310828
1554	1.310804
1555	1.310781
1556	1.310757
1557	1.310733
1558	1.310709
1559	1.310684
1560	1.310659
1561	1.310633
1562	1.310606
1563	1.310579
1564	1.310551
1565	1.310524
1566	1.310496
1567	1.310468
1568	1.310440
1569	1.310413
1570	1.310387
1571	1.310361
1572	1.310336
1573	1.310310
1574	1.310285
1575	1.310260
1576	1.310236
1577	1.310211
1578	1.310187
1579	1.310162
1580	1.310138
1581	1.310114
1582	1.310090
1583	1.310067
1584	1.310044
1585	1.310022
1586	1.309999
1587	1.309976
1588	1.309952
1589	1.309928
1590	1.309903
1591	1.309878
1592	1.309852
1593	1.309826
1594	1.309800
1595	1.309774
1596	1.309748
1597	1.309721
1598	1.309695
1599	1.309668
1600	1.309642
1601	1.309616
1602	1.309590
1603	1.309563
1604	1.309537
1605	1.309511
1606	1.309484
1607	1.309458
1608	1.309432
1609	1.309405
1610	1.309379
1611	1.309352
1612	1.309325
1613	1.309299
1614	1.309272
1615	1.309245
1616	1.309218
1617	1.309191
1618	1.309164
1619	1.309137
1620	1.309110
1621	1.309083
1622	1.309055
1623	1.309027
1624	1.308998
1625	1.308969
1626	1.308940
1627	1.308911
1628	1.308883
1629	1.308855
1630	1.308828
1631	1.308802
1632	1.308777
1633	1.308752
1634	1.308727
1635	1.308702
1636	1.308677
1637	1.308652
1638	1.308627
1639	1.308601
1640	1.308575
1641	1.308548
1642	1.308520
1643	1.308490
1644	1.308460
1645	1.308430
1646	1.308399
1647	1.308370
1648	1.308341
1649	1.308313
1650	1.308286
1651	1.308260
1652	1.308234
1653	1.308208
1654	1.308182
1655	1.308157
1656	1.308131
1657	1.308104
1658	1.308077
1659	1.308050
1660	1.308021
1661	1.307991
1662	1.307961
1663	1.307929
1664	1.307897
1665	1.307865
1666	1.307832
1667	1.307800
1668	1.307767
1669	1.307735
1670	1.307703
1671	1.307672
1672	1.307642
1673	1.307612
1674	1.307583
1675	1.307554
1676	1.307525
1677	1.307496
1678	1.307466
1679	1.307435
1680	1.307403
1681	1.307371
1682	1.307338
1683	1.307305
1684	1.307271
1685	1.307238
1686	1.307204
1687	1.307171
1688	1.307138
1689	1.307105
1690	1.307073
1691	1.307042
1692	1.307011
1693	1.306980
1694	1.306950
1695	1.306920
1696	1.306890
1697	1.306860
1698	1.306829
1699	1.306798
1700	1.306767
1701	1.306736
1702	1.306705
1703	1.306673
1704	1.306642
1705	1.306611
1706	1.306579
1707	1.306548
1708	1.306516
1709	1.306485
1710	1.306453
1711	1.306421
1712	1.306390
1713	1.306358
1714	1.306326
1715	1.306294
1716	1.306262
1717	1.306231
1718	1.306199
1719	1.306167
1720	1.306134
1721	1.306102
1722	1.306070
1723	1.306038
1724	1.306005
1725	1.305973
1726	1.305940
1727	1.305907
1728	1.305875
1729	1.305842
1730	1.305809
1731	1.305776
1732	1.305743
1733	1.305711
1734	1.305678
1735	1.305645
1736	1.305612
1737	1.305579
1738	1.305546
1739	1.305513
1740	1.305480
1741	1.305446
1742	1.305413
1743	1.305380
1744	1.305346
1745	1.305312
1746	1.305278
1747	1.305244
1748	1.305210
1749	1.305176
1750	1.305142
1751	1.305108
1752	1.305073
1753	1.305039
1754	1.305005
1755	1.304970
1756	1.304936
1757	1.304901
1758	1.304867
1759	1.304832
1760	1.304797
1761	1.304762
1762	1.304727
1763	1.304692
1764	1.304656
1765	1.304621
1766	1.304585
1767	1.304549
1768	1.304514
1769	1.304478
1770	1.304442
1771	1.304406
1772	1.304370
1773	1.304334
1774	1.304298
1775	1.304261
1776	1.304226
1777	1.304190
1778	1.304155
1779	1.304121
1780	1.304087
1781	1.304053
1782	1.304020
1783	1.303987
1784	1.303954
1785	1.303921
1786	1.303888
1787	1.303855
1788	1.303822
1789	1.303788
1790	1.303753
1791	1.303718
1792	1.303682
1793	1.303646
1794	1.303608
1795	1.303571
1796	1.303533
1797	1.303495
1798	1.303456
1799	1.303418
1800	1.303379
1801	1.303340
1802	1.303301
1803	1.303261
1804	1.303222
1805	1.303182
1806	1.303142
1807	1.303103
1808	1.303063
1809	1.303024
1810	1.302985
1811	1.302947
1812	1.302910
1813	1.302873
1814	1.302837
1815	1.302801
1816	1.302766
1817	1.302730
1818	1.302693
1819	1.302655
1820	1.302616
1821	1.302575
1822	1.302533
1823	1.302490
1824	1.302446
1825	1.302401
1826	1.302357
1827	1.302313
1828	1.302269
1829	1.302226
1830	1.302184
1831	1.302142
1832	1.302100
1833	1.302058
1834	1.302016
1835	1.301974
1836	1.301932
1837	1.301889
1838	1.301845
1839	1.301801
1840	1.301756
1841	1.301709
1842	1.301661
1843	1.301610
1844	1.301558
1845	1.301504
1846	1.301450
1847	1.301396
1848	1.301343
1849	1.301291
1850	1.301240
1851	1.301188
1852	1.301137
1853	1.301085
1854	1.301034
1855	1.300983
1856	1.300932
1857	1.300881
1858	1.300831
1859	1.300781
1860	1.300731
1861	1.300682
1862	1.300633
1863	1.300585
1864	1.300537
1865	1.300490
1866	1.300443
1867	1.300397
1868	1.300351
1869	1.300305
1870	1.300259
1871	1.300214
1872	1.300168
1873	1.300122
1874	1.300076
1875	1.300031
1876	1.299986
1877	1.299943
1878	1.299900
1879	1.299860
1880	1.299822
1881	1.299786
1882	1.299751
1883	1.299718
1884	1.299684
1885	1.299651
1886	1.299617
1887	1.299582
1888	1.299545
1889	1.299506
1890	1.299464
1891	1.299421
1892	1.299376
1893	1.299331
1894	1.299285
1895	1.299239
1896	1.299195
1897	1.299151
1898	1.299109
1899	1.299069
1900	1.299032
1901	1.298998
1902	1.298966
1903	1.298934
1904	1.298904
1905	1.298876
1906	1.298850
1907	1.298828
1908	1.298811
1909	1.298798
1910	1.298791
1911	1.298789
1912	1.298789
1913	1.298790
1914	1.298793
1915	1.298796
1916	1.298798
1917	1.298799
1918	1.298797
1919	1.298793
1920	1.298787
1921	1.298780
1922	1.298772
1923	1.298764
1924	1.298756
1925	1.298747
1926	1.298738
1927	1.298729
1928	1.298719
1929	1.298710
1930	1.298700
1931	1.298691
1932	1.298681
1933	1.298672
1934	1.298662
1935	1.298652
1936	1.298643
1937	1.298633
1938	1.298622
1939	1.298612
1940	1.298601
1941	1.298590
1942	1.298579
1943	1.298567
1944	1.298554
1945	1.298542
1946	1.298529
1947	1.298515
1948	1.298501
1949	1.298487
1950	1.298472
1951	1.298457
1952	1.298441
1953	1.298425
1954	1.298407
1955	1.298390
1956	1.298371
1957	1.298351
1958	1.298330
1959	1.298308
1960	1.298284
1961	1.298259
1962	1.298231
1963	1.298203
1964	1.298173
1965	1.298143
1966	1.298112
1967	1.298081
1968	1.298051
1969	1.298021
1970	1.297990
1971	1.297959
1972	1.297928
1973	1.297897
1974	1.297866
1975	1.297834
1976	1.297802
1977	1.297770
1978	1.297738
1979	1.297706
1980	1.297673
1981	1.297640
1982	1.297607
1983	1.297574
1984	1.297540
1985	1.297507
1986	1.297472
1987	1.297438
1988	1.297403
1989	1.297367
1990	1.297330
1991	1.297292
1992	1.297253
1993	1.297213
1994	1.297172
1995	1.297130
1996	1.297088
1997	1.297045
1998	1.297001
1999	1.296957
2000	1.296913
2001	1.296869
2002	1.296824
2003	1.296778
2004	1.296732
2005	1.296686
2006	1.296640
2007	1.296593
2008	1.296546
2009	1.296499
2010	1.296452
2011	1.296404
2012	1.296355
2013	1.296307
2014	1.296258
2015	1.296210
2016	1.296161
2017	1.296113
2018	1.296066
2019	1.296019
2020	1.295973
2021	1.295927
2022	1.295882
2023	1.295837
2024	1.295791
2025	1.295746
2026	1.295700
2027	1.295653
2028	1.295606
2029	1.295558
2030	1.295510
2031	1.295462
2032	1.295414
2033	1.295365
2034	1.295316
2035	1.295267
2036	1.295218
2037	1.295168
2038	1.295119
2039	1.295069
2040	1.295019
2041	1.294969
2042	1.294919
2043	1.294868
2044	1.294817
2045	1.294766
2046	1.294714
2047	1.294662
2048	1.294610
2049	1.294558
2050	1.294507
2051	1.294457
2052	1.294408
2053	1.294359
2054	1.294312
2055	1.294264
2056	1.294217
2057	1.294170
2058	1.294122
2059	1.294073
2060	1.294024
2061	1.293973
2062	1.293920
2063	1.293866
2064	1.293811
2065	1.293754
2066	1.293698
2067	1.293641
2068	1.293585
2069	1.293530
2070	1.293476
2071	1.293424
2072	1.293373
2073	1.293322
2074	1.293272
2075	1.293223
2076	1.293173
2077	1.293123
2078	1.293072
2079	1.293020
2080	1.292966
2081	1.292910
2082	1.292853
2083	1.292794
2084	1.292734
2085	1.292673
2086	1.292613
2087	1.292554
2088	1.292495
2089	1.292438
2090	1.292382
2091	1.292328
2092	1.292273
2093	1.292220
2094	1.292166
2095	1.292113
2096	1.292060
2097	1.292007
2098	1.291953
2099	1.291899
2100	1.291845
2101	1.291791
2102	1.291738
2103	1.291684
2104	1.291631
2105	1.291577
2106	1.291522
2107	1.291467
2108	1.291410
2109	1.291353
2110	1.291294
2111	1.291233
2112	1.291171
2113	1.291108
2114	1.291044
2115	1.290980
2116	1.290917
2117	1.290855
2118	1.290795
2119	1.290736
2120	1.290678
2121	1.290620
2122	1.290563
2123	1.290506
2124	1.290450
2125	1.290393
2126	1.290336
2127	1.290279
2128	1.290221
2129	1.290163
2130	1.290105
2131	1.290046
2132	1.289988
2133	1.289929
2134	1.289870
2135	1.289812
2136	1.289752
2137	1.289693
2138	1.289634
2139	1.289575
2140	1.289515
2141	1.289455
2142	1.289395
2143	1.289335
2144	1.289275
2145	1.289215
2146	1.289154
2147	1.289094
2148	1.289033
2149	1.288972
2150	1.288911
2151	1.288850
2152	1.288789
2153	1.288727
2154	1.288666
2155	1.288604
2156	1.288542
2157	1.288480
2158	1.288418
2159	1.288356
2160	1.288293
2161	1.288230
2162	1.288168
2163	1.288105
2164	1.288041
2165	1.287978
2166	1.287915
2167	1.287851
2168	1.287787
2169	1.287723
2170	1.287659
2171	1.287594
2172	1.287530
2173	1.287465
2174	1.287400
2175	1.287335
2176	1.287270
2177	1.287205
2178	1.287139
2179	1.287073
2180	1.287007
2181	1.286941
2182	1.286875
2183	1.286809
2184	1.286742
2185	1.286675
2186	1.286608
2187	1.286541
2188	1.286474
2189	1.286406
2190	1.286339
2191	1.286271
2192	1.286203
2193	1.286134
2194	1.286066
2195	1.285997
2196	1.285928
2197	1.285859
2198	1.285790
2199	1.285721
2200	1.285651
2201	1.285581
2202	1.285511
2203	1.285441
2204	1.285370
2205	1.285300
2206	1.285229
2207	1.285158
2208	1.285087
2209	1.285016
2210	1.284944
2211	1.284873
2212	1.284801
2213	1.284729
2214	1.284656
2215	1.284584
2216	1.284511
2217	1.284438
2218	1.284365
2219	1.284291
2220	1.284217
2221	1.284142
2222	1.284066
2223	1.283991
2224	1.283915
2225	1.283840
2226	1.283766
2227	1.283692
2228	1.283619
2229	1.283548
2230	1.283478
2231	1.283408
2232	1.283340
2233	1.283272
2234	1.283204
2235	1.283136
2236	1.283067
2237	1.282997
2238	1.282925
2239	1.282852
2240	1.282777
2241	1.282701
2242	1.282623
2243	1.282545
2244	1.282465
2245	1.282385
2246	1.282305
2247	1.282224
2248	1.282144
2249	1.282064
2250	1.281984
2251	1.281903
2252	1.281822
2253	1.281740
2254	1.281658
2255	1.281577
2256	1.281495
2257	1.281415
2258	1.281335
2259	1.281256
2260	1.281178
2261	1.281102
2262	1.281027
2263	1.280953
2264	1.280879
2265	1.280804
2266	1.280730
2267	1.280655
2268	1.280578
2269	1.280501
2270	1.280421
2271	1.280339
2272	1.280255
2273	1.280169
2274	1.280082
2275	1.279994
2276	1.279906
2277	1.279818
2278	1.279731
2279	1.279645
2280	1.279561
2281	1.279479
2282	1.279398
2283	1.279318
2284	1.279239
2285	1.279161
2286	1.279082
2287	1.279003
2288	1.278924
2289	1.278843
2290	1.278760
2291	1.278675
2292	1.278588
2293	1.278498
2294	1.278406
2295	1.278313
2296	1.278219
2297	1.278125
2298	1.278031
2299	1.277938
2300	1.277846
2301	1.277755
2302	1.277666
2303	1.277579
2304	1.277493
2305	1.277408
2306	1.277323
2307	1.277237
2308	1.277152
2309	1.277065
2310	1.276978
2311	1.276888
2312	1.276797
2313	1.276702
2314	1.276603
2315	1.276502
2316	1.276402
2317	1.276305
2318	1.276211
2319	1.276118
2320	1.276025
2321	1.275934
2322	1.275843
2323	1.275752
2324	1.275662
2325	1.275571
2326	1.275479
2327	1.275388
2328	1.275295
2329	1.275202
2330	1.275108
2331	1.275015
2332	1.274921
2333	1.274827
2334	1.274733
2335	1.274638
2336	1.274543
2337	1.274448
2338	1.274353
2339	1.274257
2340	1.274161
2341	1.274066
2342	1.273971
2343	1.273876
2344	1.273780
2345	1.273684
2346	1.273587
2347	1.273488
2348	1.273389
2349	1.273287
2350	1.273184
2351	1.273078
2352	1.272969
2353	1.272857
2354	1.272743
2355	1.272628
2356	1.272513
2357	1.272398
2358	1.272284
2359	1.272172
2360	1.272062
2361	1.271954
2362	1.271848
2363	1.271742
2364	1.271638
2365	1.271533
2366	1.271429
2367	1.271325
2368	1.271221
2369	1.271116
2370	1.271009
2371	1.270902
2372	1.270793
2373	1.270683
2374	1.270572
2375	1.270460
2376	1.270347
2377	1.270235
2378	1.270122
2379	1.270011
2380	1.269900
2381	1.269790
2382	1.269682
2383	1.269576
2384	1.269474
2385	1.269372
2386	1.269270
2387	1.269166
2388	1.269059
2389	1.268949
2390	1.268837
2391	1.268724
2392	1.268609
2393	1.268494
2394	1.268377
2395	1.268260
2396	1.268142
2397	1.268024
2398	1.267906
2399	1.267787
2400	1.267668
2401	1.267549
2402	1.267428
2403	1.267308
2404	1.267187
2405	1.267065
2406	1.266943
2407	1.266820
2408	1.266697
2409	1.266574
2410	1.266450
2411	1.266326
2412	1.266202
2413	1.266077
2414	1.265952
2415	1.265826
2416	1.265700
2417	1.265574
2418	1.265446
2419	1.265318
2420	1.265189
2421	1.265059
2422	1.264927
2423	1.264794
2424	1.264659
2425	1.264523
2426	1.264386
2427	1.264249
2428	1.264112
2429	1.263976
2430	1.263841
2431	1.263708
2432	1.263577
2433	1.263449
2434	1.263325
2435	1.263202
2436	1.263079
2437	1.262953
2438	1.262824
2439	1.262691
2440	1.262557
2441	1.262421
2442	1.262284
2443	1.262145
2444	1.262006
2445	1.261865
2446	1.261724
2447	1.261582
2448	1.261440
2449	1.261297
2450	1.261153
2451	1.261008
2452	1.260862
2453	1.260715
2454	1.260567
2455	1.260419
2456	1.260271
2457	1.260123
2458	1.259975
2459	1.259829
2460	1.259683
2461	1.259539
2462	1.259398
2463	1.259258
2464	1.259119
2465	1.258981
2466	1.258842
2467	1.258703
2468	1.258561
2469	1.258418
2470	1.258272
2471	1.258123
2472	1.257969
2473	1.257805
2474	1.257628
2475	1.257447
2476	1.257269
2477	1.257102
2478	1.256946
2479	1.256796
2480	1.256649
2481	1.256506
2482	1.256365
2483	1.256225
2484	1.256084
2485	1.255943
2486	1.255800
2487	1.255653
2488	1.255503
2489	1.255347
2490	1.255186
2491	1.255021
2492	1.254853
2493	1.254681
2494	1.254508
2495	1.254334
2496	1.254159
2497	1.253983
2498	1.253809
2499	1.253636
2500	1.253465
