ID,Name,Refl_file,Specular,m_d_tot,m_d,m_w_tot,V_tot,SMCv,SMCg,Clay,Silt,Sand,Density,OM,L,eps,d,K,a,psi,Slope,Intercept
1,Ithaca soil,phil14_001.csv,0,57.34,26.94,71.00,24.50,55.76,50.71,192,770,38,0.95,53,0.0284,0.54,0.0514,41.87,7.35,910.85,1.1161,0.0156
1,Ithaca soil,phil14_002.csv,0,57.34,26.94,70.93,24.50,55.47,50.45,192,770,38,0.95,53,0.0276,0.54,0.0521,41.87,7.35,910.85,1.1161,0.0156
1,Ithaca soil,phil14_003.csv,0,57.34,26.94,70.83,24.50,55.06,50.07,192,770,38,0.95,53,0.0275,0.54,0.0538,41.87,7.35,910.85,1.1161,0.0156
1,Ithaca soil,phil14_004.csv,0,57.34,26.94,70.73,24.50,54.65,49.70,192,770,38,0.95,53,0.0059,0.96,0.0464,41.87,7.35,910.85,1.1161,0.0156
1,Ithaca soil,phil14_005.csv,0,57.34,26.94,70.63,24.50,54.24,49.33,192,770,38,0.95,53,0.0055,0.97,0.0490,41.87,7.35,910.85,1.1161,0.0156
1,Ithaca soil,phil14_006.csv,0,57.34,26.94,70.52,24.50,53.80,48.92,192,770,38,0.95,53,0.0056,0.97,0.0485,41.87,7.35,910.85,1.1161,0.0156
1,Ithaca soil,phil14_007.csv,0,57.34,26.94,70.41,24.50,53.35,48.52,192,770,38,0.95,53,0.0056,0.97,0.0478,41.87,7.35,910.85,1.1161,0.0156
1,Ithaca soil,phil14_008.csv,0,57.34,26.94,70.30,24.50,52.90,48.11,192,770,38,0.95,53,0.0279,0.52,0.0626,41.87,7.35,910.85,1.1161,0.0156
1,Ithaca soil,phil14_009.csv,0,57.34,26.94,70.18,24.50,52.41,47.66,192,770,38,0.95,53,0.0258,0.54,0.0649,41.87,7.35,910.85,1.1161,0.0156
1,Ithaca soil,phil14_010.csv,0,57.34,26.94,70.07,24.50,51.96,47.25,192,770,38,0.95,53,0.0274,0.53,0.0648,41.87,7.35,910.85,1.1161,0.0156
1,Ithaca soil,phil14_011.csv,0,57.34,26.94,69.96,24.50,51.51,46.84,192,770,38,0.95,53,0.0240,0.54,0.0694,41.87,7.35,910.85,1.1161,0.0156
1,Ithaca soil,phil14_012.csv,0,57.34,26.94,69.85,24.50,51.06,46.44,192,770,38,0.95,53,0.0259,0.52,0.0713,41.87,7.35,910.85,1.1161,0.0156
1,Ithaca soil,phil14_013.csv,0,57.34,26.94,69.74,24.50,50.61,46.03,192,770,38,0.95,53,0.0269,0.52,0.0705,41.87,7.35,910.85,1.1161,0.0156
1,Ithaca soil,phil14_014.csv,0,57.34,26.94,69.63,24.50,50.16,45.62,192,770,38,0.95,53,0.0264,0.52,0.0707,41.87,7.35,910.85,1.1161,0.0156
1,Ithaca soil,phil14_015.csv,0,57.34,26.94,69.52,24.50,49.71,45.21,192,770,38,0.95,53,0.0279,0.51,0.0699,41.87,7.35,910.85,1.1161,0.0156
1,Ithaca soil,phil14_016.csv,0,57.34,26.94,69.41,24.50,49.27,44.80,192,770,38,0.95,53,0.0245,0.53,0.0757,41.87,7.35,910.85,1.1161,0.0156
1,Ithaca soil,phil14_017.csv,0,57.34,26.94,69.30,24.50,48.82,44.39,192,770,38,0.95,53,0.0247,0.53,0.0736,41.87,7.35,910.85,1.1161,0.0156
1,Ithaca soil,phil14_018.csv,0,57.34,26.94,69.19,24.50,48.37,43.99,192,770,38,0.95,53,0.0239,0.53,0.0738,41.87,7.35,910.85,1.1161,0.0156
1,Ithaca soil,phil14_019.csv,0,57.34,26.94,69.07,24.50,47.88,43.54,192,770,38,0.95,53,0.0240,0.52,0.0783,41.87,7.35,910.85,1.1161,0.0156
1,Ithaca soil,phil14_020.csv,0,57.34,26.94,68.97,24.50,47.47,43.17,192,770,38,0.95,53,0.0232,0.52,0.0812,41.87,7.35,910.85,1.1161,0.0156
1,Ithaca soil,phil14_021.csv,0,57.34,26.94,68.85,24.50,46.98,42.72,192,770,38,0.95,53,0.0247,0.51,0.0812,41.87,7.35,910.85,1.1161,0.0156
1,Ithaca soil,phil14_022.csv,0,57.34,26.94,68.74,24.50,46.53,42.32,192,770,38,0.95,53,0.0258,0.51,0.0808,41.87,7.35,910.85,1.1161,0.0156
1,Ithaca soil,phil14_023.csv,0,57.34,26.94,68.63,24.50,46.08,41.91,192,770,38,0.95,53,0.0243,0.52,0.0793,41.87,7.35,910.85,1.1161,0.0156
1,Ithaca soil,phil14_024.csv,0,57.34,26.94,68.51,24.50,45.59,41.46,192,770,38,0.95,53,0.0248,0.52,0.0782,41.87,7.35,910.85,1.1161,0.0156
1,Ithaca soil,phil14_025.csv,0,57.34,26.94,68.41,24.50,45.18,41.09,192,770,38,0.95,53,0.0271,0.50,0.0807,41.87,7.35,910.85,1.1161,0.0156
1,Ithaca soil,phil14_026.csv,0,57.34,26.94,68.29,24.50,44.69,40.65,192,770,38,0.95,53,0.0258,0.51,0.0807,41.87,7.35,910.85,1.1161,0.0156
1,Ithaca soil,phil14_027.csv,0,57.34,26.94,68.19,24.50,44.29,40.27,192,770,38,0.95,53,0.0236,0.52,0.0845,41.87,7.35,910.85,1.1161,0.0156
1,Ithaca soil,phil14_028.csv,0,57.34,26.94,68.07,24.50,43.80,39.83,192,770,38,0.95,53,0.0246,0.52,0.0815,41.87,7.35,910.85,1.1161,0.0156
1,Ithaca soil,phil14_029.csv,0,57.34,26.94,67.97,24.50,43.39,39.46,192,770,38,0.95,53,0.0226,0.53,0.0844,41.87,7.35,910.85,1.1161,0.0156
1,Ithaca soil,phil14_030.csv,0,57.34,26.94,67.86,24.50,42.94,39.05,192,770,38,0.95,53,0.0272,0.49,0.0832,41.87,7.35,910.85,1.1161,0.0156
1,Ithaca soil,phil14_031.csv,0,57.34,26.94,67.74,24.50,42.45,38.60,192,770,38,0.95,53,0.0239,0.51,0.0860,41.87,7.35,910.85,1.1161,0.0156
1,Ithaca soil,phil14_032.csv,0,57.34,26.94,67.64,24.50,42.04,38.23,192,770,38,0.95,53,0.0252,0.50,0.0870,41.87,7.35,910.85,1.1161,0.0156
1,Ithaca soil,phil14_033.csv,0,57.34,26.94,67.53,24.50,41.59,37.82,192,770,38,0.95,53,0.0242,0.50,0.0883,41.87,7.35,910.85,1.1161,0.0156
1,Ithaca soil,phil14_034.csv,0,57.34,26.94,67.42,24.50,41.14,37.42,192,770,38,0.95,53,0.0101,0.69,0.0892,41.87,7.35,910.85,1.1161,0.0156
1,Ithaca soil,phil14_035.csv,0,57.34,26.94,67.31,24.50,40.69,37.01,192,770,38,0.95,53,0.0053,0.86,0.0934,41.87,7.35,910.85,1.1161,0.0156
1,Ithaca soil,phil14_036.csv,0,57.34,26.94,67.20,24.50,40.24,36.60,192,770,38,0.95,53,0.0052,0.87,0.0952,41.87,7.35,910.85,1.1161,0.0156
1,Ithaca soil,phil14_037.csv,0,57.34,26.94,67.09,24.50,39.80,36.19,192,770,38,0.95,53,0.0252,0.48,0.0917,41.87,7.35,910.85,1.1161,0.0156
1,Ithaca soil,phil14_038.csv,0,57.34,26.94,66.99,24.50,39.39,35.82,192,770,38,0.95,53,0.0237,0.50,0.0898,41.87,7.35,910.85,1.1161,0.0156
1,Ithaca soil,phil14_039.csv,0,57.34,26.94,66.88,24.50,38.94,35.41,192,770,38,0.95,53,0.0035,1.00,0.0736,41.87,7.35,910.85,1.1161,0.0156
1,Ithaca soil,phil14_040.csv,0,57.34,26.94,66.77,24.50,38.49,35.00,192,770,38,0.95,53,0.0046,0.89,0.0925,41.87,7.35,910.85,1.1161,0.0156
1,Ithaca soil,phil14_041.csv,0,57.34,26.94,66.66,24.50,38.04,34.60,192,770,38,0.95,53,0.0035,1.00,0.0714,41.87,7.35,910.85,1.1161,0.0156
1,Ithaca soil,phil14_042.csv,0,57.34,26.94,66.55,24.50,37.59,34.19,192,770,38,0.95,53,0.0043,0.90,0.0898,41.87,7.35,910.85,1.1161,0.0156
1,Ithaca soil,phil14_043.csv,0,57.34,26.94,66.45,24.50,37.18,33.82,192,770,38,0.95,53,0.0034,1.00,0.0718,41.87,7.35,910.85,1.1161,0.0156
1,Ithaca soil,phil14_044.csv,0,57.34,26.94,66.34,24.50,36.73,33.41,192,770,38,0.95,53,0.0033,1.00,0.0713,41.87,7.35,910.85,1.1161,0.0156
1,Ithaca soil,phil14_045.csv,0,57.34,26.94,66.23,24.50,36.29,33.00,192,770,38,0.95,53,0.0032,1.00,0.0713,41.87,7.35,910.85,1.1161,0.0156
1,Ithaca soil,phil14_046.csv,0,57.34,26.94,66.13,24.50,35.88,32.63,192,770,38,0.95,53,0.0031,1.00,0.0717,41.87,7.35,910.85,1.1161,0.0156
1,Ithaca soil,phil14_047.csv,0,57.34,26.94,66.02,24.50,35.43,32.22,192,770,38,0.95,53,0.0030,1.00,0.0690,41.87,7.35,910.85,1.1161,0.0156
1,Ithaca soil,phil14_048.csv,0,57.34,26.94,65.92,24.50,35.02,31.85,192,770,38,0.95,53,0.0035,0.92,0.0874,41.87,7.35,910.85,1.1161,0.0156
1,Ithaca soil,phil14_049.csv,0,57.34,26.94,65.81,24.50,34.57,31.44,192,770,38,0.95,53,0.0028,1.00,0.0654,41.87,7.35,910.85,1.1161,0.0156
1,Ithaca soil,phil14_050.csv,0,57.34,26.94,65.70,24.50,34.12,31.03,192,770,38,0.95,53,0.0028,1.00,0.0614,41.87,7.35,910.85,1.1161,0.0156
1,Ithaca soil,phil14_051.csv,0,57.34,26.94,65.60,24.50,33.71,30.66,192,770,38,0.95,53,0.0026,1.00,0.0624,41.87,7.35,910.85,1.1161,0.0156
1,Ithaca soil,phil14_052.csv,0,57.34,26.94,65.49,24.50,33.27,30.25,192,770,38,0.95,53,0.0026,0.99,0.0608,41.87,7.35,910.85,1.1161,0.0156
1,Ithaca soil,phil14_053.csv,0,57.34,26.94,65.39,24.50,32.86,29.88,192,770,38,0.95,53,0.0025,1.00,0.0525,41.87,7.35,910.85,1.1161,0.0156
1,Ithaca soil,phil14_054.csv,0,57.34,26.94,65.29,24.50,32.45,29.51,192,770,38,0.95,53,0.0024,1.00,0.0511,41.87,7.35,910.85,1.1161,0.0156
1,Ithaca soil,phil14_055.csv,0,57.34,26.94,65.18,24.50,32.00,29.10,192,770,38,0.95,53,0.0023,1.00,0.0470,41.87,7.35,910.85,1.1161,0.0156
1,Ithaca soil,phil14_056.csv,0,57.34,26.94,65.07,24.50,31.55,28.69,192,770,38,0.95,53,0.0022,1.00,0.0424,41.87,7.35,910.85,1.1161,0.0156
1,Ithaca soil,phil14_057.csv,0,57.34,26.94,64.97,24.50,31.14,28.32,192,770,38,0.95,53,0.0025,0.94,0.0550,41.87,7.35,910.85,1.1161,0.0156
1,Ithaca soil,phil14_058.csv,0,57.34,26.94,64.87,24.50,30.73,27.95,192,770,38,0.95,53,0.0023,0.94,0.0508,41.87,7.35,910.85,1.1161,0.0156
1,Ithaca soil,phil14_059.csv,0,57.34,26.94,64.76,24.50,30.29,27.54,192,770,38,0.95,53,0.0022,0.93,0.0480,41.87,7.35,910.85,1.1161,0.0156
1,Ithaca soil,phil14_060.csv,0,57.34,26.94,64.65,24.50,29.84,27.13,192,770,38,0.95,53,0.0020,0.93,0.0476,41.87,7.35,910.85,1.1161,0.0156
1,Ithaca soil,phil14_061.csv,0,57.34,26.94,64.55,24.50,29.43,26.76,192,770,38,0.95,53,0.0027,0.83,0.0676,41.87,7.35,910.85,1.1161,0.0156
1,Ithaca soil,phil14_062.csv,0,57.34,26.94,64.45,24.50,29.02,26.39,192,770,38,0.95,53,0.0119,0.45,0.1213,41.87,7.35,910.85,1.1161,0.0156
1,Ithaca soil,phil14_063.csv,0,57.34,26.94,64.34,24.50,28.57,25.98,192,770,38,0.95,53,0.0115,0.45,0.1173,41.87,7.35,910.85,1.1161,0.0156
1,Ithaca soil,phil14_064.csv,0,57.34,26.94,64.23,24.50,28.12,25.58,192,770,38,0.95,53,0.0125,0.42,0.1218,41.87,7.35,910.85,1.1161,0.0156
1,Ithaca soil,phil14_065.csv,0,57.34,26.94,64.13,24.50,27.71,25.20,192,770,38,0.95,53,0.0105,0.44,0.1274,41.87,7.35,910.85,1.1161,0.0156
1,Ithaca soil,phil14_066.csv,0,57.34,26.94,64.02,24.50,27.27,24.80,192,770,38,0.95,53,0.0087,0.45,0.1306,41.87,7.35,910.85,1.1161,0.0156
1,Ithaca soil,phil14_067.csv,0,57.34,26.94,63.92,24.50,26.86,24.42,192,770,38,0.95,53,0.0086,0.45,0.1265,41.87,7.35,910.85,1.1161,0.0156
1,Ithaca soil,phil14_068.csv,0,57.34,26.94,63.82,24.50,26.45,24.05,192,770,38,0.95,53,0.0082,0.45,0.1275,41.87,7.35,910.85,1.1161,0.0156
1,Ithaca soil,phil14_069.csv,0,57.34,26.94,63.72,24.50,26.04,23.68,192,770,38,0.95,53,0.0099,0.41,0.1270,41.87,7.35,910.85,1.1161,0.0156
1,Ithaca soil,phil14_070.csv,0,57.34,26.94,63.62,24.50,25.63,23.31,192,770,38,0.95,53,0.0081,0.44,0.1289,41.87,7.35,910.85,1.1161,0.0156
1,Ithaca soil,phil14_071.csv,0,57.34,26.94,63.52,24.50,25.22,22.94,192,770,38,0.95,53,0.0089,0.42,0.1226,41.87,7.35,910.85,1.1161,0.0156
1,Ithaca soil,phil14_072.csv,0,57.34,26.94,63.42,24.50,24.82,22.57,192,770,38,0.95,53,0.0073,0.44,0.1186,41.87,7.35,910.85,1.1161,0.0156
1,Ithaca soil,phil14_073.csv,0,57.34,26.94,63.31,24.50,24.37,22.16,192,770,38,0.95,53,0.0073,0.43,0.1227,41.87,7.35,910.85,1.1161,0.0156
1,Ithaca soil,phil14_074.csv,0,57.34,26.94,63.22,24.50,24.00,21.83,192,770,38,0.95,53,0.0072,0.42,0.1226,41.87,7.35,910.85,1.1161,0.0156
1,Ithaca soil,phil14_075.csv,0,57.34,26.94,63.11,24.50,23.55,21.42,192,770,38,0.95,53,0.0064,0.42,0.1313,41.87,7.35,910.85,1.1161,0.0156
1,Ithaca soil,phil14_076.csv,0,57.34,26.94,63.02,24.50,23.18,21.08,192,770,38,0.95,53,0.0074,0.40,0.1241,41.87,7.35,910.85,1.1161,0.0156
1,Ithaca soil,phil14_077.csv,0,57.34,26.94,62.92,24.50,22.78,20.71,192,770,38,0.95,53,0.0024,0.63,0.0369,41.87,7.35,910.85,1.1161,0.0156
1,Ithaca soil,phil14_078.csv,0,57.34,26.94,62.82,24.50,22.37,20.34,192,770,38,0.95,53,0.0071,0.39,0.1211,41.87,7.35,910.85,1.1161,0.0156
1,Ithaca soil,phil14_079.csv,0,57.34,26.94,62.72,24.50,21.96,19.97,192,770,38,0.95,53,0.0064,0.39,0.1198,41.87,7.35,910.85,1.1161,0.0156
1,Ithaca soil,phil14_080.csv,0,57.34,26.94,62.62,24.50,21.55,19.60,192,770,38,0.95,53,0.0063,0.39,0.1147,41.87,7.35,910.85,1.1161,0.0156
1,Ithaca soil,phil14_081.csv,0,57.34,26.94,62.52,24.50,21.14,19.23,192,770,38,0.95,53,0.0054,0.38,0.1263,41.87,7.35,910.85,1.1161,0.0156
1,Ithaca soil,phil14_082.csv,0,57.34,26.94,62.43,24.50,20.78,18.89,192,770,38,0.95,53,0.0057,0.37,0.1211,41.87,7.35,910.85,1.1161,0.0156
1,Ithaca soil,phil14_083.csv,0,57.34,26.94,62.33,24.50,20.37,18.52,192,770,38,0.95,53,0.0027,0.49,0.0514,41.87,7.35,910.85,1.1161,0.0156
1,Ithaca soil,phil14_084.csv,0,57.34,26.94,62.24,24.50,20.00,18.19,192,770,38,0.95,53,0.0056,0.35,0.1190,41.87,7.35,910.85,1.1161,0.0156
1,Ithaca soil,phil14_085.csv,0,57.34,26.94,62.14,24.50,19.59,17.82,192,770,38,0.95,53,0.0056,0.34,0.1208,41.87,7.35,910.85,1.1161,0.0156
1,Ithaca soil,phil14_086.csv,0,57.34,26.94,62.04,24.50,19.18,17.45,192,770,38,0.95,53,0.0057,0.33,0.1183,41.87,7.35,910.85,1.1161,0.0156
1,Ithaca soil,phil14_087.csv,0,57.34,26.94,61.94,24.50,18.78,17.07,192,770,38,0.95,53,0.0056,0.32,0.1161,41.87,7.35,910.85,1.1161,0.0156
1,Ithaca soil,phil14_088.csv,0,57.34,26.94,61.85,24.50,18.41,16.74,192,770,38,0.95,53,0.0054,0.31,0.1074,41.87,7.35,910.85,1.1161,0.0156
1,Ithaca soil,phil14_089.csv,0,57.34,26.94,61.75,24.50,18.00,16.37,192,770,38,0.95,53,0.0055,0.30,0.1073,41.87,7.35,910.85,1.1161,0.0156
1,Ithaca soil,phil14_090.csv,0,57.34,26.94,61.66,24.50,17.63,16.04,192,770,38,0.95,53,0.0056,0.28,0.0998,41.87,7.35,910.85,1.1161,0.0156
1,Ithaca soil,phil14_091.csv,0,57.34,26.94,61.57,24.50,17.27,15.70,192,770,38,0.95,53,0.0053,0.27,0.0989,41.87,7.35,910.85,1.1161,0.0156
1,Ithaca soil,phil14_092.csv,0,57.34,26.94,61.48,24.50,16.90,15.37,192,770,38,0.95,53,0.0054,0.25,0.1012,41.87,7.35,910.85,1.1161,0.0156
1,Ithaca soil,phil14_093.csv,0,57.34,26.94,61.39,24.50,16.53,15.03,192,770,38,0.95,53,0.0053,0.24,0.0827,41.87,7.35,910.85,1.1161,0.0156
1,Ithaca soil,phil14_094.csv,0,57.34,26.94,61.29,24.50,16.12,14.66,192,770,38,0.95,53,0.0051,0.22,0.0853,41.87,7.35,910.85,1.1161,0.0156
1,Ithaca soil,phil14_095.csv,0,57.34,26.94,61.20,24.50,15.76,14.33,192,770,38,0.95,53,0.0054,0.20,0.0755,41.87,7.35,910.85,1.1161,0.0156
1,Ithaca soil,phil14_096.csv,0,57.34,26.94,61.11,24.50,15.39,13.99,192,770,38,0.95,53,0.0052,0.19,0.0629,41.87,7.35,910.85,1.1161,0.0156
1,Ithaca soil,phil14_097.csv,0,57.34,26.94,61.03,24.50,15.06,13.70,192,770,38,0.95,53,0.0053,0.17,0.0496,41.87,7.35,910.85,1.1161,0.0156
1,Ithaca soil,phil14_098.csv,0,57.34,26.94,60.94,24.50,14.69,13.36,192,770,38,0.95,53,0.0052,0.15,0.0358,41.87,7.35,910.85,1.1161,0.0156
1,Ithaca soil,phil14_099.csv,0,57.34,26.94,60.86,24.50,14.37,13.07,192,770,38,0.95,53,0.0049,0.13,0.0176,41.87,7.35,910.85,1.1161,0.0156
1,Ithaca soil,phil14_100.csv,0,57.34,26.94,60.78,24.50,14.04,12.77,192,770,38,0.95,53,0.0057,0.10,0.0000,41.87,7.35,910.85,1.1161,0.0156
1,Ithaca soil,phil14_101.csv,0,57.34,26.94,60.70,24.50,13.71,12.47,192,770,38,0.95,53,0.0065,0.08,0.0000,41.87,7.35,910.85,1.1161,0.0156
1,Ithaca soil,phil14_102.csv,0,57.34,26.94,60.62,24.50,13.39,12.18,192,770,38,0.95,53,0.0079,0.06,0.0000,41.87,7.35,910.85,1.1161,0.0156
1,Ithaca soil,phil14_103.csv,0,57.34,26.94,60.55,24.50,13.10,11.92,192,770,38,0.95,53,0.0086,0.04,0.0000,41.87,7.35,910.85,1.1161,0.0156
1,Ithaca soil,phil14_104.csv,0,57.34,26.94,60.48,24.50,12.82,11.66,192,770,38,0.95,53,0.0087,0.04,0.0000,41.87,7.35,910.85,1.1161,0.0156
1,Ithaca soil,phil14_105.csv,0,57.34,26.94,60.40,24.50,12.49,11.36,192,770,38,0.95,53,0.0096,0.03,0.0000,41.87,7.35,910.85,1.1161,0.0156
1,Ithaca soil,phil14_106.csv,0,57.34,26.94,60.33,24.50,12.20,11.10,192,770,38,0.95,53,0.0108,0.03,0.0000,41.87,7.35,910.85,1.1161,0.0156
1,Ithaca soil,phil14_107.csv,0,57.34,26.94,60.26,24.50,11.92,10.84,192,770,38,0.95,53,0.0105,0.02,0.0000,41.87,7.35,910.85,1.1161,0.0156
1,Ithaca soil,phil14_108.csv,0,57.34,26.94,60.20,24.50,11.67,10.62,192,770,38,0.95,53,0.0094,0.02,0.0000,41.87,7.35,910.85,1.1161,0.0156
1,Ithaca soil,phil14_109.csv,0,57.34,26.94,60.13,24.50,11.39,10.36,192,770,38,0.95,53,0.0094,0.02,0.0000,41.87,7.35,910.85,1.1161,0.0156
1,Ithaca soil,phil14_110.csv,0,57.34,26.94,60.07,24.50,11.14,10.13,192,770,38,0.95,53,0.0115,0.03,0.0000,41.87,7.35,910.85,1.1161,0.0156
1,Ithaca soil,phil14_111.csv,0,57.34,26.94,60.01,24.50,10.90,9.91,192,770,38,0.95,53,0.0112,0.02,0.0000,41.87,7.35,910.85,1.1161,0.0156
1,Ithaca soil,phil14_112.csv,0,57.34,26.94,59.95,24.50,10.65,9.69,192,770,38,0.95,53,0.0106,0.02,0.0000,41.87,7.35,910.85,1.1161,0.0156
1,Ithaca soil,phil14_113.csv,0,57.34,26.94,59.89,24.50,10.41,9.47,192,770,38,0.95,53,0.0109,0.02,0.0000,41.87,7.35,910.85,1.1161,0.0156
1,Ithaca soil,phil14_114.csv,0,57.34,26.94,59.83,24.50,10.16,9.24,192,770,38,0.95,53,0.0119,0.02,0.0000,41.87,7.35,910.85,1.1161,0.0156
1,Ithaca soil,phil14_115.csv,0,57.34,26.94,59.78,24.50,9.96,9.06,192,770,38,0.95,53,0.0094,0.02,0.0000,41.87,7.35,910.85,1.1161,0.0156
1,Ithaca soil,phil14_116.csv,0,57.34,26.94,59.72,24.50,9.71,8.83,192,770,38,0.95,53,0.0133,0.02,0.0000,41.87,7.35,910.85,1.1161,0.0156
1,Ithaca soil,phil14_117.csv,0,57.34,26.94,59.67,24.50,9.51,8.65,192,770,38,0.95,53,0.0095,0.02,0.0000,41.87,7.35,910.85,1.1161,0.0156
1,Ithaca soil,phil14_118.csv,0,57.34,26.94,59.61,24.50,9.27,8.43,192,770,38,0.95,53,0.0113,0.02,0.0000,41.87,7.35,910.85,1.1161,0.0156
1,Ithaca soil,phil14_119.csv,0,57.34,26.94,59.56,24.50,9.06,8.24,192,770,38,0.95,53,0.0112,0.02,0.0000,41.87,7.35,910.85,1.1161,0.0156
1,Ithaca soil,phil14_120.csv,0,57.34,26.94,59.51,24.50,8.86,8.05,192,770,38,0.95,53,0.0109,0.01,0.0000,41.87,7.35,910.85,1.1161,0.0156
1,Ithaca soil,phil14_121.csv,0,57.34,26.94,59.46,24.50,8.65,7.87,192,770,38,0.95,53,0.0120,0.02,0.0000,41.87,7.35,910.85,1.1161,0.0156
1,Ithaca soil,phil14_122.csv,0,57.34,26.94,59.41,24.50,8.45,7.68,192,770,38,0.95,53,0.0120,0.02,0.0000,41.87,7.35,910.85,1.1161,0.0156
1,Ithaca soil,phil14_123.csv,0,57.34,26.94,59.36,24.50,8.24,7.50,192,770,38,0.95,53,0.0103,0.01,0.0000,41.87,7.35,910.85,1.1161,0.0156
1,Ithaca soil,phil14_124.csv,0,57.34,26.94,59.32,24.50,8.08,7.35,192,770,38,0.95,53,0.0116,0.01,0.0000,41.87,7.35,910.85,1.1161,0.0156
1,Ithaca soil,phil14_125.csv,0,57.34,26.94,59.27,24.50,7.88,7.16,192,770,38,0.95,53,0.0122,0.01,0.0000,41.87,7.35,910.85,1.1161,0.0156
1,Ithaca soil,phil14_126.csv,0,57.34,26.94,59.23,24.50,7.71,7.02,192,770,38,0.95,53,0.0122,0.01,0.0000,41.87,7.35,910.85,1.1161,0.0156
1,Ithaca soil,phil14_127.csv,0,57.34,26.94,59.19,24.50,7.55,6.87,192,770,38,0.95,53,0.0139,0.01,0.0000,41.87,7.35,910.85,1.1161,0.0156
1,Ithaca soil,phil14_128.csv,0,57.34,26.94,59.14,24.50,7.35,6.68,192,770,38,0.95,53,0.0121,0.01,0.0000,41.87,7.35,910.85,1.1161,0.0156
1,Ithaca soil,phil14_129.csv,0,57.34,26.94,59.10,24.50,7.18,6.53,192,770,38,0.95,53,0.0134,0.01,0.0000,41.87,7.35,910.85,1.1161,0.0156
1,Ithaca soil,phil14_130.csv,0,57.34,26.94,59.06,24.50,7.02,6.38,192,770,38,0.95,53,0.0133,0.01,0.0000,41.87,7.35,910.85,1.1161,0.0156
1,Ithaca soil,phil14_131.csv,0,57.34,26.94,59.01,24.50,6.82,6.20,192,770,38,0.95,53,0.0137,0.01,0.0000,41.87,7.35,910.85,1.1161,0.0156
1,Ithaca soil,phil14_132.csv,0,57.34,26.94,58.98,24.50,6.69,6.09,192,770,38,0.95,53,0.0110,0.01,0.0000,41.87,7.35,910.85,1.1161,0.0156
1,Ithaca soil,phil14_133.csv,0,57.34,26.94,58.94,24.50,6.53,5.94,192,770,38,0.95,53,0.0120,0.01,0.0000,41.87,7.35,910.85,1.1161,0.0156
1,Ithaca soil,phil14_134.csv,0,57.34,26.94,58.90,24.50,6.37,5.79,192,770,38,0.95,53,0.0125,0.01,0.0000,41.87,7.35,910.85,1.1161,0.0156
1,Ithaca soil,phil14_135.csv,0,57.34,26.94,58.86,24.50,6.20,5.64,192,770,38,0.95,53,0.0107,0.01,0.0000,41.87,7.35,910.85,1.1161,0.0156
1,Ithaca soil,phil14_136.csv,0,57.34,26.94,58.82,24.50,6.04,5.49,192,770,38,0.95,53,0.0118,0.01,0.0000,41.87,7.35,910.85,1.1161,0.0156
1,Ithaca soil,phil14_137.csv,0,57.34,26.94,58.78,24.50,5.88,5.35,192,770,38,0.95,53,0.0107,0.01,0.0000,41.87,7.35,910.85,1.1161,0.0156
1,Ithaca soil,phil14_138.csv,0,57.34,26.94,58.75,24.50,5.76,5.23,192,770,38,0.95,53,0.0088,0.01,0.0000,41.87,7.35,910.85,1.1161,0.0156
1,Ithaca soil,phil14_139.csv,0,57.34,26.94,58.71,24.50,5.59,5.09,192,770,38,0.95,53,0.0109,0.01,0.0000,41.87,7.35,910.85,1.1161,0.0156
1,Ithaca soil,phil14_140.csv,0,57.34,26.94,58.67,24.50,5.43,4.94,192,770,38,0.95,53,0.0123,0.01,0.0000,41.87,7.35,910.85,1.1161,0.0156
1,Ithaca soil,phil14_141.csv,0,57.34,26.94,58.63,24.50,5.27,4.79,192,770,38,0.95,53,0.0124,0.01,0.0000,41.87,7.35,910.85,1.1161,0.0156
1,Ithaca soil,phil14_142.csv,0,57.34,26.94,58.59,24.50,5.10,4.64,192,770,38,0.95,53,0.0095,0.01,0.0000,41.87,7.35,910.85,1.1161,0.0156
1,Ithaca soil,phil14_143.csv,0,57.34,26.94,58.56,24.50,4.98,4.53,192,770,38,0.95,53,0.0089,0.01,0.0000,41.87,7.35,910.85,1.1161,0.0156
1,Ithaca soil,phil14_144.csv,0,57.34,26.94,58.53,24.50,4.86,4.42,192,770,38,0.95,53,0.0170,0.01,0.0000,41.87,7.35,910.85,1.1161,0.0156
1,Ithaca soil,phil14_145.csv,0,57.34,26.94,58.50,24.50,4.73,4.31,192,770,38,0.95,53,0.0217,0.01,0.0000,41.87,7.35,910.85,1.1161,0.0156
1,Ithaca soil,phil14_146.csv,0,57.34,26.94,58.46,24.50,4.57,4.16,192,770,38,0.95,53,0.0203,0.01,0.0000,41.87,7.35,910.85,1.1161,0.0156
1,Ithaca soil,phil14_147.csv,0,57.34,26.94,58.43,24.50,4.45,4.05,192,770,38,0.95,53,0.0139,0.01,0.0000,41.87,7.35,910.85,1.1161,0.0156
1,Ithaca soil,phil14_148.csv,0,57.34,26.94,58.40,24.50,4.33,3.93,192,770,38,0.95,53,0.0126,0.01,0.0000,41.87,7.35,910.85,1.1161,0.0156
1,Ithaca soil,phil14_149.csv,0,57.34,26.94,58.37,24.50,4.20,3.82,192,770,38,0.95,53,0.0143,0.01,0.0000,41.87,7.35,910.85,1.1161,0.0156
1,Ithaca soil,phil14_150.csv,0,57.34,26.94,58.34,24.50,4.08,3.71,192,770,38,0.95,53,0.0052,0.01,0.0000,41.87,7.35,910.85,1.1161,0.0156
1,Ithaca soil,phil14_151.csv,0,57.34,26.94,58.31,24.50,3.96,3.60,192,770,38,0.95,53,0.0198,0.01,0.0000,41.87,7.35,910.85,1.1161,0.0156
1,Ithaca soil,phil14_152.csv,0,57.34,26.94,58.27,24.50,3.80,3.45,192,770,38,0.95,53,0.0138,0.01,0.0000,41.87,7.35,910.85,1.1161,0.0156
1,Ithaca soil,phil14_153.csv,0,57.34,26.94,58.24,24.50,3.67,3.34,192,770,38,0.95,53,0.0126,0.01,0.0000,41.87,7.35,910.85,1.1161,0.0156
1,Ithaca soil,phil14_154.csv,0,57.34,26.94,58.21,24.50,3.55,3.23,192,770,38,0.95,53,0.0045,0.01,0.0000,41.87,7.35,910.85,1.1161,0.0156
1,Ithaca soil,phil14_155.csv,0,57.34,26.94,58.19,24.50,3.47,3.16,192,770,38,0.95,53,0.0276,0.00,0.0000,41.87,7.35,910.85,1.1161,0.0156
1,Ithaca soil,phil14_156.csv,0,57.34,26.94,58.15,24.50,3.31,3.01,192,770,38,0.95,53,0.0127,0.01,0.0000,41.87,7.35,910.85,1.1161,0.0156
1,Ithaca soil,phil14_157.csv,0,57.34,26.94,58.13,24.50,3.22,2.93,192,770,38,0.95,53,0.0000,0.00,0.0000,41.87,7.35,910.85,1.1161,0.0156
1,Ithaca soil,phil14_158.csv,0,57.34,26.94,58.09,24.50,3.06,2.78,192,770,38,0.95,53,0.0055,0.00,0.0000,41.87,7.35,910.85,1.1161,0.0156
1,Ithaca soil,phil14_159.csv,0,57.34,26.94,58.07,24.50,2.98,2.71,192,770,38,0.95,53,0.0069,0.01,0.0000,41.87,7.35,910.85,1.1161,0.0156
1,Ithaca soil,phil14_160.csv,0,57.34,26.94,58.04,24.50,2.86,2.60,192,770,38,0.95,53,0.0091,0.01,0.0000,41.87,7.35,910.85,1.1161,0.0156
1,Ithaca soil,phil14_161.csv,0,57.34,26.94,58.02,24.50,2.78,2.52,192,770,38,0.95,53,0.0225,0.01,0.0000,41.87,7.35,910.85,1.1161,0.0156
1,Ithaca soil,phil14_162.csv,0,57.34,26.94,57.99,24.50,2.65,2.41,192,770,38,0.95,53,0.0109,0.00,0.0000,41.87,7.35,910.85,1.1161,0.0156
1,Ithaca soil,phil14_163.csv,0,57.34,26.94,57.97,24.50,2.57,2.34,192,770,38,0.95,53,0.0201,0.00,0.0000,41.87,7.35,910.85,1.1161,0.0156
1,Ithaca soil,phil14_164.csv,0,57.34,26.94,57.94,24.50,2.45,2.23,192,770,38,0.95,53,0.0046,0.00,0.0000,41.87,7.35,910.85,1.1161,0.0156
1,Ithaca soil,phil14_165.csv,0,57.34,26.94,57.91,24.50,2.33,2.12,192,770,38,0.95,53,0.0132,0.01,0.0000,41.87,7.35,910.85,1.1161,0.0156
1,Ithaca soil,phil14_166.csv,0,57.34,26.94,57.89,24.50,2.24,2.04,192,770,38,0.95,53,0.0197,0.00,0.0000,41.87,7.35,910.85,1.1161,0.0156
1,Ithaca soil,phil14_167.csv,0,57.34,26.94,57.87,24.50,2.16,1.97,192,770,38,0.95,53,0.0093,0.00,0.0000,41.87,7.35,910.85,1.1161,0.0156
1,Ithaca soil,phil14_168.csv,0,57.34,26.94,57.84,24.50,2.04,1.86,192,770,38,0.95,53,0.0139,0.00,0.0000,41.87,7.35,910.85,1.1161,0.0156
1,Ithaca soil,phil14_169.csv,0,57.34,26.94,57.82,24.50,1.96,1.78,192,770,38,0.95,53,0.0183,0.00,0.0000,41.87,7.35,910.85,1.1161,0.0156
1,Ithaca soil,phil14_170.csv,0,57.34,26.94,57.79,24.50,1.84,1.67,192,770,38,0.95,53,0.0145,0.01,0.0000,41.87,7.35,910.85,1.1161,0.0156
1,Ithaca soil,phil14_171.csv,0,57.34,26.94,57.77,24.50,1.76,1.60,192,770,38,0.95,53,0.0000,0.00,0.0000,41.87,7.35,910.85,1.1161,0.0156
1,Ithaca soil,phil14_172.csv,0,57.34,26.94,57.75,24.50,1.67,1.52,192,770,38,0.95,53,0.0166,0.00,0.0000,41.87,7.35,910.85,1.1161,0.0156
1,Ithaca soil,phil14_173.csv,0,57.34,26.94,57.73,24.50,1.59,1.45,192,770,38,0.95,53,0.0139,0.00,0.0000,41.87,7.35,910.85,1.1161,0.0156
1,Ithaca soil,phil14_174.csv,0,57.34,26.94,57.71,24.50,1.51,1.37,192,770,38,0.95,53,0.0090,0.00,0.0000,41.87,7.35,910.85,1.1161,0.0156
1,Ithaca soil,phil14_175.csv,0,57.34,26.94,57.69,24.50,1.43,1.30,192,770,38,0.95,53,0.0171,0.01,0.0000,41.87,7.35,910.85,1.1161,0.0156
1,Ithaca soil,phil14_176.csv,0,57.34,26.94,57.67,24.50,1.35,1.22,192,770,38,0.95,53,0.0257,0.00,0.0000,41.87,7.35,910.85,1.1161,0.0156
1,Ithaca soil,phil14_177.csv,0,57.34,26.94,57.65,24.50,1.27,1.15,192,770,38,0.95,53,0.0039,0.01,0.0000,41.87,7.35,910.85,1.1161,0.0156
1,Ithaca soil,phil14_178.csv,0,57.34,26.94,57.63,24.50,1.18,1.08,192,770,38,0.95,53,0.0000,0.00,0.0000,41.87,7.35,910.85,1.1161,0.0156
1,Ithaca soil,phil14_179.csv,0,57.34,26.94,57.61,24.50,1.10,1.00,192,770,38,0.95,53,0.0090,0.01,0.0000,41.87,7.35,910.85,1.1161,0.0156
1,Ithaca soil,phil14_180.csv,0,57.34,26.94,57.60,24.50,1.06,0.97,192,770,38,0.95,53,0.0050,0.00,0.0000,41.87,7.35,910.85,1.1161,0.0156
1,Ithaca soil,phil14_181.csv,0,57.34,26.94,57.57,24.50,0.94,0.85,192,770,38,0.95,53,0.0000,0.00,0.0000,41.87,7.35,910.85,1.1161,0.0156
1,Ithaca soil,phil14_182.csv,0,57.34,26.94,57.56,24.50,0.90,0.82,192,770,38,0.95,53,0.0000,0.00,0.0000,41.87,7.35,910.85,1.1161,0.0156
1,Ithaca soil,phil14_183.csv,0,57.34,26.94,57.54,24.50,0.82,0.74,192,770,38,0.95,53,0.0021,0.00,0.0000,41.87,7.35,910.85,1.1161,0.0156
1,Ithaca soil,phil14_184.csv,0,57.34,26.94,57.53,24.50,0.78,0.71,192,770,38,0.95,53,0.0108,0.00,0.0000,41.87,7.35,910.85,1.1161,0.0156
1,Ithaca soil,phil14_185.csv,0,57.34,26.94,57.51,24.50,0.69,0.63,192,770,38,0.95,53,0.0126,0.00,0.0000,41.87,7.35,910.85,1.1161,0.0156
1,Ithaca soil,phil14_186.csv,0,57.34,26.94,57.50,24.50,0.65,0.59,192,770,38,0.95,53,0.0000,0.00,0.0000,41.87,7.35,910.85,1.1161,0.0156
1,Ithaca soil,phil14_187.csv,0,57.34,26.94,57.48,24.50,0.57,0.52,192,770,38,0.95,53,0.0197,0.00,0.0000,41.87,7.35,910.85,1.1161,0.0156
1,Ithaca soil,phil14_188.csv,0,57.34,26.94,57.47,24.50,0.53,0.48,192,770,38,0.95,53,0.0000,0.00,0.0000,41.87,7.35,910.85,1.1161,0.0156
1,Ithaca soil,phil14_189.csv,0,57.34,26.94,57.46,24.50,0.49,0.45,192,770,38,0.95,53,0.0000,0.00,0.0000,41.87,7.35,910.85,1.1161,0.0156
1,Ithaca soil,phil14_190.csv,0,57.34,26.94,57.45,24.50,0.45,0.41,192,770,38,0.95,53,0.0107,0.00,0.0000,41.87,7.35,910.85,1.1161,0.0156
1,Ithaca soil,phil14_191.csv,0,57.34,26.94,57.43,24.50,0.37,0.33,192,770,38,0.95,53,0.0000,0.00,0.0000,41.87,7.35,910.85,1.1161,0.0156
1,Ithaca soil,phil14_192.csv,0,57.34,26.94,57.42,24.50,0.33,0.30,192,770,38,0.95,53,0.0203,0.00,0.0000,41.87,7.35,910.85,1.1161,0.0156
1,Ithaca soil,phil14_193.csv,0,57.34,26.94,57.42,24.50,0.33,0.30,192,770,38,0.95,53,0.0000,0.00,0.0000,41.87,7.35,910.85,1.1161,0.0156
1,Ithaca soil,phil14_194.csv,0,57.34,26.94,57.41,24.50,0.29,0.26,192,770,38,0.95,53,0.0552,0.00,0.0000,41.87,7.35,910.85,1.1161,0.0156
1,Ithaca soil,phil14_195.csv,0,57.34,26.94,57.40,24.50,0.24,0.22,192,770,38,0.95,53,0.0366,0.00,0.0000,41.87,7.35,910.85,1.1161,0.0156
1,Ithaca soil,phil14_196.csv,0,57.34,26.94,57.39,24.50,0.20,0.19,192,770,38,0.95,53,0.0000,0.00,0.0000,41.87,7.35,910.85,1.1161,0.0156
1,Ithaca soil,phil14_197.csv,0,57.34,26.94,57.38,24.50,0.16,0.15,192,770,38,0.95,53,0.0000,0.00,0.0000,41.87,7.35,910.85,1.1161,0.0156
1,Ithaca soil,phil14_198.csv,0,57.34,26.94,57.38,24.50,0.16,0.15,192,770,38,0.95,53,0.0000,0.00,0.0000,41.87,7.35,910.85,1.1161,0.0156
1,Ithaca soil,phil14_199.csv,0,57.34,26.94,57.37,24.50,0.12,0.11,192,770,38,0.95,53,0.0000,0.00,0.0000,41.87,7.35,910.85,1.1161,0.0156
1,Ithaca soil,phil14_200.csv,0,57.34,26.94,57.37,24.50,0.12,0.11,192,770,38,0.95,53,0.0255,0.00,0.0000,41.87,7.35,910.85,1.1161,0.0156
1,Ithaca soil,phil14_201.csv,0,57.34,26.94,57.36,24.50,0.08,0.07,192,770,38,0.95,53,0.0000,0.00,0.0000,41.87,7.35,910.85,1.1161,0.0156
1,Ithaca soil,phil14_202.csv,0,57.34,26.94,57.36,24.50,0.08,0.07,192,770,38,0.95,53,0.0271,0.01,0.0000,41.87,7.35,910.85,1.1161,0.0156
1,Ithaca soil,phil14_203.csv,0,57.34,26.94,57.35,24.50,0.04,0.04,192,770,38,0.95,53,0.0000,0.00,0.0000,41.87,7.35,910.85,1.1161,0.0156
1,Ithaca soil,phil14_204.csv,0,57.34,26.94,57.35,24.50,0.04,0.04,192,770,38,0.95,53,0.0028,0.00,0.0000,41.87,7.35,910.85,1.1161,0.0156
1,Ithaca soil,phil14_205.csv,0,57.34,26.94,57.34,24.50,0.00,0.00,192,770,38,0.95,53,0.0000,0.00,0.0000,41.87,7.35,910.85,1.1161,0.0156
2,Quartz sand,phil14_206.csv,0,69.35,38.95,79.28,24.50,40.53,25.49,0,0,1000,1.44,0,0.1452,0.59,0.0012,22.93,56.23,108.10,1.0818,-0.0095
2,Quartz sand,phil14_207.csv,0,69.35,38.95,79.19,24.50,40.16,25.26,0,0,1000,1.44,0,0.1372,0.57,0.0010,22.93,56.23,108.10,1.0818,-0.0095
2,Quartz sand,phil14_208.csv,0,69.35,38.95,79.08,24.50,39.71,24.98,0,0,1000,1.44,0,0.1331,0.56,0.0010,22.93,56.23,108.10,1.0818,-0.0095
2,Quartz sand,phil14_209.csv,0,69.35,38.95,78.98,24.50,39.31,24.72,0,0,1000,1.44,0,0.1324,0.55,0.0010,22.93,56.23,108.10,1.0818,-0.0095
2,Quartz sand,phil14_210.csv,0,69.35,38.95,78.88,24.50,38.90,24.47,0,0,1000,1.44,0,0.1274,0.55,0.0010,22.93,56.23,108.10,1.0818,-0.0095
2,Quartz sand,phil14_211.csv,0,69.35,38.95,78.77,24.50,38.45,24.18,0,0,1000,1.44,0,0.1295,0.54,0.0011,22.93,56.23,108.10,1.0818,-0.0095
2,Quartz sand,phil14_212.csv,0,69.35,38.95,78.67,24.50,38.04,23.93,0,0,1000,1.44,0,0.1262,0.54,0.0011,22.93,56.23,108.10,1.0818,-0.0095
2,Quartz sand,phil14_213.csv,0,69.35,38.95,78.56,24.50,37.59,23.65,0,0,1000,1.44,0,0.1224,0.54,0.0011,22.93,56.23,108.10,1.0818,-0.0095
2,Quartz sand,phil14_214.csv,0,69.35,38.95,78.46,24.50,37.18,23.39,0,0,1000,1.44,0,0.1221,0.54,0.0011,22.93,56.23,108.10,1.0818,-0.0095
2,Quartz sand,phil14_215.csv,0,69.35,38.95,78.35,24.50,36.73,23.11,0,0,1000,1.44,0,0.1203,0.53,0.0011,22.93,56.23,108.10,1.0818,-0.0095
2,Quartz sand,phil14_216.csv,0,69.35,38.95,78.24,24.50,36.29,22.82,0,0,1000,1.44,0,0.1192,0.53,0.0011,22.93,56.23,108.10,1.0818,-0.0095
2,Quartz sand,phil14_217.csv,0,69.35,38.95,78.13,24.50,35.84,22.54,0,0,1000,1.44,0,0.1187,0.53,0.0011,22.93,56.23,108.10,1.0818,-0.0095
2,Quartz sand,phil14_218.csv,0,69.35,38.95,78.02,24.50,35.39,22.26,0,0,1000,1.44,0,0.1170,0.53,0.0011,22.93,56.23,108.10,1.0818,-0.0095
2,Quartz sand,phil14_219.csv,0,69.35,38.95,77.91,24.50,34.94,21.98,0,0,1000,1.44,0,0.1148,0.53,0.0010,22.93,56.23,108.10,1.0818,-0.0095
2,Quartz sand,phil14_220.csv,0,69.35,38.95,77.80,24.50,34.49,21.69,0,0,1000,1.44,0,0.1156,0.53,0.0010,22.93,56.23,108.10,1.0818,-0.0095
2,Quartz sand,phil14_221.csv,0,69.35,38.95,77.69,24.50,34.04,21.41,0,0,1000,1.44,0,0.1138,0.53,0.0010,22.93,56.23,108.10,1.0818,-0.0095
2,Quartz sand,phil14_222.csv,0,69.35,38.95,77.58,24.50,33.59,21.13,0,0,1000,1.44,0,0.1098,0.54,0.0009,22.93,56.23,108.10,1.0818,-0.0095
2,Quartz sand,phil14_223.csv,0,69.35,38.95,77.47,24.50,33.14,20.85,0,0,1000,1.44,0,0.1088,0.54,0.0009,22.93,56.23,108.10,1.0818,-0.0095
2,Quartz sand,phil14_224.csv,0,69.35,38.95,77.36,24.50,32.69,20.56,0,0,1000,1.44,0,0.1096,0.53,0.0009,22.93,56.23,108.10,1.0818,-0.0095
2,Quartz sand,phil14_225.csv,0,69.35,38.95,77.26,24.50,32.29,20.31,0,0,1000,1.44,0,0.1091,0.53,0.0009,22.93,56.23,108.10,1.0818,-0.0095
2,Quartz sand,phil14_226.csv,0,69.35,38.95,77.15,24.50,31.84,20.03,0,0,1000,1.44,0,0.1080,0.53,0.0009,22.93,56.23,108.10,1.0818,-0.0095
2,Quartz sand,phil14_227.csv,0,69.35,38.95,77.04,24.50,31.39,19.74,0,0,1000,1.44,0,0.1074,0.53,0.0009,22.93,56.23,108.10,1.0818,-0.0095
2,Quartz sand,phil14_228.csv,0,69.35,38.95,76.93,24.50,30.94,19.46,0,0,1000,1.44,0,0.1044,0.53,0.0008,22.93,56.23,108.10,1.0818,-0.0095
2,Quartz sand,phil14_229.csv,0,69.35,38.95,76.82,24.50,30.49,19.18,0,0,1000,1.44,0,0.1052,0.53,0.0008,22.93,56.23,108.10,1.0818,-0.0095
2,Quartz sand,phil14_230.csv,0,69.35,38.95,76.71,24.50,30.04,18.90,0,0,1000,1.44,0,0.1046,0.53,0.0008,22.93,56.23,108.10,1.0818,-0.0095
2,Quartz sand,phil14_231.csv,0,69.35,38.95,76.60,24.50,29.59,18.61,0,0,1000,1.44,0,0.1033,0.53,0.0008,22.93,56.23,108.10,1.0818,-0.0095
2,Quartz sand,phil14_232.csv,0,69.35,38.95,76.50,24.50,29.18,18.36,0,0,1000,1.44,0,0.1005,0.53,0.0008,22.93,56.23,108.10,1.0818,-0.0095
2,Quartz sand,phil14_233.csv,0,69.35,38.95,76.39,24.50,28.73,18.07,0,0,1000,1.44,0,0.1040,0.52,0.0008,22.93,56.23,108.10,1.0818,-0.0095
2,Quartz sand,phil14_234.csv,0,69.35,38.95,76.27,24.50,28.24,17.77,0,0,1000,1.44,0,0.0992,0.53,0.0007,22.93,56.23,108.10,1.0818,-0.0095
2,Quartz sand,phil14_235.csv,0,69.35,38.95,76.17,24.50,27.84,17.51,0,0,1000,1.44,0,0.1004,0.53,0.0008,22.93,56.23,108.10,1.0818,-0.0095
2,Quartz sand,phil14_236.csv,0,69.35,38.95,76.06,24.50,27.39,17.23,0,0,1000,1.44,0,0.0976,0.53,0.0008,22.93,56.23,108.10,1.0818,-0.0095
2,Quartz sand,phil14_237.csv,0,69.35,38.95,75.95,24.50,26.94,16.94,0,0,1000,1.44,0,0.0994,0.52,0.0007,22.93,56.23,108.10,1.0818,-0.0095
2,Quartz sand,phil14_238.csv,0,69.35,38.95,75.84,24.50,26.49,16.66,0,0,1000,1.44,0,0.0990,0.52,0.0008,22.93,56.23,108.10,1.0818,-0.0095
2,Quartz sand,phil14_239.csv,0,69.35,38.95,75.74,24.50,26.08,16.41,0,0,1000,1.44,0,0.0966,0.53,0.0007,22.93,56.23,108.10,1.0818,-0.0095
2,Quartz sand,phil14_240.csv,0,69.35,38.95,75.62,24.50,25.59,16.10,0,0,1000,1.44,0,0.0952,0.53,0.0007,22.93,56.23,108.10,1.0818,-0.0095
2,Quartz sand,phil14_241.csv,0,69.35,38.95,75.51,24.50,25.14,15.82,0,0,1000,1.44,0,0.0946,0.52,0.0007,22.93,56.23,108.10,1.0818,-0.0095
2,Quartz sand,phil14_242.csv,0,69.35,38.95,75.41,24.50,24.73,15.56,0,0,1000,1.44,0,0.0946,0.52,0.0007,22.93,56.23,108.10,1.0818,-0.0095
2,Quartz sand,phil14_243.csv,0,69.35,38.95,75.31,24.50,24.33,15.30,0,0,1000,1.44,0,0.0908,0.53,0.0006,22.93,56.23,108.10,1.0818,-0.0095
2,Quartz sand,phil14_244.csv,0,69.35,38.95,75.20,24.50,23.88,15.02,0,0,1000,1.44,0,0.0941,0.52,0.0007,22.93,56.23,108.10,1.0818,-0.0095
2,Quartz sand,phil14_245.csv,0,69.35,38.95,75.10,24.50,23.47,14.76,0,0,1000,1.44,0,0.0943,0.51,0.0006,22.93,56.23,108.10,1.0818,-0.0095
2,Quartz sand,phil14_246.csv,0,69.35,38.95,74.99,24.50,23.02,14.48,0,0,1000,1.44,0,0.0900,0.51,0.0006,22.93,56.23,108.10,1.0818,-0.0095
2,Quartz sand,phil14_247.csv,0,69.35,38.95,74.88,24.50,22.57,14.20,0,0,1000,1.44,0,0.0856,0.52,0.0005,22.93,56.23,108.10,1.0818,-0.0095
2,Quartz sand,phil14_248.csv,0,69.35,38.95,74.78,24.50,22.16,13.94,0,0,1000,1.44,0,0.0824,0.52,0.0004,22.93,56.23,108.10,1.0818,-0.0095
2,Quartz sand,phil14_249.csv,0,69.35,38.95,74.67,24.50,21.71,13.66,0,0,1000,1.44,0,0.0822,0.52,0.0004,22.93,56.23,108.10,1.0818,-0.0095
2,Quartz sand,phil14_250.csv,0,69.35,38.95,74.57,24.50,21.31,13.40,0,0,1000,1.44,0,0.0814,0.51,0.0004,22.93,56.23,108.10,1.0818,-0.0095
2,Quartz sand,phil14_251.csv,0,69.35,38.95,74.45,24.50,20.82,13.09,0,0,1000,1.44,0,0.0796,0.51,0.0003,22.93,56.23,108.10,1.0818,-0.0095
2,Quartz sand,phil14_252.csv,0,69.35,38.95,74.35,24.50,20.41,12.84,0,0,1000,1.44,0,0.0785,0.51,0.0002,22.93,56.23,108.10,1.0818,-0.0095
2,Quartz sand,phil14_253.csv,0,69.35,38.95,74.25,24.50,20.00,12.58,0,0,1000,1.44,0,0.0745,0.51,0.0001,22.93,56.23,108.10,1.0818,-0.0095
2,Quartz sand,phil14_254.csv,0,69.35,38.95,74.15,24.50,19.59,12.32,0,0,1000,1.44,0,0.0711,0.51,0.0001,22.93,56.23,108.10,1.0818,-0.0095
2,Quartz sand,phil14_255.csv,0,69.35,38.95,74.04,24.50,19.14,12.04,0,0,1000,1.44,0,0.0710,0.50,0.0001,22.93,56.23,108.10,1.0818,-0.0095
2,Quartz sand,phil14_256.csv,0,69.35,38.95,73.93,24.50,18.69,11.76,0,0,1000,1.44,0,0.0693,0.50,0.0000,22.93,56.23,108.10,1.0818,-0.0095
2,Quartz sand,phil14_257.csv,0,69.35,38.95,73.83,24.50,18.29,11.50,0,0,1000,1.44,0,0.0690,0.50,0.0000,22.93,56.23,108.10,1.0818,-0.0095
2,Quartz sand,phil14_258.csv,0,69.35,38.95,73.72,24.50,17.84,11.22,0,0,1000,1.44,0,0.0674,0.50,0.0000,22.93,56.23,108.10,1.0818,-0.0095
2,Quartz sand,phil14_259.csv,0,69.35,38.95,73.62,24.50,17.43,10.96,0,0,1000,1.44,0,0.0670,0.49,0.0000,22.93,56.23,108.10,1.0818,-0.0095
2,Quartz sand,phil14_260.csv,0,69.35,38.95,73.51,24.50,16.98,10.68,0,0,1000,1.44,0,0.0630,0.50,0.0000,22.93,56.23,108.10,1.0818,-0.0095
2,Quartz sand,phil14_261.csv,0,69.35,38.95,73.41,24.50,16.57,10.42,0,0,1000,1.44,0,0.0638,0.49,0.0000,22.93,56.23,108.10,1.0818,-0.0095
2,Quartz sand,phil14_262.csv,0,69.35,38.95,73.30,24.50,16.12,10.14,0,0,1000,1.44,0,0.0613,0.49,0.0000,22.93,56.23,108.10,1.0818,-0.0095
2,Quartz sand,phil14_263.csv,0,69.35,38.95,73.20,24.50,15.71,9.88,0,0,1000,1.44,0,0.0596,0.49,0.0000,22.93,56.23,108.10,1.0818,-0.0095
2,Quartz sand,phil14_264.csv,0,69.35,38.95,73.10,24.50,15.31,9.63,0,0,1000,1.44,0,0.0599,0.48,0.0000,22.93,56.23,108.10,1.0818,-0.0095
2,Quartz sand,phil14_265.csv,0,69.35,38.95,72.99,24.50,14.86,9.35,0,0,1000,1.44,0,0.0575,0.48,0.0000,22.93,56.23,108.10,1.0818,-0.0095
2,Quartz sand,phil14_266.csv,0,69.35,38.95,72.89,24.50,14.45,9.09,0,0,1000,1.44,0,0.0564,0.48,0.0000,22.93,56.23,108.10,1.0818,-0.0095
2,Quartz sand,phil14_267.csv,0,69.35,38.95,72.79,24.50,14.04,8.83,0,0,1000,1.44,0,0.0546,0.48,0.0000,22.93,56.23,108.10,1.0818,-0.0095
2,Quartz sand,phil14_268.csv,0,69.35,38.95,72.69,24.50,13.63,8.58,0,0,1000,1.44,0,0.0532,0.48,0.0000,22.93,56.23,108.10,1.0818,-0.0095
2,Quartz sand,phil14_269.csv,0,69.35,38.95,72.58,24.50,13.18,8.29,0,0,1000,1.44,0,0.0519,0.47,0.0000,22.93,56.23,108.10,1.0818,-0.0095
2,Quartz sand,phil14_270.csv,0,69.35,38.95,72.48,24.50,12.78,8.04,0,0,1000,1.44,0,0.0527,0.46,0.0000,22.93,56.23,108.10,1.0818,-0.0095
2,Quartz sand,phil14_271.csv,0,69.35,38.95,72.38,24.50,12.37,7.78,0,0,1000,1.44,0,0.0493,0.46,0.0000,22.93,56.23,108.10,1.0818,-0.0095
2,Quartz sand,phil14_272.csv,0,69.35,38.95,72.28,24.50,11.96,7.52,0,0,1000,1.44,0,0.0477,0.46,0.0000,22.93,56.23,108.10,1.0818,-0.0095
2,Quartz sand,phil14_273.csv,0,69.35,38.95,72.18,24.50,11.55,7.27,0,0,1000,1.44,0,0.0457,0.46,0.0000,22.93,56.23,108.10,1.0818,-0.0095
2,Quartz sand,phil14_274.csv,0,69.35,38.95,72.08,24.50,11.14,7.01,0,0,1000,1.44,0,0.0450,0.45,0.0000,22.93,56.23,108.10,1.0818,-0.0095
2,Quartz sand,phil14_275.csv,0,69.35,38.95,71.97,24.50,10.69,6.73,0,0,1000,1.44,0,0.0446,0.44,0.0000,22.93,56.23,108.10,1.0818,-0.0095
2,Quartz sand,phil14_276.csv,0,69.35,38.95,71.87,24.50,10.29,6.47,0,0,1000,1.44,0,0.0425,0.44,0.0000,22.93,56.23,108.10,1.0818,-0.0095
2,Quartz sand,phil14_277.csv,0,69.35,38.95,71.76,24.50,9.84,6.19,0,0,1000,1.44,0,0.0406,0.44,0.0000,22.93,56.23,108.10,1.0818,-0.0095
2,Quartz sand,phil14_278.csv,0,69.35,38.95,71.66,24.50,9.43,5.93,0,0,1000,1.44,0,0.0392,0.43,0.0000,22.93,56.23,108.10,1.0818,-0.0095
2,Quartz sand,phil14_279.csv,0,69.35,38.95,71.57,24.50,9.06,5.70,0,0,1000,1.44,0,0.0385,0.43,0.0000,22.93,56.23,108.10,1.0818,-0.0095
2,Quartz sand,phil14_280.csv,0,69.35,38.95,71.47,24.50,8.65,5.44,0,0,1000,1.44,0,0.0364,0.42,0.0000,22.93,56.23,108.10,1.0818,-0.0095
2,Quartz sand,phil14_281.csv,0,69.35,38.95,71.36,24.50,8.20,5.16,0,0,1000,1.44,0,0.0368,0.41,0.0000,22.93,56.23,108.10,1.0818,-0.0095
2,Quartz sand,phil14_282.csv,0,69.35,38.95,71.27,24.50,7.84,4.93,0,0,1000,1.44,0,0.0338,0.41,0.0000,22.93,56.23,108.10,1.0818,-0.0095
2,Quartz sand,phil14_283.csv,0,69.35,38.95,71.17,24.50,7.43,4.67,0,0,1000,1.44,0,0.0338,0.40,0.0000,22.93,56.23,108.10,1.0818,-0.0095
2,Quartz sand,phil14_284.csv,0,69.35,38.95,71.06,24.50,6.98,4.39,0,0,1000,1.44,0,0.0321,0.39,0.0000,22.93,56.23,108.10,1.0818,-0.0095
2,Quartz sand,phil14_285.csv,0,69.35,38.95,70.98,24.50,6.65,4.18,0,0,1000,1.44,0,0.0317,0.39,0.0000,22.93,56.23,108.10,1.0818,-0.0095
2,Quartz sand,phil14_286.csv,0,69.35,38.95,70.88,24.50,6.24,3.93,0,0,1000,1.44,0,0.0303,0.38,0.0000,22.93,56.23,108.10,1.0818,-0.0095
2,Quartz sand,phil14_287.csv,0,69.35,38.95,70.78,24.50,5.84,3.67,0,0,1000,1.44,0,0.0292,0.37,0.0000,22.93,56.23,108.10,1.0818,-0.0095
2,Quartz sand,phil14_288.csv,0,69.35,38.95,70.68,24.50,5.43,3.41,0,0,1000,1.44,0,0.0284,0.36,0.0000,22.93,56.23,108.10,1.0818,-0.0095
2,Quartz sand,phil14_289.csv,0,69.35,38.95,70.58,24.50,5.02,3.16,0,0,1000,1.44,0,0.0263,0.36,0.0000,22.93,56.23,108.10,1.0818,-0.0095
2,Quartz sand,phil14_290.csv,0,69.35,38.95,70.49,24.50,4.65,2.93,0,0,1000,1.44,0,0.0255,0.35,0.0000,22.93,56.23,108.10,1.0818,-0.0095
2,Quartz sand,phil14_291.csv,0,69.35,38.95,70.39,24.50,4.24,2.67,0,0,1000,1.44,0,0.0244,0.34,0.0000,22.93,56.23,108.10,1.0818,-0.0095
2,Quartz sand,phil14_292.csv,0,69.35,38.95,70.30,24.50,3.88,2.44,0,0,1000,1.44,0,0.0228,0.33,0.0000,22.93,56.23,108.10,1.0818,-0.0095
2,Quartz sand,phil14_293.csv,0,69.35,38.95,70.22,24.50,3.55,2.23,0,0,1000,1.44,0,0.0225,0.31,0.0000,22.93,56.23,108.10,1.0818,-0.0095
2,Quartz sand,phil14_294.csv,0,69.35,38.95,70.12,24.50,3.14,1.98,0,0,1000,1.44,0,0.0205,0.30,0.0000,22.93,56.23,108.10,1.0818,-0.0095
2,Quartz sand,phil14_295.csv,0,69.35,38.95,70.03,24.50,2.78,1.75,0,0,1000,1.44,0,0.0193,0.28,0.0000,22.93,56.23,108.10,1.0818,-0.0095
2,Quartz sand,phil14_296.csv,0,69.35,38.95,69.94,24.50,2.41,1.51,0,0,1000,1.44,0,0.0183,0.27,0.0000,22.93,56.23,108.10,1.0818,-0.0095
2,Quartz sand,phil14_297.csv,0,69.35,38.95,69.86,24.50,2.08,1.31,0,0,1000,1.44,0,0.0167,0.25,0.0000,22.93,56.23,108.10,1.0818,-0.0095
2,Quartz sand,phil14_298.csv,0,69.35,38.95,69.77,24.50,1.71,1.08,0,0,1000,1.44,0,0.0154,0.23,0.0000,22.93,56.23,108.10,1.0818,-0.0095
2,Quartz sand,phil14_299.csv,0,69.35,38.95,69.69,24.50,1.39,0.87,0,0,1000,1.44,0,0.0136,0.20,0.0000,22.93,56.23,108.10,1.0818,-0.0095
2,Quartz sand,phil14_300.csv,0,69.35,38.95,69.61,24.50,1.06,0.67,0,0,1000,1.44,0,0.0124,0.18,0.0000,22.93,56.23,108.10,1.0818,-0.0095
2,Quartz sand,phil14_301.csv,0,69.35,38.95,69.54,24.50,0.78,0.49,0,0,1000,1.44,0,0.0100,0.14,0.0000,22.93,56.23,108.10,1.0818,-0.0095
2,Quartz sand,phil14_302.csv,0,69.35,38.95,69.49,24.50,0.57,0.36,0,0,1000,1.44,0,0.0075,0.07,0.0000,22.93,56.23,108.10,1.0818,-0.0095
2,Quartz sand,phil14_303.csv,0,69.35,38.95,69.45,24.50,0.41,0.26,0,0,1000,1.44,0,0.0068,0.02,0.0000,22.93,56.23,108.10,1.0818,-0.0095
2,Quartz sand,phil14_304.csv,0,69.35,38.95,69.42,24.50,0.29,0.18,0,0,1000,1.44,0,0.0087,0.01,0.0000,22.93,56.23,108.10,1.0818,-0.0095
2,Quartz sand,phil14_305.csv,0,69.35,38.95,69.39,24.50,0.16,0.10,0,0,1000,1.44,0,0.0036,0.00,0.0000,22.93,56.23,108.10,1.0818,-0.0095
2,Quartz sand,phil14_306.csv,0,69.35,38.95,69.37,24.50,0.08,0.05,0,0,1000,1.44,0,0.0228,0.00,0.0000,22.93,56.23,108.10,1.0818,-0.0095
2,Quartz sand,phil14_307.csv,0,69.35,38.95,69.36,24.50,0.04,0.03,0,0,1000,1.44,0,0.0699,0.00,0.0000,22.93,56.23,108.10,1.0818,-0.0095
2,Quartz sand,phil14_308.csv,0,69.35,38.95,69.35,24.50,0.00,0.00,0,0,1000,1.44,0,0.0000,0.00,0.0000,22.93,56.23,108.10,1.0818,-0.0095
3,Masonry sand,phil14_309.csv,0,71.40,41.36,80.35,24.50,36.53,21.64,19,44,937,1.53,2,0.0043,1.00,0.0363,13.92,1263.50,3491.91,1.0495,0.0051
3,Masonry sand,phil14_310.csv,0,71.40,41.36,80.23,24.50,36.04,21.35,19,44,937,1.53,2,0.0040,1.00,0.0418,13.92,1263.50,3491.91,1.0495,0.0051
3,Masonry sand,phil14_311.csv,0,71.40,41.36,80.11,24.50,35.55,21.06,19,44,937,1.53,2,0.0045,0.98,0.0408,13.92,1263.50,3491.91,1.0495,0.0051
3,Masonry sand,phil14_312.csv,0,71.40,41.36,79.99,24.50,35.06,20.77,19,44,937,1.53,2,0.0038,1.00,0.0451,13.92,1263.50,3491.91,1.0495,0.0051
3,Masonry sand,phil14_313.csv,0,71.40,41.36,79.87,24.50,34.57,20.48,19,44,937,1.53,2,0.0041,0.98,0.0457,13.92,1263.50,3491.91,1.0495,0.0051
3,Masonry sand,phil14_314.csv,0,71.40,41.36,79.75,24.50,34.08,20.19,19,44,937,1.53,2,0.0038,1.00,0.0443,13.92,1263.50,3491.91,1.0495,0.0051
3,Masonry sand,phil14_315.csv,0,71.40,41.36,79.62,24.50,33.55,19.87,19,44,937,1.53,2,0.0037,1.00,0.0418,13.92,1263.50,3491.91,1.0495,0.0051
3,Masonry sand,phil14_316.csv,0,71.40,41.36,79.50,24.50,33.06,19.58,19,44,937,1.53,2,0.0035,1.00,0.0447,13.92,1263.50,3491.91,1.0495,0.0051
3,Masonry sand,phil14_317.csv,0,71.40,41.36,79.38,24.50,32.57,19.29,19,44,937,1.53,2,0.0034,1.00,0.0446,13.92,1263.50,3491.91,1.0495,0.0051
3,Masonry sand,phil14_318.csv,0,71.40,41.36,79.25,24.50,32.04,18.98,19,44,937,1.53,2,0.0033,1.00,0.0438,13.92,1263.50,3491.91,1.0495,0.0051
3,Masonry sand,phil14_319.csv,0,71.40,41.36,79.13,24.50,31.55,18.69,19,44,937,1.53,2,0.0034,1.00,0.0419,13.92,1263.50,3491.91,1.0495,0.0051
3,Masonry sand,phil14_320.csv,0,71.40,41.36,79.01,24.50,31.06,18.40,19,44,937,1.53,2,0.0033,1.00,0.0430,13.92,1263.50,3491.91,1.0495,0.0051
3,Masonry sand,phil14_321.csv,0,71.40,41.36,78.88,24.50,30.53,18.09,19,44,937,1.53,2,0.0032,1.00,0.0422,13.92,1263.50,3491.91,1.0495,0.0051
3,Masonry sand,phil14_322.csv,0,71.40,41.36,78.76,24.50,30.04,17.79,19,44,937,1.53,2,0.0032,1.00,0.0404,13.92,1263.50,3491.91,1.0495,0.0051
3,Masonry sand,phil14_323.csv,0,71.40,41.36,78.64,24.50,29.55,17.50,19,44,937,1.53,2,0.0031,1.00,0.0412,13.92,1263.50,3491.91,1.0495,0.0051
3,Masonry sand,phil14_324.csv,0,71.40,41.36,78.51,24.50,29.02,17.19,19,44,937,1.53,2,0.0030,1.00,0.0411,13.92,1263.50,3491.91,1.0495,0.0051
3,Masonry sand,phil14_325.csv,0,71.40,41.36,78.38,24.50,28.49,16.88,19,44,937,1.53,2,0.0030,1.00,0.0372,13.92,1263.50,3491.91,1.0495,0.0051
3,Masonry sand,phil14_326.csv,0,71.40,41.36,78.27,24.50,28.04,16.61,19,44,937,1.53,2,0.0029,1.00,0.0399,13.92,1263.50,3491.91,1.0495,0.0051
3,Masonry sand,phil14_327.csv,0,71.40,41.36,78.14,24.50,27.51,16.30,19,44,937,1.53,2,0.0030,1.00,0.0367,13.92,1263.50,3491.91,1.0495,0.0051
3,Masonry sand,phil14_328.csv,0,71.40,41.36,78.02,24.50,27.02,16.01,19,44,937,1.53,2,0.0028,1.00,0.0379,13.92,1263.50,3491.91,1.0495,0.0051
3,Masonry sand,phil14_329.csv,0,71.40,41.36,77.89,24.50,26.49,15.69,19,44,937,1.53,2,0.0028,1.00,0.0353,13.92,1263.50,3491.91,1.0495,0.0051
3,Masonry sand,phil14_330.csv,0,71.40,41.36,77.78,24.50,26.04,15.43,19,44,937,1.53,2,0.0027,1.00,0.0345,13.92,1263.50,3491.91,1.0495,0.0051
3,Masonry sand,phil14_331.csv,0,71.40,41.36,77.65,24.50,25.51,15.11,19,44,937,1.53,2,0.0026,1.00,0.0338,13.92,1263.50,3491.91,1.0495,0.0051
3,Masonry sand,phil14_332.csv,0,71.40,41.36,77.53,24.50,25.02,14.82,19,44,937,1.53,2,0.0026,1.00,0.0332,13.92,1263.50,3491.91,1.0495,0.0051
3,Masonry sand,phil14_333.csv,0,71.40,41.36,77.40,24.50,24.49,14.51,19,44,937,1.53,2,0.0027,1.00,0.0308,13.92,1263.50,3491.91,1.0495,0.0051
3,Masonry sand,phil14_334.csv,0,71.40,41.36,77.28,24.50,24.00,14.22,19,44,937,1.53,2,0.0028,0.98,0.0330,13.92,1263.50,3491.91,1.0495,0.0051
3,Masonry sand,phil14_335.csv,0,71.40,41.36,77.16,24.50,23.51,13.93,19,44,937,1.53,2,0.0024,1.00,0.0292,13.92,1263.50,3491.91,1.0495,0.0051
3,Masonry sand,phil14_336.csv,0,71.40,41.36,77.04,24.50,23.02,13.64,19,44,937,1.53,2,0.0026,0.98,0.0310,13.92,1263.50,3491.91,1.0495,0.0051
3,Masonry sand,phil14_337.csv,0,71.40,41.36,76.92,24.50,22.53,13.35,19,44,937,1.53,2,0.0025,1.00,0.0243,13.92,1263.50,3491.91,1.0495,0.0051
3,Masonry sand,phil14_338.csv,0,71.40,41.36,76.79,24.50,22.00,13.03,19,44,937,1.53,2,0.0026,0.95,0.0396,13.92,1263.50,3491.91,1.0495,0.0051
3,Masonry sand,phil14_339.csv,0,71.40,41.36,76.67,24.50,21.51,12.74,19,44,937,1.53,2,0.0026,0.95,0.0347,13.92,1263.50,3491.91,1.0495,0.0051
3,Masonry sand,phil14_340.csv,0,71.40,41.36,76.55,24.50,21.02,12.45,19,44,937,1.53,2,0.0025,0.95,0.0360,13.92,1263.50,3491.91,1.0495,0.0051
3,Masonry sand,phil14_341.csv,0,71.40,41.36,76.42,24.50,20.49,12.14,19,44,937,1.53,2,0.0024,0.95,0.0355,13.92,1263.50,3491.91,1.0495,0.0051
3,Masonry sand,phil14_342.csv,0,71.40,41.36,76.29,24.50,19.96,11.82,19,44,937,1.53,2,0.0028,0.88,0.0550,13.92,1263.50,3491.91,1.0495,0.0051
3,Masonry sand,phil14_343.csv,0,71.40,41.36,76.17,24.50,19.47,11.53,19,44,937,1.53,2,0.0023,0.95,0.0314,13.92,1263.50,3491.91,1.0495,0.0051
3,Masonry sand,phil14_344.csv,0,71.40,41.36,76.05,24.50,18.98,11.24,19,44,937,1.53,2,0.0024,0.94,0.0300,13.92,1263.50,3491.91,1.0495,0.0051
3,Masonry sand,phil14_345.csv,0,71.40,41.36,75.92,24.50,18.45,10.93,19,44,937,1.53,2,0.0024,0.94,0.0269,13.92,1263.50,3491.91,1.0495,0.0051
3,Masonry sand,phil14_346.csv,0,71.40,41.36,75.80,24.50,17.96,10.64,19,44,937,1.53,2,0.0022,0.94,0.0285,13.92,1263.50,3491.91,1.0495,0.0051
3,Masonry sand,phil14_347.csv,0,71.40,41.36,75.68,24.50,17.47,10.35,19,44,937,1.53,2,0.0032,0.78,0.0788,13.92,1263.50,3491.91,1.0495,0.0051
3,Masonry sand,phil14_348.csv,0,71.40,41.36,75.55,24.50,16.94,10.03,19,44,937,1.53,2,0.0031,0.80,0.0675,13.92,1263.50,3491.91,1.0495,0.0051
3,Masonry sand,phil14_349.csv,0,71.40,41.36,75.43,24.50,16.45,9.74,19,44,937,1.53,2,0.0139,0.44,0.1154,13.92,1263.50,3491.91,1.0495,0.0051
3,Masonry sand,phil14_350.csv,0,71.40,41.36,75.31,24.50,15.96,9.45,19,44,937,1.53,2,0.0037,0.71,0.0969,13.92,1263.50,3491.91,1.0495,0.0051
3,Masonry sand,phil14_351.csv,0,71.40,41.36,75.19,24.50,15.47,9.16,19,44,937,1.53,2,0.0154,0.42,0.1198,13.92,1263.50,3491.91,1.0495,0.0051
3,Masonry sand,phil14_352.csv,0,71.40,41.36,75.07,24.50,14.98,8.87,19,44,937,1.53,2,0.0129,0.42,0.1308,13.92,1263.50,3491.91,1.0495,0.0051
3,Masonry sand,phil14_353.csv,0,71.40,41.36,74.95,24.50,14.49,8.58,19,44,937,1.53,2,0.0115,0.44,0.1271,13.92,1263.50,3491.91,1.0495,0.0051
3,Masonry sand,phil14_354.csv,0,71.40,41.36,74.82,24.50,13.96,8.27,19,44,937,1.53,2,0.0111,0.44,0.1304,13.92,1263.50,3491.91,1.0495,0.0051
3,Masonry sand,phil14_355.csv,0,71.40,41.36,74.69,24.50,13.43,7.95,19,44,937,1.53,2,0.0108,0.43,0.1431,13.92,1263.50,3491.91,1.0495,0.0051
3,Masonry sand,phil14_356.csv,0,71.40,41.36,74.58,24.50,12.98,7.69,19,44,937,1.53,2,0.0099,0.44,0.1344,13.92,1263.50,3491.91,1.0495,0.0051
3,Masonry sand,phil14_357.csv,0,71.40,41.36,74.45,24.50,12.45,7.37,19,44,937,1.53,2,0.0099,0.44,0.1368,13.92,1263.50,3491.91,1.0495,0.0051
3,Masonry sand,phil14_358.csv,0,71.40,41.36,74.33,24.50,11.96,7.08,19,44,937,1.53,2,0.0086,0.45,0.1438,13.92,1263.50,3491.91,1.0495,0.0051
3,Masonry sand,phil14_359.csv,0,71.40,41.36,74.21,24.50,11.47,6.79,19,44,937,1.53,2,0.0085,0.44,0.1481,13.92,1263.50,3491.91,1.0495,0.0051
3,Masonry sand,phil14_360.csv,0,71.40,41.36,74.09,24.50,10.98,6.50,19,44,937,1.53,2,0.0084,0.43,0.1451,13.92,1263.50,3491.91,1.0495,0.0051
3,Masonry sand,phil14_361.csv,0,71.40,41.36,73.97,24.50,10.49,6.21,19,44,937,1.53,2,0.0086,0.41,0.1571,13.92,1263.50,3491.91,1.0495,0.0051
3,Masonry sand,phil14_362.csv,0,71.40,41.36,73.84,24.50,9.96,5.90,19,44,937,1.53,2,0.0074,0.43,0.1574,13.92,1263.50,3491.91,1.0495,0.0051
3,Masonry sand,phil14_363.csv,0,71.40,41.36,73.73,24.50,9.51,5.63,19,44,937,1.53,2,0.0073,0.42,0.1579,13.92,1263.50,3491.91,1.0495,0.0051
3,Masonry sand,phil14_364.csv,0,71.40,41.36,73.61,24.50,9.02,5.34,19,44,937,1.53,2,0.0072,0.41,0.1628,13.92,1263.50,3491.91,1.0495,0.0051
3,Masonry sand,phil14_365.csv,0,71.40,41.36,73.49,24.50,8.53,5.05,19,44,937,1.53,2,0.0074,0.40,0.1658,13.92,1263.50,3491.91,1.0495,0.0051
3,Masonry sand,phil14_366.csv,0,71.40,41.36,73.37,24.50,8.04,4.76,19,44,937,1.53,2,0.0070,0.39,0.1713,13.92,1263.50,3491.91,1.0495,0.0051
3,Masonry sand,phil14_367.csv,0,71.40,41.36,73.25,24.50,7.55,4.47,19,44,937,1.53,2,0.0063,0.38,0.1909,13.92,1263.50,3491.91,1.0495,0.0051
3,Masonry sand,phil14_368.csv,0,71.40,41.36,73.13,24.50,7.06,4.18,19,44,937,1.53,2,0.0064,0.36,0.2002,13.92,1263.50,3491.91,1.0495,0.0051
3,Masonry sand,phil14_369.csv,0,71.40,41.36,73.02,24.50,6.61,3.92,19,44,937,1.53,2,0.0063,0.35,0.2022,13.92,1263.50,3491.91,1.0495,0.0051
3,Masonry sand,phil14_370.csv,0,71.40,41.36,72.91,24.50,6.16,3.65,19,44,937,1.53,2,0.0066,0.34,0.1967,13.92,1263.50,3491.91,1.0495,0.0051
3,Masonry sand,phil14_371.csv,0,71.40,41.36,72.79,24.50,5.67,3.36,19,44,937,1.53,2,0.0059,0.31,0.2429,13.92,1263.50,3491.91,1.0495,0.0051
3,Masonry sand,phil14_372.csv,0,71.40,41.36,72.68,24.50,5.22,3.09,19,44,937,1.53,2,0.0058,0.28,0.2500,13.92,1263.50,3491.91,1.0495,0.0051
3,Masonry sand,phil14_373.csv,0,71.40,41.36,72.56,24.50,4.73,2.80,19,44,937,1.53,2,0.0055,0.25,0.2500,13.92,1263.50,3491.91,1.0495,0.0051
3,Masonry sand,phil14_374.csv,0,71.40,41.36,72.46,24.50,4.33,2.56,19,44,937,1.53,2,0.0051,0.21,0.2500,13.92,1263.50,3491.91,1.0495,0.0051
3,Masonry sand,phil14_375.csv,0,71.40,41.36,72.35,24.50,3.88,2.30,19,44,937,1.53,2,0.0052,0.11,0.2500,13.92,1263.50,3491.91,1.0495,0.0051
3,Masonry sand,phil14_376.csv,0,71.40,41.36,72.26,24.50,3.51,2.08,19,44,937,1.53,2,0.0067,0.06,0.1465,13.92,1263.50,3491.91,1.0495,0.0051
3,Masonry sand,phil14_377.csv,0,71.40,41.36,72.18,24.50,3.18,1.89,19,44,937,1.53,2,0.0064,0.04,0.0152,13.92,1263.50,3491.91,1.0495,0.0051
3,Masonry sand,phil14_378.csv,0,71.40,41.36,72.10,24.50,2.86,1.69,19,44,937,1.53,2,0.0069,0.03,0.0000,13.92,1263.50,3491.91,1.0495,0.0051
3,Masonry sand,phil14_379.csv,0,71.40,41.36,72.05,24.50,2.65,1.57,19,44,937,1.53,2,0.0084,0.02,0.0000,13.92,1263.50,3491.91,1.0495,0.0051
3,Masonry sand,phil14_380.csv,0,71.40,41.36,71.98,24.50,2.37,1.40,19,44,937,1.53,2,0.0056,0.02,0.0034,13.92,1263.50,3491.91,1.0495,0.0051
3,Masonry sand,phil14_381.csv,0,71.40,41.36,71.92,24.50,2.12,1.26,19,44,937,1.53,2,0.0057,0.01,0.0000,13.92,1263.50,3491.91,1.0495,0.0051
3,Masonry sand,phil14_382.csv,0,71.40,41.36,71.88,24.50,1.96,1.16,19,44,937,1.53,2,0.0094,0.02,0.0000,13.92,1263.50,3491.91,1.0495,0.0051
3,Masonry sand,phil14_383.csv,0,71.40,41.36,71.84,24.50,1.80,1.06,19,44,937,1.53,2,0.0053,0.01,0.0000,13.92,1263.50,3491.91,1.0495,0.0051
3,Masonry sand,phil14_384.csv,0,71.40,41.36,71.80,24.50,1.63,0.97,19,44,937,1.53,2,0.0134,0.01,0.0000,13.92,1263.50,3491.91,1.0495,0.0051
3,Masonry sand,phil14_385.csv,0,71.40,41.36,71.76,24.50,1.47,0.87,19,44,937,1.53,2,0.0090,0.01,0.0000,13.92,1263.50,3491.91,1.0495,0.0051
3,Masonry sand,phil14_386.csv,0,71.40,41.36,71.72,24.50,1.31,0.77,19,44,937,1.53,2,0.0124,0.01,0.0000,13.92,1263.50,3491.91,1.0495,0.0051
3,Masonry sand,phil14_387.csv,0,71.40,41.36,71.69,24.50,1.18,0.70,19,44,937,1.53,2,0.0128,0.01,0.0000,13.92,1263.50,3491.91,1.0495,0.0051
3,Masonry sand,phil14_388.csv,0,71.40,41.36,71.66,24.50,1.06,0.63,19,44,937,1.53,2,0.0164,0.01,0.0000,13.92,1263.50,3491.91,1.0495,0.0051
3,Masonry sand,phil14_389.csv,0,71.40,41.36,71.63,24.50,0.94,0.56,19,44,937,1.53,2,0.0141,0.01,0.0000,13.92,1263.50,3491.91,1.0495,0.0051
3,Masonry sand,phil14_390.csv,0,71.40,41.36,71.60,24.50,0.82,0.48,19,44,937,1.53,2,0.0094,0.01,0.0000,13.92,1263.50,3491.91,1.0495,0.0051
3,Masonry sand,phil14_391.csv,0,71.40,41.36,71.58,24.50,0.73,0.44,19,44,937,1.53,2,0.0172,0.01,0.0000,13.92,1263.50,3491.91,1.0495,0.0051
3,Masonry sand,phil14_392.csv,0,71.40,41.36,71.56,24.50,0.65,0.39,19,44,937,1.53,2,0.0132,0.01,0.0000,13.92,1263.50,3491.91,1.0495,0.0051
3,Masonry sand,phil14_393.csv,0,71.40,41.36,71.54,24.50,0.57,0.34,19,44,937,1.53,2,0.0115,0.00,0.0000,13.92,1263.50,3491.91,1.0495,0.0051
3,Masonry sand,phil14_394.csv,0,71.40,41.36,71.51,24.50,0.45,0.27,19,44,937,1.53,2,0.0283,0.00,0.0167,13.92,1263.50,3491.91,1.0495,0.0051
3,Masonry sand,phil14_395.csv,0,71.40,41.36,71.48,24.50,0.33,0.19,19,44,937,1.53,2,0.0061,0.00,0.0003,13.92,1263.50,3491.91,1.0495,0.0051
3,Masonry sand,phil14_396.csv,0,71.40,41.36,71.46,24.50,0.24,0.15,19,44,937,1.53,2,0.0016,0.00,0.0000,13.92,1263.50,3491.91,1.0495,0.0051
3,Masonry sand,phil14_397.csv,0,71.40,41.36,71.46,24.50,0.24,0.15,19,44,937,1.53,2,0.0118,0.01,0.0000,13.92,1263.50,3491.91,1.0495,0.0051
3,Masonry sand,phil14_398.csv,0,71.40,41.36,71.44,24.50,0.16,0.10,19,44,937,1.53,2,0.0073,0.01,0.0354,13.92,1263.50,3491.91,1.0495,0.0051
3,Masonry sand,phil14_399.csv,0,71.40,41.36,71.43,24.50,0.12,0.07,19,44,937,1.53,2,0.0337,0.00,0.0019,13.92,1263.50,3491.91,1.0495,0.0051
3,Masonry sand,phil14_400.csv,0,71.40,41.36,71.43,24.50,0.12,0.07,19,44,937,1.53,2,0.0099,0.00,0.0802,13.92,1263.50,3491.91,1.0495,0.0051
3,Masonry sand,phil14_401.csv,0,71.40,41.36,71.42,24.50,0.08,0.05,19,44,937,1.53,2,0.0144,0.00,0.0000,13.92,1263.50,3491.91,1.0495,0.0051
3,Masonry sand,phil14_402.csv,0,71.40,41.36,71.42,24.50,0.08,0.05,19,44,937,1.53,2,0.0112,0.00,0.0000,13.92,1263.50,3491.91,1.0495,0.0051
3,Masonry sand,phil14_403.csv,0,71.40,41.36,71.41,24.50,0.04,0.02,19,44,937,1.53,2,0.0181,0.01,0.0000,13.92,1263.50,3491.91,1.0495,0.0051
3,Masonry sand,phil14_404.csv,0,71.40,41.36,71.41,24.50,0.04,0.02,19,44,937,1.53,2,0.0141,0.01,0.0037,13.92,1263.50,3491.91,1.0495,0.0051
3,Masonry sand,phil14_405.csv,0,71.40,41.36,71.40,24.50,0.00,0.00,19,44,937,1.53,2,0.0000,0.00,0.0000,13.92,1263.50,3491.91,1.0495,0.0051