Wvl	alpha
400	0.000058
401	0.000059
402	0.000059
403	0.000060
404	0.000061
405	0.000062
406	0.000063
407	0.000064
408	0.000065
409	0.000066
410	0.000067
411	0.000068
412	0.000069
413	0.000070
414	0.000072
415	0.000073
416	0.000074
417	0.000075
418	0.000076
419	0.000077
420	0.000079
421	0.000081
422	0.000082
423	0.000083
424	0.000084
425	0.000086
426	0.000087
427	0.000088
428	0.000089
429	0.000091
430	0.000092
431	0.000093
432	0.000094
433	0.000095
434	0.000097
435	0.000098
436	0.000099
437	0.000100
438	0.000102
439	0.000103
440	0.000104
441	0.000105
442	0.000106
443	0.000107
444	0.000108
445	0.000109
446	0.000110
447	0.000111
448	0.000112
449	0.000113
450	0.000114
451	0.000115
452	0.000116
453	0.000117
454	0.000118
455	0.000119
456	0.000120
457	0.000121
458	0.000122
459	0.000123
460	0.000124
461	0.000125
462	0.000126
463	0.000127
464	0.000128
465	0.000129
466	0.000130
467	0.000132
468	0.000133
469	0.000134
470	0.000135
471	0.000136
472	0.000138
473	0.000140
474	0.000141
475	0.000142
476	0.000144
477	0.000146
478	0.000148
479	0.000150
480	0.000152
481	0.000154
482	0.000157
483	0.000160
484	0.000162
485	0.000164
486	0.000167
487	0.000170
488	0.000174
489	0.000177
490	0.000181
491	0.000185
492	0.000189
493	0.000193
494	0.000198
495	0.000203
496	0.000209
497	0.000216
498	0.000223
499	0.000230
500	0.000238
501	0.000246
502	0.000255
503	0.000264
504	0.000273
505	0.000282
506	0.000291
507	0.000300
508	0.000310
509	0.000319
510	0.000329
511	0.000339
512	0.000349
513	0.000359
514	0.000368
515	0.000377
516	0.000386
517	0.000396
518	0.000404
519	0.000407
520	0.000409
521	0.000414
522	0.000416
523	0.000411
524	0.000409
525	0.000418
526	0.000427
527	0.000427
528	0.000423
529	0.000424
530	0.000429
531	0.000437
532	0.000445
533	0.000451
534	0.000456
535	0.000463
536	0.000470
537	0.000475
538	0.000480
539	0.000488
540	0.000495
541	0.000498
542	0.000503
543	0.000514
544	0.000527
545	0.000536
546	0.000544
547	0.000553
548	0.000564
549	0.000576
550	0.000588
551	0.000600
552	0.000611
553	0.000622
554	0.000631
555	0.000639
556	0.000646
557	0.000652
558	0.000658
559	0.000665
560	0.000672
561	0.000679
562	0.000686
563	0.000692
564	0.000699
565	0.000708
566	0.000718
567	0.000726
568	0.000734
569	0.000745
570	0.000759
571	0.000773
572	0.000787
573	0.000802
574	0.000819
575	0.000839
576	0.000858
577	0.000875
578	0.000896
579	0.000924
580	0.000952
581	0.000975
582	0.001000
583	0.001037
584	0.001079
585	0.001119
586	0.001159
587	0.001204
588	0.001253
589	0.001304
590	0.001356
591	0.001408
592	0.001459
593	0.001510
594	0.001567
595	0.001635
596	0.001700
597	0.001758
598	0.001860
599	0.002042
600	0.002224
601	0.002323
602	0.002366
603	0.002400
604	0.002448
605	0.002519
606	0.002587
607	0.002629
608	0.002653
609	0.002673
610	0.002691
611	0.002704
612	0.002715
613	0.002727
614	0.002740
615	0.002752
616	0.002764
617	0.002774
618	0.002785
619	0.002797
620	0.002810
621	0.002824
622	0.002839
623	0.002854
624	0.002868
625	0.002881
626	0.002893
627	0.002907
628	0.002922
629	0.002938
630	0.002955
631	0.002972
632	0.002988
633	0.003000
634	0.003011
635	0.003023
636	0.003038
637	0.003056
638	0.003076
639	0.003094
640	0.003111
641	0.003127
642	0.003144
643	0.003162
644	0.003181
645	0.003202
646	0.003223
647	0.003242
648	0.003263
649	0.003289
650	0.003315
651	0.003338
652	0.003362
653	0.003390
654	0.003423
655	0.003461
656	0.003508
657	0.003567
658	0.003636
659	0.003712
660	0.003791
661	0.003866
662	0.003931
663	0.003981
664	0.004019
665	0.004049
666	0.004072
667	0.004087
668	0.004098
669	0.004109
670	0.004122
671	0.004137
672	0.004150
673	0.004160
674	0.004173
675	0.004196
676	0.004223
677	0.004248
678	0.004270
679	0.004293
680	0.004318
681	0.004347
682	0.004381
683	0.004418
684	0.004458
685	0.004500
686	0.004545
687	0.004594
688	0.004646
689	0.004701
690	0.004760
691	0.004827
692	0.004903
693	0.004986
694	0.005071
695	0.005154
696	0.005244
697	0.005351
698	0.005470
699	0.005594
700	0.005722
701	0.005855
702	0.005995
703	0.006146
704	0.006303
705	0.006463
706	0.006628
707	0.006804
708	0.006993
709	0.007197
710	0.007415
711	0.007647
712	0.007893
713	0.008157
714	0.008445
715	0.008763
716	0.009109
717	0.009479
718	0.009871
719	0.010285
720	0.010724
721	0.011191
722	0.011679
723	0.012179
724	0.012684
725	0.013193
726	0.013719
727	0.014276
728	0.014870
729	0.015510
730	0.016211
731	0.016993
732	0.017872
733	0.018857
734	0.019917
735	0.021008
736	0.022074
737	0.023063
738	0.023942
739	0.024692
740	0.025319
741	0.025833
742	0.026231
743	0.026516
744	0.026723
745	0.026887
746	0.027021
747	0.027130
748	0.027216
749	0.027282
750	0.027334
751	0.027376
752	0.027413
753	0.027447
754	0.027478
755	0.027508
756	0.027542
757	0.027582
758	0.027628
759	0.027674
760	0.027710
761	0.027726
762	0.027733
763	0.027740
764	0.027742
765	0.027730
766	0.027701
767	0.027657
768	0.027610
769	0.027571
770	0.027542
771	0.027520
772	0.027482
773	0.027406
774	0.027305
775	0.027198
776	0.027097
777	0.027005
778	0.026896
779	0.026750
780	0.026590
781	0.026448
782	0.026332
783	0.026238
784	0.026127
785	0.025933
786	0.025580
787	0.025229
788	0.025129
789	0.025005
790	0.024656
791	0.024465
792	0.024117
793	0.023887
794	0.023740
795	0.023552
796	0.023365
797	0.023178
798	0.023038
799	0.022805
800	0.022462
801	0.022434
802	0.022383
803	0.022222
804	0.022038
805	0.022011
806	0.022040
807	0.021956
808	0.021773
809	0.021902
810	0.021875
811	0.021883
812	0.021976
813	0.022103
814	0.022230
815	0.022330
816	0.022484
817	0.022764
818	0.023043
819	0.023112
820	0.023294
821	0.023878
822	0.024460
823	0.024754
824	0.025163
825	0.026199
826	0.027689
827	0.028304
828	0.029139
829	0.031075
830	0.032135
831	0.032966
832	0.034588
833	0.036055
834	0.036618
835	0.037022
836	0.037879
837	0.038285
838	0.038539
839	0.039092
840	0.039494
841	0.039723
842	0.039997
843	0.040397
844	0.040565
845	0.040748
846	0.041145
847	0.041266
848	0.041493
849	0.042036
850	0.041986
851	0.042232
852	0.042540
853	0.042723
854	0.042798
855	0.043064
856	0.043601
857	0.043694
858	0.043792
859	0.044326
860	0.044535
861	0.044661
862	0.045047
863	0.045273
864	0.045524
865	0.046052
866	0.046580
867	0.046909
868	0.047052
869	0.047128
870	0.047521
871	0.048332
872	0.048673
873	0.048941
874	0.049604
875	0.050055
876	0.050495
877	0.051154
878	0.051531
879	0.052038
880	0.052979
881	0.053460
882	0.053856
883	0.054649
884	0.055279
885	0.055661
886	0.055955
887	0.056527
888	0.057454
889	0.057887
890	0.058314
891	0.059235
892	0.059823
893	0.060088
894	0.060352
895	0.060936
896	0.061850
897	0.062264
898	0.062692
899	0.063601
900	0.064074
901	0.064575
902	0.065618
903	0.066360
904	0.066724
905	0.066991
906	0.067686
907	0.068997
908	0.069885
909	0.070366
910	0.070848
911	0.071867
912	0.073579
913	0.074856
914	0.075618
915	0.076297
916	0.077922
917	0.080852
918	0.082916
919	0.084095
920	0.085277
921	0.088006
922	0.092680
923	0.095840
924	0.098192
925	0.101244
926	0.104222
927	0.106625
928	0.111310
929	0.119441
930	0.124611
931	0.128093
932	0.132722
933	0.137382
934	0.140985
935	0.146496
936	0.155737
937	0.163499
938	0.168802
939	0.173178
940	0.181811
941	0.196308
942	0.205007
943	0.210550
944	0.218675
945	0.228721
946	0.238586
947	0.246816
948	0.254236
949	0.270131
950	0.297625
951	0.315250
952	0.327359
953	0.343792
954	0.362238
955	0.378504
956	0.393028
957	0.406807
958	0.418442
959	0.427338
960	0.438514
961	0.453749
962	0.461079
963	0.463246
964	0.466292
965	0.470099
966	0.473293
967	0.475625
968	0.477214
969	0.478534
970	0.479999
971	0.481430
972	0.482679
973	0.484315
974	0.486399
975	0.487014
976	0.486689
977	0.486389
978	0.485694
979	0.484099
980	0.482138
981	0.480393
982	0.478597
983	0.476378
984	0.473793
985	0.470951
986	0.467734
987	0.464088
988	0.460428
989	0.457033
990	0.453151
991	0.448209
992	0.443370
993	0.439701
994	0.436157
995	0.431577
996	0.426449
997	0.421502
998	0.416780
999	0.412111
1000	0.407150
1001	0.401698
1002	0.396305
1003	0.391472
1004	0.386754
1005	0.381601
1006	0.375992
1007	0.370059
1008	0.364026
1009	0.358071
1010	0.352107
1011	0.346068
1012	0.340236
1013	0.334854
1014	0.329650
1015	0.324340
1016	0.319107
1017	0.314067
1018	0.308604
1019	0.302227
1020	0.295679
1021	0.289731
1022	0.284034
1023	0.278154
1024	0.272435
1025	0.267223
1026	0.262106
1027	0.256586
1028	0.250594
1029	0.244389
1030	0.239127
1031	0.235711
1032	0.233135
1033	0.229917
1034	0.225092
1035	0.219760
1036	0.215139
1037	0.210853
1038	0.206353
1039	0.201981
1040	0.198110
1041	0.194350
1042	0.190360
1043	0.186749
1044	0.184083
1045	0.181787
1046	0.179005
1047	0.175244
1048	0.171469
1049	0.168656
1050	0.166355
1051	0.163909
1052	0.161260
1053	0.158558
1054	0.156185
1055	0.154461
1056	0.153220
1057	0.152176
1058	0.151039
1059	0.149515
1060	0.147501
1061	0.145680
1062	0.144692
1063	0.144224
1064	0.143808
1065	0.143301
1066	0.142639
1067	0.141835
1068	0.141195
1069	0.140976
1070	0.140931
1071	0.140779
1072	0.140593
1073	0.140537
1074	0.140772
1075	0.141445
1076	0.142556
1077	0.143516
1078	0.143816
1079	0.143861
1080	0.144281
1081	0.145549
1082	0.147498
1083	0.149769
1084	0.151863
1085	0.153408
1086	0.154668
1087	0.156068
1088	0.157959
1089	0.160397
1090	0.163242
1091	0.165862
1092	0.167737
1093	0.169283
1094	0.171151
1095	0.173900
1096	0.177718
1097	0.182401
1098	0.186550
1099	0.188989
1100	0.190625
1101	0.192890
1102	0.196649
1103	0.200515
1104	0.203082
1105	0.205116
1106	0.207925
1107	0.212258
1108	0.216622
1109	0.219545
1110	0.221887
1111	0.225086
1112	0.229821
1113	0.233714
1114	0.234603
1115	0.234236
1116	0.235338
1117	0.239658
1118	0.245033
1119	0.249130
1120	0.252833
1121	0.257829
1122	0.264990
1123	0.271917
1124	0.276501
1125	0.281067
1126	0.289049
1127	0.302304
1128	0.316387
1129	0.327125
1130	0.337746
1131	0.353325
1132	0.376946
1133	0.403721
1134	0.428144
1135	0.450198
1136	0.471239
1137	0.493191
1138	0.520245
1139	0.557157
1140	0.605237
1141	0.651997
1142	0.686262
1143	0.715900
1144	0.753543
1145	0.806361
1146	0.859689
1147	0.898138
1148	0.925253
1149	0.949313
1150	0.976919
1151	1.007962
1152	1.040653
1153	1.072706
1154	1.099830
1155	1.118595
1156	1.131005
1157	1.140423
1158	1.149678
1159	1.159472
1160	1.169972
1161	1.180825
1162	1.189588
1163	1.194173
1164	1.195987
1165	1.197311
1166	1.199828
1167	1.202826
1168	1.204994
1169	1.205734
1170	1.207295
1171	1.212639
1172	1.222912
1173	1.231997
1174	1.234037
1175	1.231481
1176	1.228854
1177	1.229592
1178	1.232774
1179	1.236386
1180	1.238943
1181	1.241060
1182	1.243879
1183	1.248066
1184	1.252392
1185	1.255546
1186	1.257799
1187	1.259813
1188	1.262110
1189	1.264637
1190	1.267197
1191	1.269647
1192	1.272056
1193	1.274544
1194	1.277164
1195	1.279696
1196	1.281854
1197	1.283180
1198	1.282544
1199	1.278646
1200	1.271459
1201	1.266054
1202	1.266899
1203	1.270962
1204	1.273336
1205	1.270539
1206	1.264797
1207	1.259760
1208	1.258015
1209	1.257887
1210	1.256637
1211	1.252430
1212	1.247046
1213	1.243169
1214	1.242471
1215	1.242578
1216	1.240102
1217	1.232883
1218	1.223669
1219	1.216433
1220	1.213932
1221	1.214048
1222	1.213447
1223	1.209766
1224	1.204525
1225	1.200217
1226	1.198574
1227	1.198287
1228	1.197284
1229	1.194047
1230	1.189260
1231	1.184158
1232	1.179671
1233	1.175513
1234	1.171096
1235	1.166115
1236	1.161407
1237	1.158097
1238	1.156845
1239	1.156461
1240	1.155295
1241	1.152131
1242	1.147507
1243	1.142397
1244	1.137615
1245	1.133332
1246	1.129561
1247	1.126251
1248	1.123107
1249	1.119773
1250	1.115894
1251	1.111327
1252	1.106785
1253	1.103193
1254	1.101225
1255	1.100543
1256	1.100558
1257	1.100646
1258	1.100039
1259	1.097935
1260	1.093930
1261	1.089212
1262	1.085368
1263	1.083534
1264	1.083047
1265	1.082794
1266	1.081936
1267	1.080729
1268	1.079701
1269	1.079381
1270	1.080252
1271	1.082613
1272	1.086714
1273	1.092508
1274	1.098744
1275	1.103869
1276	1.106853
1277	1.108744
1278	1.111111
1279	1.115216
1280	1.121090
1281	1.128460
1282	1.137051
1283	1.146452
1284	1.155709
1285	1.163734
1286	1.169846
1287	1.174994
1288	1.180536
1289	1.187549
1290	1.195982
1291	1.205505
1292	1.215787
1293	1.226642
1294	1.238462
1295	1.251785
1296	1.266821
1297	1.282468
1298	1.297299
1299	1.310374
1300	1.322713
1301	1.335826
1302	1.351223
1303	1.370018
1304	1.391740
1305	1.415522
1306	1.440444
1307	1.465376
1308	1.489134
1309	1.511028
1310	1.532345
1311	1.554867
1312	1.580374
1313	1.609896
1314	1.641458
1315	1.672331
1316	1.700675
1317	1.728193
1318	1.757476
1319	1.791113
1320	1.830456
1321	1.871905
1322	1.910621
1323	1.943417
1324	1.973706
1325	2.006549
1326	2.047010
1327	2.097870
1328	2.152786
1329	2.203133
1330	2.242950
1331	2.276928
1332	2.312421
1333	2.356784
1334	2.414518
1335	2.478714
1336	2.539611
1337	2.589728
1338	2.630696
1339	2.666427
1340	2.700832
1341	2.737599
1342	2.779524
1343	2.829181
1344	2.889143
1345	2.959786
1346	3.032701
1347	3.097279
1348	3.145677
1349	3.181105
1350	3.225513
1351	3.266700
1352	3.318738
1353	3.363100
1354	3.412252
1355	3.449000
1356	3.504268
1357	3.543900
1358	3.599800
1359	3.648355
1360	3.700600
1361	3.751827
1362	3.802100
1363	3.870500
1364	3.926738
1365	3.985300
1366	4.063982
1367	4.125397
1368	4.216400
1369	4.301516
1370	4.388952
1371	4.504100
1372	4.630224
1373	4.736629
1374	4.904000
1375	5.091507
1376	5.259921
1377	5.479100
1378	5.719700
1379	6.006339
1380	6.241762
1381	6.579700
1382	6.927100
1383	7.312753
1384	7.632697
1385	8.089400
1386	8.545300
1387	9.030400
1388	9.591056
1389	10.017890
1390	10.631000
1391	11.220000
1392	11.835000
1393	12.450000
1394	13.161723
1395	13.691005
1396	14.337092
1397	15.094000
1398	15.784000
1399	16.456000
1400	17.144000
1401	17.805000
1402	18.543946
1403	19.188174
1404	19.800020
1405	20.292651
1406	20.888231
1407	21.459762
1408	22.022355
1409	22.599000
1410	23.127000
1411	23.600000
1412	24.073000
1413	24.501000
1414	24.928000
1415	25.328000
1416	25.709000
1417	26.063000
1418	26.408000
1419	26.726000
1420	27.006304
1421	27.287937
1422	27.561461
1423	27.817888
1424	28.060008
1425	28.344665
1426	28.564249
1427	28.744728
1428	28.918000
1429	29.082000
1430	29.263000
1431	29.400000
1432	29.555000
1433	29.660565
1434	29.820309
1435	29.926013
1436	30.034000
1437	30.135000
1438	30.227000
1439	30.286805
1440	30.359419
1441	30.423913
1442	30.458000
1443	30.488000
1444	30.519000
1445	30.529643
1446	30.550063
1447	30.561000
1448	30.556000
1449	30.552438
1450	30.540719
1451	30.512000
1452	30.490000
1453	30.445939
1454	30.410464
1455	30.350000
1456	30.293000
1457	30.227814
1458	30.140965
1459	30.059000
1460	29.980949
1461	29.833805
1462	29.714000
1463	29.565428
1464	29.362338
1465	29.173000
1466	28.987180
1467	28.715926
1468	28.514000
1469	28.289687
1470	27.995764
1471	27.772000
1472	27.542415
1473	27.223000
1474	26.985457
1475	26.634943
1476	26.375000
1477	26.113421
1478	25.813000
1479	25.552402
1480	25.222233
1481	24.971000
1482	24.682898
1483	24.429000
1484	24.132282
1485	23.880000
1486	23.638598
1487	23.316000
1488	23.066133
1489	22.736000
1490	22.501889
1491	22.183000
1492	21.933012
1493	21.632000
1494	21.390778
1495	21.073000
1496	20.823237
1497	20.524000
1498	20.252940
1499	20.010000
1500	19.721739
1501	19.504916
1502	19.235000
1503	19.001459
1504	18.741000
1505	18.473819
1506	18.273000
1507	18.015035
1508	17.835821
1509	17.580000
1510	17.339390
1511	17.124000
1512	16.884215
1513	16.704918
1514	16.467000
1515	16.230401
1516	16.058507
1517	15.830000
1518	15.619436
1519	15.446097
1520	15.245000
1521	15.036564
1522	14.886062
1523	14.679000
1524	14.470595
1525	14.320320
1526	14.131000
1527	13.949000
1528	13.813919
1529	13.643062
1530	13.478000
1531	13.290615
1532	13.163548
1533	12.976000
1534	12.820000
1535	12.651069
1536	12.538260
1537	12.378000
1538	12.231000
1539	12.060925
1540	11.927479
1541	11.812343
1542	11.662000
1543	11.516000
1544	11.374018
1545	11.259006
1546	11.140545
1547	10.998000
1548	10.878000
1549	10.753321
1550	10.635452
1551	10.541211
1552	10.439821
1553	10.317000
1554	10.221000
1555	10.110000
1556	10.004813
1557	9.911589
1558	9.838890
1559	9.753812
1560	9.659635
1561	9.563400
1562	9.477000
1563	9.382600
1564	9.304500
1565	9.201738
1566	9.132595
1567	9.046567
1568	8.977385
1569	8.897591
1570	8.819569
1571	8.742095
1572	8.664555
1573	8.587599
1574	8.509031
1575	8.448195
1576	8.364000
1577	8.295000
1578	8.234100
1579	8.157200
1580	8.104400
1581	8.035700
1582	7.959100
1583	7.889700
1584	7.834000
1585	7.772700
1586	7.711500
1587	7.654400
1588	7.608893
1589	7.547839
1590	7.494498
1591	7.431943
1592	7.374432
1593	7.314503
1594	7.251490
1595	7.202792
1596	7.163914
1597	7.123767
1598	7.083900
1599	7.040900
1600	6.986900
1601	6.943200
1602	6.909764
1603	6.864731
1604	6.827780
1605	6.776302
1606	6.742008
1607	6.713963
1608	6.695100
1609	6.654100
1610	6.629500
1611	6.598744
1612	6.567182
1613	6.525517
1614	6.500580
1615	6.473900
1616	6.448700
1617	6.419481
1618	6.400643
1619	6.362948
1620	6.345400
1621	6.308700
1622	6.281746
1623	6.249990
1624	6.214406
1625	6.185900
1626	6.163300
1627	6.129530
1628	6.120469
1629	6.090539
1630	6.075800
1631	6.053036
1632	6.047482
1633	6.016346
1634	6.004800
1635	5.981808
1636	5.972691
1637	5.946895
1638	5.939500
1639	5.918527
1640	5.911183
1641	5.886700
1642	5.875100
1643	5.846219
1644	5.826078
1645	5.798100
1646	5.787020
1647	5.751017
1648	5.746400
1649	5.718206
1650	5.704628
1651	5.685000
1652	5.683651
1653	5.657169
1654	5.657900
1655	5.643936
1656	5.647635
1657	5.626400
1658	5.625883
1659	5.618776
1660	5.617700
1661	5.602508
1662	5.614200
1663	5.596609
1664	5.603350
1665	5.582000
1666	5.584429
1667	5.564330
1668	5.562839
1669	5.546825
1670	5.545000
1671	5.535977
1672	5.542300
1673	5.528609
1674	5.531929
1675	5.525300
1676	5.533203
1677	5.527800
1678	5.529359
1679	5.516100
1680	5.523541
1681	5.515600
1682	5.526408
1683	5.519704
1684	5.519905
1685	5.515607
1686	5.522015
1687	5.510729
1688	5.526700
1689	5.511326
1690	5.518600
1691	5.514514
1692	5.519500
1693	5.509860
1694	5.518178
1695	5.523156
1696	5.537737
1697	5.535423
1698	5.543829
1699	5.557063
1700	5.571411
1701	5.582900
1702	5.605488
1703	5.607300
1704	5.629370
1705	5.636000
1706	5.663565
1707	5.669715
1708	5.692766
1709	5.701456
1710	5.732800
1711	5.751911
1712	5.765600
1713	5.775990
1714	5.796562
1715	5.810700
1716	5.829376
1717	5.841700
1718	5.877042
1719	5.891213
1720	5.929600
1721	5.945078
1722	5.972031
1723	5.999319
1724	6.024593
1725	6.050700
1726	6.086707
1727	6.095642
1728	6.136200
1729	6.165866
1730	6.197499
1731	6.219300
1732	6.255451
1733	6.283889
1734	6.334600
1735	6.369043
1736	6.391966
1737	6.444500
1738	6.492604
1739	6.516576
1740	6.570500
1741	6.617025
1742	6.658363
1743	6.688518
1744	6.748000
1745	6.795648
1746	6.841949
1747	6.896600
1748	6.954460
1749	7.003420
1750	7.053828
1751	7.110600
1752	7.179039
1753	7.235201
1754	7.273692
1755	7.339300
1756	7.414269
1757	7.480606
1758	7.535550
1759	7.594000
1760	7.669034
1761	7.733841
1762	7.775659
1763	7.833300
1764	7.893200
1765	7.951531
1766	8.000394
1767	8.044804
1768	8.102600
1769	8.155100
1770	8.205219
1771	8.240978
1772	8.263979
1773	8.320600
1774	8.351600
1775	8.394235
1776	8.430177
1777	8.447908
1778	8.477215
1779	8.511600
1780	8.535300
1781	8.561878
1782	8.592536
1783	8.617477
1784	8.639479
1785	8.670443
1786	8.689300
1787	8.719800
1788	8.737651
1789	8.754966
1790	8.777281
1791	8.777635
1792	8.778132
1793	8.793771
1794	8.804600
1795	8.806900
1796	8.809200
1797	8.810749
1798	8.798747
1799	8.794614
1800	8.789446
1801	8.779308
1802	8.766579
1803	8.754130
1804	8.749558
1805	8.737563
1806	8.739200
1807	8.734500
1808	8.743700
1809	8.752800
1810	8.755000
1811	8.780058
1812	8.787154
1813	8.790225
1814	8.798223
1815	8.794290
1816	8.810841
1817	8.819854
1818	8.835833
1819	8.845373
1820	8.853675
1821	8.858280
1822	8.867692
1823	8.869400
1824	8.884170
1825	8.888035
1826	8.900445
1827	8.921816
1828	8.951358
1829	8.973424
1830	9.009555
1831	9.033773
1832	9.109647
1833	9.146176
1834	9.195063
1835	9.258537
1836	9.314798
1837	9.379617
1838	9.456660
1839	9.534971
1840	9.632641
1841	9.722824
1842	9.824100
1843	9.934600
1844	10.052000
1845	10.176000
1846	10.306000
1847	10.421731
1848	10.590180
1849	10.747525
1850	10.938962
1851	11.099355
1852	11.386157
1853	11.598404
1854	11.839612
1855	12.083941
1856	12.350000
1857	12.661000
1858	13.012000
1859	13.339298
1860	13.750688
1861	14.117256
1862	14.783328
1863	15.290013
1864	15.857862
1865	16.407000
1866	17.085000
1867	17.735730
1868	18.527332
1869	19.248169
1870	20.512460
1871	21.477095
1872	22.495000
1873	23.670000
1874	24.833642
1875	26.222727
1876	27.510653
1877	29.720713
1878	31.439328
1879	33.172000
1880	35.041339
1881	37.248128
1882	39.269008
1883	42.690706
1884	45.301545
1885	47.892000
1886	50.601722
1887	53.603655
1888	57.612512
1889	60.874591
1890	64.009000
1891	67.196813
1892	70.590473
1893	74.965426
1894	78.410275
1895	81.565000
1896	84.686019
1897	87.524244
1898	91.893714
1899	94.563000
1900	97.217670
1901	99.951994
1902	103.309303
1903	105.681475
1904	107.840000
1905	109.731064
1906	112.248032
1907	114.034698
1908	115.650000
1909	117.125733
1910	118.998841
1911	120.333063
1912	121.520000
1913	122.571782
1914	123.947593
1915	124.810000
1916	125.709798
1917	126.449055
1918	127.533009
1919	128.090000
1920	128.611044
1921	129.192591
1922	129.590000
1923	129.868376
1924	130.315286
1925	130.439061
1926	130.550000
1927	130.602571
1928	130.613990
1929	130.480000
1930	130.356556
1931	130.134827
1932	129.890000
1933	129.604199
1934	129.068316
1935	128.650000
1936	128.182842
1937	127.485606
1938	126.960000
1939	126.371476
1940	125.592201
1941	124.890000
1942	124.190107
1943	123.187076
1944	122.430000
1945	121.614809
1946	120.597659
1947	119.720000
1948	119.026766
1949	117.765796
1950	117.001564
1951	115.646597
1952	114.910000
1953	113.991318
1954	112.825066
1955	111.840000
1956	111.042753
1957	109.690428
1958	108.810273
1959	107.588528
1960	106.620000
1961	105.772010
1962	104.412649
1963	103.550546
1964	102.319099
1965	101.360000
1966	100.499270
1967	99.281000
1968	98.313523
1969	97.108839
1970	96.309946
1971	94.878573
1972	94.120000
1973	93.406182
1974	92.063494
1975	91.207094
1976	90.086628
1977	89.285652
1978	88.041080
1979	87.246000
1980	86.110251
1981	85.320000
1982	84.602022
1983	83.356211
1984	82.616604
1985	81.509079
1986	80.761072
1987	79.728937
1988	79.035126
1989	78.002115
1990	77.228000
1991	76.277843
1992	75.574000
1993	74.626018
1994	73.923000
1995	72.984477
1996	72.338000
1997	71.406556
1998	70.819000
1999	69.863605
2000	69.241000
2001	68.653022
2002	67.790000
2003	66.876717
2004	66.343000
2005	65.482034
2006	64.898000
2007	64.118696
2008	63.582000
2009	62.805196
2010	62.319629
2011	61.559020
2012	61.051830
2013	60.292266
2014	59.796002
2015	59.066605
2016	58.568710
2017	57.879552
2018	57.460410
2019	56.795000
2020	56.316369
2021	55.662000
2022	55.029574
2023	54.630516
2024	53.982057
2025	53.561282
2026	52.937110
2027	52.562931
2028	51.970000
2029	51.384451
2030	50.982000
2031	50.470534
2032	50.059288
2033	49.509459
2034	49.154346
2035	48.598000
2036	48.061064
2037	47.731528
2038	47.180824
2039	46.849353
2040	46.348000
2041	45.841663
2042	45.531026
2043	45.027586
2044	44.731418
2045	44.256000
2046	43.785741
2047	43.483574
2048	43.017710
2049	42.732637
2050	42.278000
2051	41.858587
2052	41.551123
2053	41.152000
2054	40.720635
2055	40.456052
2056	40.016479
2057	39.750060
2058	39.335000
2059	38.940864
2060	38.682829
2061	38.272000
2062	37.895849
2063	37.616873
2064	37.261000
2065	36.873103
2066	36.635370
2067	36.283000
2068	35.916257
2069	35.681091
2070	35.362000
2071	34.992472
2072	34.785835
2073	34.469000
2074	34.133174
2075	33.917047
2076	33.626000
2077	33.292392
2078	33.094326
2079	32.797000
2080	32.512954
2081	32.306412
2082	32.001000
2083	31.718371
2084	31.540194
2085	31.267719
2086	30.971560
2087	30.709800
2088	30.521201
2089	30.252000
2090	29.988981
2091	29.802627
2092	29.574657
2093	29.285412
2094	29.056890
2095	28.875769
2096	28.646000
2097	28.397270
2098	28.224200
2099	27.992985
2100	27.760000
2101	27.505893
2102	27.367213
2103	27.134000
2104	26.920407
2105	26.707344
2106	26.573613
2107	26.367000
2108	26.167511
2109	25.967695
2110	25.843544
2111	25.650000
2112	25.464866
2113	25.278569
2114	25.175306
2115	25.006486
2116	24.848000
2117	24.661606
2118	24.545371
2119	24.379443
2120	24.202000
2121	24.013797
2122	23.860245
2123	23.741717
2124	23.582000
2125	23.420060
2126	23.278548
2127	23.180162
2128	23.038782
2129	22.890000
2130	22.753547
2131	22.616583
2132	22.517827
2133	22.392909
2134	22.271000
2135	22.134913
2136	22.015512
2137	21.943277
2138	21.834358
2139	21.719000
2140	21.616000
2141	21.495265
2142	21.399572
2143	21.330808
2144	21.228463
2145	21.120000
2146	21.017457
2147	20.908872
2148	20.848878
2149	20.766256
2150	20.664571
2151	20.576000
2152	20.488372
2153	20.403406
2154	20.325938
2155	20.265380
2156	20.174911
2157	20.099000
2158	20.020000
2159	19.944739
2160	19.869801
2161	19.830860
2162	19.764283
2163	19.694464
2164	19.633000
2165	19.584000
2166	19.522609
2167	19.462930
2168	19.417337
2169	19.380940
2170	19.328505
2171	19.278623
2172	19.231000
2173	19.177000
2174	19.130128
2175	19.091243
2176	19.037932
2177	18.996333
2178	18.956626
2179	18.892714
2180	18.836293
2181	18.795000
2182	18.735000
2183	18.694686
2184	18.656139
2185	18.601434
2186	18.555424
2187	18.517341
2188	18.487216
2189	18.447135
2190	18.426583
2191	18.390159
2192	18.374000
2193	18.371000
2194	18.375168
2195	18.371313
2196	18.363136
2197	18.354100
2198	18.347355
2199	18.345107
2200	18.336268
2201	18.326529
2202	18.328864
2203	18.326455
2204	18.340333
2205	18.333792
2206	18.336000
2207	18.340000
2208	18.320000
2209	18.307000
2210	18.291338
2211	18.278135
2212	18.277680
2213	18.286557
2214	18.289527
2215	18.301162
2216	18.323302
2217	18.347807
2218	18.360087
2219	18.368041
2220	18.371147
2221	18.375426
2222	18.370986
2223	18.397885
2224	18.415835
2225	18.433424
2226	18.464445
2227	18.486042
2228	18.509858
2229	18.535079
2230	18.567195
2231	18.580207
2232	18.597736
2233	18.634523
2234	18.644907
2235	18.668087
2236	18.698134
2237	18.745176
2238	18.788005
2239	18.829596
2240	18.876784
2241	18.930119
2242	18.973935
2243	19.024982
2244	19.078613
2245	19.130966
2246	19.188483
2247	19.242983
2248	19.291386
2249	19.341880
2250	19.400311
2251	19.454550
2252	19.507121
2253	19.608126
2254	19.660040
2255	19.734194
2256	19.804023
2257	19.848121
2258	19.904789
2259	19.972666
2260	20.042923
2261	20.128298
2262	20.201591
2263	20.274000
2264	20.376000
2265	20.456000
2266	20.541000
2267	20.622355
2268	20.713300
2269	20.793107
2270	20.872860
2271	20.938068
2272	21.025416
2273	21.113531
2274	21.259722
2275	21.353541
2276	21.451624
2277	21.528010
2278	21.636227
2279	21.740667
2280	21.831000
2281	21.921000
2282	22.015955
2283	22.121120
2284	22.231621
2285	22.344440
2286	22.453351
2287	22.641971
2288	22.754867
2289	22.869231
2290	23.006587
2291	23.126000
2292	23.269000
2293	23.383388
2294	23.508801
2295	23.626172
2296	23.768742
2297	23.854437
2298	24.092365
2299	24.182476
2300	24.327139
2301	24.439000
2302	24.587000
2303	24.703330
2304	24.853047
2305	24.953784
2306	25.230821
2307	25.337242
2308	25.487620
2309	25.638178
2310	25.785000
2311	25.919888
2312	26.106062
2313	26.230103
2314	26.532817
2315	26.641208
2316	26.804898
2317	26.950000
2318	27.116000
2319	27.271665
2320	27.434668
2321	27.560972
2322	27.892670
2323	28.019150
2324	28.194000
2325	28.375000
2326	28.554182
2327	28.689166
2328	29.029284
2329	29.160637
2330	29.342234
2331	29.510000
2332	29.687549
2333	29.878395
2334	30.022865
2335	30.381582
2336	30.537803
2337	30.725000
2338	30.917578
2339	31.064901
2340	31.448270
2341	31.596359
2342	31.796559
2343	31.992000
2344	32.184578
2345	32.378120
2346	32.720159
2347	32.899052
2348	33.108000
2349	33.312204
2350	33.477085
2351	33.878710
2352	34.043154
2353	34.255910
2354	34.469000
2355	34.679887
2356	34.858707
2357	35.280733
2358	35.468682
2359	35.701000
2360	35.916810
2361	36.100851
2362	36.556596
2363	36.750587
2364	36.973294
2365	37.156341
2366	37.604993
2367	37.765596
2368	38.012000
2369	38.266116
2370	38.478339
2371	38.919415
2372	39.126244
2373	39.377000
2374	39.568353
2375	40.067271
2376	40.236211
2377	40.501000
2378	40.775493
2379	40.956120
2380	41.471030
2381	41.674000
2382	41.961029
2383	42.199278
2384	42.678713
2385	42.934319
2386	43.185123
2387	43.417893
2388	43.882047
2389	44.125274
2390	44.388201
2391	44.642578
2392	45.131562
2393	45.380490
2394	45.646700
2395	45.902892
2396	46.374994
2397	46.626439
2398	46.897572
2399	47.142824
2400	47.639201
2401	47.869000
2402	48.168244
2403	48.363908
2404	48.943196
2405	49.168000
2406	49.394935
2407	49.973706
2408	50.207334
2409	50.498200
2410	50.775066
2411	51.313894
2412	51.590000
2413	51.907203
2414	52.456403
2415	52.746155
2416	53.104000
2417	53.392927
2418	54.005031
2419	54.287000
2420	54.618519
2421	55.231384
2422	55.549991
2423	55.879526
2424	56.180076
2425	56.862523
2426	57.134000
2427	57.459447
2428	58.081098
2429	58.410000
2430	58.782513
2431	59.461802
2432	59.762778
2433	60.089142
2434	60.390269
2435	61.068629
2436	61.462823
2437	61.803850
2438	62.497938
2439	62.857000
2440	63.163436
2441	63.923142
2442	64.273000
2443	64.623121
2444	65.386532
2445	65.736000
2446	66.086596
2447	66.853847
2448	67.247000
2449	67.587563
2450	68.422978
2451	68.805000
2452	69.179607
2453	70.089195
2454	70.462000
2455	70.835244
2456	71.742606
2457	72.115000
2458	72.486236
2459	73.396515
2460	73.814000
2461	74.231212
2462	75.140043
2463	75.534539
2464	75.914435
2465	76.744514
2466	77.182627
2467	78.011347
2468	78.388923
2469	78.804005
2470	79.697362
2471	80.047000
2472	80.458068
2473	81.357925
2474	81.726000
2475	82.149471
2476	82.946235
2477	83.384350
2478	84.232927
2479	84.740415
2480	85.097764
2481	85.841677
2482	86.172000
2483	86.374356
2484	87.076983
2485	87.624353
2486	88.838480
2487	89.040790
2488	89.447181
2489	90.552552
2490	90.890000
2491	91.344389
2492	92.036828
2493	92.436072
2494	93.077269
2495	93.328000
2496	93.583811
2497	94.163330
2498	94.479431
2499	94.994450
2500	95.303000
