ID,Name,Refl_file,SMCg,Clay,Silt,Sand,L,eps,d,K,a,psi,Slope,Intercept
1,2AB-E1,hum15_001.csv,50,120,700,180,0.0258,0.55,0.0379,55.00,6.62,208.03,1.0655,0.0337
1,2AB-E1,hum15_002.csv,42,120,700,180,0.0242,0.51,0.0410,55.00,6.62,208.03,1.0655,0.0337
1,2AB-E1,hum15_003.csv,35,120,700,180,0.0257,0.51,0.0573,55.00,6.62,208.03,1.0655,0.0337
1,2AB-E1,hum15_004.csv,24,120,700,180,0.0236,0.50,0.0767,55.00,6.62,208.03,1.0655,0.0337
1,2AB-E1,hum15_005.csv,20,120,700,180,0.0147,0.48,0.0948,55.00,6.62,208.03,1.0655,0.0337
1,2AB-E1,hum15_006.csv,13,120,700,180,0.0024,0.62,0.0845,55.00,6.62,208.03,1.0655,0.0337
1,2AB-E1,hum15_007.csv,8,120,700,180,0.0093,0.03,0.0000,55.00,6.62,208.03,1.0655,0.0337
1,2AB-E1,hum15_008.csv,0,120,700,180,0.0000,0.00,0.0000,55.00,6.62,208.03,1.0655,0.0337
2,2C-E1,hum15_009.csv,50,500,200,300,0.0161,0.57,0.0167,55.00,7.00,358.27,1.0721,0.0312
2,2C-E1,hum15_010.csv,40,500,200,300,0.0142,0.54,0.0196,55.00,7.00,358.27,1.0721,0.0312
2,2C-E1,hum15_011.csv,30,500,200,300,0.0146,0.55,0.0305,55.00,7.00,358.27,1.0721,0.0312
2,2C-E1,hum15_012.csv,20,500,200,300,0.0030,1.00,0.0085,55.00,7.00,358.27,1.0721,0.0312
2,2C-E1,hum15_013.csv,15,500,200,300,0.0023,0.90,0.0166,55.00,7.00,358.27,1.0721,0.0312
2,2C-E1,hum15_014.csv,10,500,200,300,0.0058,0.36,0.0687,55.00,7.00,358.27,1.0721,0.0312
2,2C-E1,hum15_015.csv,7,500,200,300,0.0109,0.09,0.0000,55.00,7.00,358.27,1.0721,0.0312
2,2C-E1,hum15_016.csv,0,500,200,300,0.0000,0.00,0.0000,55.00,7.00,358.27,1.0721,0.0312
3,2U-E3,hum15_017.csv,60,220,260,520,0.0322,0.56,0.0148,66.00,4.71,166.87,1.1247,0.02
3,2U-E3,hum15_018.csv,52,220,260,520,0.0274,0.55,0.0265,66.00,4.71,166.87,1.1247,0.02
3,2U-E3,hum15_019.csv,43,220,260,520,0.0256,0.54,0.0303,66.00,4.71,166.87,1.1247,0.02
3,2U-E3,hum15_020.csv,35,220,260,520,0.0228,0.52,0.0419,66.00,4.71,166.87,1.1247,0.02
3,2U-E3,hum15_021.csv,28,220,260,520,0.0195,0.49,0.0499,66.00,4.71,166.87,1.1247,0.02
3,2U-E3,hum15_022.csv,21,220,260,520,0.0027,0.88,0.0120,66.00,4.71,166.87,1.1247,0.02
3,2U-E3,hum15_023.csv,15,220,260,520,0.0055,0.21,0.0000,66.00,4.71,166.87,1.1247,0.02
3,2U-E3,hum15_024.csv,0,220,260,520,0.0000,0.00,0.0000,66.00,4.71,166.87,1.1247,0.02
4,AA-E1,hum15_025.csv,41,160,540,300,0.0310,0.54,0.0463,33.85,4.37,850.89,1.15,0.027
4,AA-E1,hum15_026.csv,33,160,540,300,0.0072,0.94,0.0000,33.85,4.37,850.89,1.15,0.027
4,AA-E1,hum15_027.csv,27,160,540,300,0.0177,0.51,0.0596,33.85,4.37,850.89,1.15,0.027
4,AA-E1,hum15_028.csv,21,160,540,300,0.0027,0.88,0.0172,33.85,4.37,850.89,1.15,0.027
4,AA-E1,hum15_029.csv,15,160,540,300,0.0017,0.74,0.0000,33.85,4.37,850.89,1.15,0.027
4,AA-E1,hum15_030.csv,9,160,540,300,0.0056,0.10,0.0000,33.85,4.37,850.89,1.15,0.027
4,AA-E1,hum15_031.csv,6,160,540,300,0.0013,0.16,0.0000,33.85,4.37,850.89,1.15,0.027
4,AA-E1,hum15_032.csv,0,160,540,300,0.0000,0.00,0.0000,33.85,4.37,850.89,1.15,0.027
5,AA-E3,hum15_033.csv,39,180,640,180,0.0305,0.56,0.0522,42.90,4.14,191.58,1.1025,0.0289
5,AA-E3,hum15_034.csv,32,180,640,180,0.0259,0.54,0.0649,42.90,4.14,191.58,1.1025,0.0289
5,AA-E3,hum15_035.csv,24,180,640,180,0.0180,0.51,0.0766,42.90,4.14,191.58,1.1025,0.0289
5,AA-E3,hum15_036.csv,16,180,640,180,0.0020,0.77,0.0412,42.90,4.14,191.58,1.1025,0.0289
5,AA-E3,hum15_037.csv,10,180,640,180,0.0035,0.13,0.0000,42.90,4.14,191.58,1.1025,0.0289
5,AA-E3,hum15_038.csv,7,180,640,180,0.0021,0.06,0.0000,42.90,4.14,191.58,1.1025,0.0289
5,AA-E3,hum15_039.csv,4,180,640,180,0.0008,0.09,0.0000,42.90,4.14,191.58,1.1025,0.0289
5,AA-E3,hum15_040.csv,0,180,640,180,0.0000,0.00,0.0000,42.90,4.14,191.58,1.1025,0.0289
6,AB-E1,hum15_041.csv,41,120,696,183,0.0279,0.55,0.0495,45.10,3.27,175.42,1.0608,0.0335
6,AB-E1,hum15_042.csv,33,120,696,183,0.0273,0.52,0.0579,45.10,3.27,175.42,1.0608,0.0335
6,AB-E1,hum15_043.csv,27,120,696,183,0.0213,0.49,0.0725,45.10,3.27,175.42,1.0608,0.0335
6,AB-E1,hum15_044.csv,20,120,696,183,0.0018,1.00,0.0496,45.10,3.27,175.42,1.0608,0.0335
6,AB-E1,hum15_045.csv,13,120,696,183,0.0027,0.38,0.0869,45.10,3.27,175.42,1.0608,0.0335
6,AB-E1,hum15_046.csv,9,120,696,183,0.0091,0.02,0.0000,45.10,3.27,175.42,1.0608,0.0335
6,AB-E1,hum15_047.csv,6,120,696,183,0.0033,0.02,0.0194,45.10,3.27,175.42,1.0608,0.0335
6,AB-E1,hum15_048.csv,0,120,696,183,0.0000,0.00,0.0000,45.10,3.27,175.42,1.0608,0.0335
7,AC-E1,hum15_049.csv,41,170,670,160,0.0264,0.54,0.0514,45.10,3.50,195.64,1.108,0.0284
7,AC-E1,hum15_050.csv,33,170,670,160,0.0248,0.52,0.0637,45.10,3.50,195.64,1.108,0.0284
7,AC-E1,hum15_051.csv,26,170,670,160,0.0183,0.49,0.0798,45.10,3.50,195.64,1.108,0.0284
7,AC-E1,hum15_052.csv,19,170,670,160,0.0016,0.91,0.0129,45.10,3.50,195.64,1.108,0.0284
7,AC-E1,hum15_053.csv,12,170,670,160,0.0035,0.20,0.0000,45.10,3.50,195.64,1.108,0.0284
7,AC-E1,hum15_054.csv,8,170,670,160,0.0108,0.02,0.0000,45.10,3.50,195.64,1.108,0.0284
7,AC-E1,hum15_055.csv,6,170,670,160,0.0000,0.00,0.0000,45.10,3.50,195.64,1.108,0.0284
7,AC-E1,hum15_056.csv,0,170,670,160,0.0000,0.00,0.0000,45.10,3.50,195.64,1.108,0.0284
8,AC-E2,hum15_057.csv,49,160,480,360,0.0251,0.54,0.0529,53.90,5.29,232.33,1.104,0.0324
8,AC-E2,hum15_058.csv,40,160,480,360,0.0243,0.52,0.0654,53.90,5.29,232.33,1.104,0.0324
8,AC-E2,hum15_059.csv,28,160,480,360,0.0169,0.51,0.0799,53.90,5.29,232.33,1.104,0.0324
8,AC-E2,hum15_060.csv,18,160,480,360,0.0015,0.87,0.0001,53.90,5.29,232.33,1.104,0.0324
8,AC-E2,hum15_061.csv,11,160,480,360,0.0091,0.04,0.0000,53.90,5.29,232.33,1.104,0.0324
8,AC-E2,hum15_062.csv,6,160,480,360,0.0000,0.00,0.0000,53.90,5.29,232.33,1.104,0.0324
8,AC-E2,hum15_063.csv,4,160,480,360,0.0044,0.01,0.0000,53.90,5.29,232.33,1.104,0.0324
8,AC-E2,hum15_064.csv,2,160,480,360,0.0000,0.00,0.0000,53.90,5.29,232.33,1.104,0.0324
9,AD2-E1,hum15_065.csv,47,140,730,140,0.0262,0.56,0.0454,42.74,6.13,696.23,1.0534,0.0265
9,AD2-E1,hum15_066.csv,39,140,730,140,0.0277,0.53,0.0673,42.74,6.13,696.23,1.0534,0.0265
9,AD2-E1,hum15_067.csv,30,140,730,140,0.0041,1.00,0.0786,42.74,6.13,696.23,1.0534,0.0265
9,AD2-E1,hum15_068.csv,21,140,730,140,0.0023,1.00,0.0760,42.74,6.13,696.23,1.0534,0.0265
9,AD2-E1,hum15_069.csv,13,140,730,140,0.0018,0.73,0.0747,42.74,6.13,696.23,1.0534,0.0265
9,AD2-E1,hum15_070.csv,7,140,730,140,0.0034,0.06,0.0000,42.74,6.13,696.23,1.0534,0.0265
9,AD2-E1,hum15_071.csv,3,140,730,140,0.0002,0.03,0.0000,42.74,6.13,696.23,1.0534,0.0265
9,AD2-E1,hum15_072.csv,1,140,730,140,0.0000,0.00,0.0000,42.74,6.13,696.23,1.0534,0.0265
10,AD2-E3,hum15_073.csv,43,160,680,160,0.0303,0.56,0.0462,47.30,4.75,173.27,1.0617,0.0274
10,AD2-E3,hum15_074.csv,36,160,680,160,0.0306,0.53,0.0558,47.30,4.75,173.27,1.0617,0.0274
10,AD2-E3,hum15_075.csv,28,160,680,160,0.0282,0.49,0.0641,47.30,4.75,173.27,1.0617,0.0274
10,AD2-E3,hum15_076.csv,21,160,680,160,0.0170,0.44,0.0878,47.30,4.75,173.27,1.0617,0.0274
10,AD2-E3,hum15_077.csv,15,160,680,160,0.0011,0.98,0.0000,47.30,4.75,173.27,1.0617,0.0274
10,AD2-E3,hum15_078.csv,8,160,680,160,0.0020,0.15,0.0000,47.30,4.75,173.27,1.0617,0.0274
10,AD2-E3,hum15_079.csv,4,160,680,160,0.0004,0.10,0.0000,47.30,4.75,173.27,1.0617,0.0274
10,AD2-E3,hum15_080.csv,2,160,680,160,0.0000,0.00,0.0000,47.30,4.75,173.27,1.0617,0.0274
11,AH-E3,hum15_081.csv,47,100,520,380,0.0293,0.56,0.0447,51.70,4.87,184.28,1.0598,0.0325
11,AH-E3,hum15_082.csv,39,100,520,380,0.0280,0.54,0.0583,51.70,4.87,184.28,1.0598,0.0325
11,AH-E3,hum15_083.csv,30,100,520,380,0.0250,0.51,0.0692,51.70,4.87,184.28,1.0598,0.0325
11,AH-E3,hum15_084.csv,20,100,520,380,0.0020,1.00,0.0543,51.70,4.87,184.28,1.0598,0.0325
11,AH-E3,hum15_085.csv,12,100,520,380,0.0025,0.44,0.0854,51.70,4.87,184.28,1.0598,0.0325
11,AH-E3,hum15_086.csv,6,100,520,380,0.0073,0.01,0.0000,51.70,4.87,184.28,1.0598,0.0325
11,AH-E3,hum15_087.csv,3,100,520,380,0.0002,0.05,0.0000,51.70,4.87,184.28,1.0598,0.0325
11,AH-E3,hum15_088.csv,1,100,520,380,0.0000,0.00,0.0000,51.70,4.87,184.28,1.0598,0.0325
12,C-E1,hum15_089.csv,50,570,100,330,0.0224,0.49,0.0561,40.43,3.39,1511.01,1.0534,0.0296
12,C-E1,hum15_090.csv,40,570,100,330,0.0029,1.00,0.0445,40.43,3.39,1511.01,1.0534,0.0296
12,C-E1,hum15_091.csv,30,570,100,330,0.0298,0.43,0.0922,40.43,3.39,1511.01,1.0534,0.0296
12,C-E1,hum15_092.csv,20,570,100,330,0.0023,0.38,0.0253,40.43,3.39,1511.01,1.0534,0.0296
12,C-E1,hum15_093.csv,15,570,100,330,0.0015,0.16,0.0142,40.43,3.39,1511.01,1.0534,0.0296
12,C-E1,hum15_094.csv,10,570,100,330,0.0001,0.34,0.0000,40.43,3.39,1511.01,1.0534,0.0296
12,C-E1,hum15_095.csv,7,570,100,330,0.0001,0.15,0.0000,40.43,3.39,1511.01,1.0534,0.0296
12,C-E1,hum15_096.csv,0,570,100,330,0.0000,0.00,0.0000,40.43,3.39,1511.01,1.0534,0.0296
13,C-E2,hum15_097.csv,46,520,380,100,0.0187,0.54,0.0416,46.39,5.19,811.27,1.071,0.034
13,C-E2,hum15_098.csv,37,520,380,100,0.0036,1.00,0.0257,46.39,5.19,811.27,1.071,0.034
13,C-E2,hum15_099.csv,29,520,380,100,0.0025,1.00,0.0336,46.39,5.19,811.27,1.071,0.034
13,C-E2,hum15_100.csv,19,520,380,100,0.0038,0.50,0.0966,46.39,5.19,811.27,1.071,0.034
13,C-E2,hum15_101.csv,13,520,380,100,0.0062,0.08,0.0000,46.39,5.19,811.27,1.071,0.034
13,C-E2,hum15_102.csv,9,520,380,100,0.0024,0.07,0.0000,46.39,5.19,811.27,1.071,0.034
13,C-E2,hum15_103.csv,6,520,380,100,0.0098,0.00,0.0000,46.39,5.19,811.27,1.071,0.034
13,C-E2,hum15_104.csv,0,520,380,100,0.0000,0.00,0.0000,46.39,5.19,811.27,1.071,0.034
14,C-E3,hum15_105.csv,40,500,400,100,0.0130,0.55,0.0208,41.19,3.14,528.24,1.0463,0.038
14,C-E3,hum15_106.csv,31,500,400,100,0.0033,0.91,0.0162,41.19,3.14,528.24,1.0463,0.038
14,C-E3,hum15_107.csv,23,500,400,100,0.0091,0.44,0.1018,41.19,3.14,528.24,1.0463,0.038
14,C-E3,hum15_108.csv,16,500,400,100,0.0051,0.13,0.0000,41.19,3.14,528.24,1.0463,0.038
14,C-E3,hum15_109.csv,12,500,400,100,0.0111,0.02,0.0000,41.19,3.14,528.24,1.0463,0.038
14,C-E3,hum15_110.csv,8,500,400,100,0.0000,0.00,0.0000,41.19,3.14,528.24,1.0463,0.038
14,C-E3,hum15_111.csv,6,500,400,100,0.0000,0.00,0.0000,41.19,3.14,528.24,1.0463,0.038
14,C-E3,hum15_112.csv,0,500,400,100,0.0000,0.00,0.0000,41.19,3.14,528.24,1.0463,0.038
15,C-E4,hum15_113.csv,52,470,350,190,0.0185,0.53,0.0308,52.22,3.63,566.65,1.0889,0.0289
15,C-E4,hum15_114.csv,43,470,350,190,0.0047,0.91,0.0179,52.22,3.63,566.65,1.0889,0.0289
15,C-E4,hum15_115.csv,34,470,350,190,0.0046,0.92,0.0450,52.22,3.63,566.65,1.0889,0.0289
15,C-E4,hum15_116.csv,24,470,350,190,0.0019,0.89,0.0262,52.22,3.63,566.65,1.0889,0.0289
15,C-E4,hum15_117.csv,17,470,350,190,0.0083,0.09,0.0000,52.22,3.63,566.65,1.0889,0.0289
15,C-E4,hum15_118.csv,11,470,350,190,0.0000,0.00,0.0000,52.22,3.63,566.65,1.0889,0.0289
15,C-E4,hum15_119.csv,8,470,350,190,0.0000,0.00,0.0000,52.22,3.63,566.65,1.0889,0.0289
15,C-E4,hum15_120.csv,0,470,350,190,0.0000,0.00,0.0000,52.22,3.63,566.65,1.0889,0.0289
16,C-E5,hum15_121.csv,45,560,380,60,0.0212,0.55,0.0319,44.96,3.12,843.17,1.0717,0.0316
16,C-E5,hum15_122.csv,40,560,380,60,0.0037,1.00,0.0312,44.96,3.12,843.17,1.0717,0.0316
16,C-E5,hum15_123.csv,34,560,380,60,0.0022,1.00,0.0226,44.96,3.12,843.17,1.0717,0.0316
16,C-E5,hum15_124.csv,27,560,380,60,0.0046,0.52,0.1172,44.96,3.12,843.17,1.0717,0.0316
16,C-E5,hum15_125.csv,19,560,380,60,0.0063,0.13,0.0000,44.96,3.12,843.17,1.0717,0.0316
16,C-E5,hum15_126.csv,12,560,380,60,0.0044,0.02,0.0000,44.96,3.12,843.17,1.0717,0.0316
16,C-E5,hum15_127.csv,9,560,380,60,0.0000,0.00,0.0000,44.96,3.12,843.17,1.0717,0.0316
16,C-E5,hum15_128.csv,0,560,380,60,0.0000,0.00,0.0000,44.96,3.12,843.17,1.0717,0.0316
17,C-E6,hum15_129.csv,44,390,410,200,0.0208,0.54,0.0351,43.43,4.57,685.08,1.0749,0.0318
17,C-E6,hum15_130.csv,34,390,410,200,0.0048,0.92,0.0337,43.43,4.57,685.08,1.0749,0.0318
17,C-E6,hum15_131.csv,25,390,410,200,0.0025,1.00,0.0287,43.43,4.57,685.08,1.0749,0.0318
17,C-E6,hum15_132.csv,18,390,410,200,0.0031,0.55,0.0978,43.43,4.57,685.08,1.0749,0.0318
17,C-E6,hum15_133.csv,12,390,410,200,0.0114,0.04,0.0000,43.43,4.57,685.08,1.0749,0.0318
17,C-E6,hum15_134.csv,8,390,410,200,0.0215,0.02,0.0030,43.43,4.57,685.08,1.0749,0.0318
17,C-E6,hum15_135.csv,6,390,410,200,0.0000,0.00,0.0000,43.43,4.57,685.08,1.0749,0.0318
17,C-E6,hum15_136.csv,0,390,410,200,0.0000,0.00,0.0000,43.43,4.57,685.08,1.0749,0.0318
18,D-E4,hum15_137.csv,41,430,440,130,0.0046,0.91,0.0330,35.43,4.16,1460.32,1.0524,0.0307
18,D-E4,hum15_138.csv,30,430,440,130,0.0254,0.47,0.0757,35.43,4.16,1460.32,1.0524,0.0307
18,D-E4,hum15_139.csv,20,430,440,130,0.0014,0.89,0.0594,35.43,4.16,1460.32,1.0524,0.0307
18,D-E4,hum15_140.csv,13,430,440,130,0.0032,0.12,0.0000,35.43,4.16,1460.32,1.0524,0.0307
18,D-E4,hum15_141.csv,9,430,440,130,0.0017,0.08,0.0000,35.43,4.16,1460.32,1.0524,0.0307
18,D-E4,hum15_142.csv,7,430,440,130,0.0004,0.13,0.0000,35.43,4.16,1460.32,1.0524,0.0307
18,D-E4,hum15_143.csv,5,430,440,130,0.0012,0.04,0.0000,35.43,4.16,1460.32,1.0524,0.0307
18,D-E4,hum15_144.csv,3,430,440,130,0.0000,0.00,0.0000,35.43,4.16,1460.32,1.0524,0.0307
19,E-E1,hum15_145.csv,46,440,400,160,0.0185,0.53,0.0341,38.98,5.08,827.14,1.074,0.0248
19,E-E1,hum15_146.csv,38,440,400,160,0.0049,0.92,0.0378,38.98,5.08,827.14,1.074,0.0248
19,E-E1,hum15_147.csv,30,440,400,160,0.0232,0.48,0.0640,38.98,5.08,827.14,1.074,0.0248
19,E-E1,hum15_148.csv,22,440,400,160,0.0024,1.00,0.0645,38.98,5.08,827.14,1.074,0.0248
19,E-E1,hum15_149.csv,16,440,400,160,0.0046,0.40,0.1044,38.98,5.08,827.14,1.074,0.0248
19,E-E1,hum15_150.csv,10,440,400,160,0.0119,0.02,0.0000,38.98,5.08,827.14,1.074,0.0248
19,E-E1,hum15_151.csv,7,440,400,160,0.0000,0.00,0.0000,38.98,5.08,827.14,1.074,0.0248
19,E-E1,hum15_152.csv,5,440,400,160,0.0000,0.00,0.0000,38.98,5.08,827.14,1.074,0.0248
20,E-E3,hum15_153.csv,48,530,420,40,0.0134,0.55,0.0198,49.19,5.83,853.81,1.0521,0.0295
20,E-E3,hum15_154.csv,41,530,420,40,0.0039,0.88,0.0000,49.19,5.83,853.81,1.0521,0.0295
20,E-E3,hum15_155.csv,32,530,420,40,0.0030,1.00,0.0184,49.19,5.83,853.81,1.0521,0.0295
20,E-E3,hum15_156.csv,24,530,420,40,0.0022,1.00,0.0605,49.19,5.83,853.81,1.0521,0.0295
20,E-E3,hum15_157.csv,16,530,420,40,0.0042,0.28,0.0791,49.19,5.83,853.81,1.0521,0.0295
20,E-E3,hum15_158.csv,10,530,420,40,0.0017,0.12,0.0000,49.19,5.83,853.81,1.0521,0.0295
20,E-E3,hum15_159.csv,7,530,420,40,0.0004,0.12,0.0000,49.19,5.83,853.81,1.0521,0.0295
20,E-E3,hum15_160.csv,5,530,420,40,0.0000,0.00,0.0000,49.19,5.83,853.81,1.0521,0.0295
21,E-E5,hum15_161.csv,59,510,80,410,0.0219,0.54,0.0325,55.85,4.09,537.47,1.0871,0.0219
21,E-E5,hum15_162.csv,51,510,80,410,0.0214,0.51,0.0418,55.85,4.09,537.47,1.0871,0.0219
21,E-E5,hum15_163.csv,43,510,80,410,0.0048,0.92,0.0296,55.85,4.09,537.47,1.0871,0.0219
21,E-E5,hum15_164.csv,35,510,80,410,0.0031,1.00,0.0223,55.85,4.09,537.47,1.0871,0.0219
21,E-E5,hum15_165.csv,28,510,80,410,0.0024,1.00,0.0557,55.85,4.09,537.47,1.0871,0.0219
21,E-E5,hum15_166.csv,21,510,80,410,0.0080,0.35,0.1367,55.85,4.09,537.47,1.0871,0.0219
21,E-E5,hum15_167.csv,15,510,80,410,0.0091,0.05,0.0000,55.85,4.09,537.47,1.0871,0.0219
21,E-E5,hum15_168.csv,11,510,80,410,0.0000,0.00,0.0000,55.85,4.09,537.47,1.0871,0.0219
22,F-E1,hum15_169.csv,44,160,380,470,0.0321,0.52,0.0440,33.55,4.90,1124.97,1.0805,0.0209
22,F-E1,hum15_170.csv,37,160,380,470,0.0052,0.98,0.0581,33.55,4.90,1124.97,1.0805,0.0209
22,F-E1,hum15_171.csv,30,160,380,470,0.0309,0.48,0.0555,33.55,4.90,1124.97,1.0805,0.0209
22,F-E1,hum15_172.csv,23,160,380,470,0.0255,0.45,0.0709,33.55,4.90,1124.97,1.0805,0.0209
22,F-E1,hum15_173.csv,17,160,380,470,0.0015,1.00,0.0497,33.55,4.90,1124.97,1.0805,0.0209
22,F-E1,hum15_174.csv,10,160,380,470,0.0039,0.17,0.0979,33.55,4.90,1124.97,1.0805,0.0209
22,F-E1,hum15_175.csv,7,160,380,470,0.0010,0.06,0.0000,33.55,4.90,1124.97,1.0805,0.0209
22,F-E1,hum15_176.csv,4,160,380,470,0.0000,0.00,0.0000,33.55,4.90,1124.97,1.0805,0.0209
23,G-E1,hum15_177.csv,42,330,540,130,0.0177,0.53,0.0475,38.63,2.89,602.61,1.0622,0.0337
23,G-E1,hum15_178.csv,35,330,540,130,0.0191,0.51,0.0655,38.63,2.89,602.61,1.0622,0.0337
23,G-E1,hum15_179.csv,27,330,540,130,0.0039,0.90,0.0590,38.63,2.89,602.61,1.0622,0.0337
23,G-E1,hum15_180.csv,20,330,540,130,0.0017,0.90,0.0613,38.63,2.89,602.61,1.0622,0.0337
23,G-E1,hum15_181.csv,14,330,540,130,0.0036,0.14,0.0000,38.63,2.89,602.61,1.0622,0.0337
23,G-E1,hum15_182.csv,10,330,540,130,0.0000,0.00,0.0000,38.63,2.89,602.61,1.0622,0.0337
23,G-E1,hum15_183.csv,7,330,540,130,0.0000,0.00,0.0000,38.63,2.89,602.61,1.0622,0.0337
23,G-E1,hum15_184.csv,5,330,540,130,0.0000,0.00,0.0000,38.63,2.89,602.61,1.0622,0.0337
24,H-E3,hum15_185.csv,49,330,440,230,0.0226,0.56,0.0315,40.28,4.47,527.93,1.0943,0.0231
24,H-E3,hum15_186.csv,40,330,440,230,0.0241,0.53,0.0487,40.28,4.47,527.93,1.0943,0.0231
24,H-E3,hum15_187.csv,31,330,440,230,0.0235,0.50,0.0593,40.28,4.47,527.93,1.0943,0.0231
24,H-E3,hum15_188.csv,22,330,440,230,0.0038,0.86,0.0849,40.28,4.47,527.93,1.0943,0.0231
24,H-E3,hum15_189.csv,14,330,440,230,0.0030,0.39,0.0470,40.28,4.47,527.93,1.0943,0.0231
24,H-E3,hum15_190.csv,9,330,440,230,0.0083,0.04,0.0000,40.28,4.47,527.93,1.0943,0.0231
24,H-E3,hum15_191.csv,5,330,440,230,0.0029,0.06,0.0000,40.28,4.47,527.93,1.0943,0.0231
24,H-E3,hum15_192.csv,0,330,440,230,0.0000,0.00,0.0000,40.28,4.47,527.93,1.0943,0.0231
25,H-E5,hum15_193.csv,48,170,410,420,0.0303,0.58,0.0325,52.80,4.80,167.87,1.0902,0.0196
25,H-E5,hum15_194.csv,41,170,410,420,0.0292,0.55,0.0481,52.80,4.80,167.87,1.0902,0.0196
25,H-E5,hum15_195.csv,32,170,410,420,0.0282,0.52,0.0598,52.80,4.80,167.87,1.0902,0.0196
25,H-E5,hum15_196.csv,24,170,410,420,0.0197,0.48,0.0831,52.80,4.80,167.87,1.0902,0.0196
25,H-E5,hum15_197.csv,17,170,410,420,0.0015,1.00,0.0248,52.80,4.80,167.87,1.0902,0.0196
25,H-E5,hum15_198.csv,10,170,410,420,0.0079,0.06,0.0000,52.80,4.80,167.87,1.0902,0.0196
25,H-E5,hum15_199.csv,6,170,410,420,0.0082,0.02,0.0000,52.80,4.80,167.87,1.0902,0.0196
25,H-E5,hum15_200.csv,0,170,410,420,0.0000,0.00,0.0000,52.80,4.80,167.87,1.0902,0.0196
26,I-E2,hum15_201.csv,54,400,530,70,0.0214,0.56,0.0332,59.40,3.47,183.66,1.076,0.0282
26,I-E2,hum15_202.csv,48,400,530,70,0.0197,0.53,0.0452,59.40,3.47,183.66,1.076,0.0282
26,I-E2,hum15_203.csv,41,400,530,70,0.0205,0.50,0.0551,59.40,3.47,183.66,1.076,0.0282
26,I-E2,hum15_204.csv,33,400,530,70,0.0239,0.48,0.0733,59.40,3.47,183.66,1.076,0.0282
26,I-E2,hum15_205.csv,26,400,530,70,0.0229,0.45,0.1006,59.40,3.47,183.66,1.076,0.0282
26,I-E2,hum15_206.csv,19,400,530,70,0.0017,0.91,0.0787,59.40,3.47,183.66,1.076,0.0282
26,I-E2,hum15_207.csv,13,400,530,70,0.0036,0.20,0.0000,59.40,3.47,183.66,1.076,0.0282
26,I-E2,hum15_208.csv,0,400,530,70,0.0000,0.00,0.0000,59.40,3.47,183.66,1.076,0.0282
27,I-E3,hum15_209.csv,48,370,490,140,0.0204,0.55,0.0455,52.80,3.79,245.68,1.0658,0.0313
27,I-E3,hum15_210.csv,41,370,490,140,0.0211,0.52,0.0635,52.80,3.79,245.68,1.0658,0.0313
27,I-E3,hum15_211.csv,32,370,490,140,0.0188,0.49,0.0725,52.80,3.79,245.68,1.0658,0.0313
27,I-E3,hum15_212.csv,24,370,490,140,0.0039,0.81,0.0993,52.80,3.79,245.68,1.0658,0.0313
27,I-E3,hum15_213.csv,16,370,490,140,0.0032,0.45,0.0972,52.80,3.79,245.68,1.0658,0.0313
27,I-E3,hum15_214.csv,11,370,490,140,0.0078,0.04,0.0000,52.80,3.79,245.68,1.0658,0.0313
27,I-E3,hum15_215.csv,7,370,490,140,0.0039,0.04,0.0000,52.80,3.79,245.68,1.0658,0.0313
27,I-E3,hum15_216.csv,0,370,490,140,0.0000,0.00,0.0000,52.80,3.79,245.68,1.0658,0.0313
28,J-E1,hum15_217.csv,55,240,510,250,0.0296,0.59,0.0320,60.50,5.85,192.14,1.0536,0.0375
28,J-E1,hum15_218.csv,45,240,510,250,0.0261,0.53,0.0491,60.50,5.85,192.14,1.0536,0.0375
28,J-E1,hum15_219.csv,35,240,510,250,0.0261,0.51,0.0628,60.50,5.85,192.14,1.0536,0.0375
28,J-E1,hum15_220.csv,30,240,510,250,0.0185,0.48,0.0866,60.50,5.85,192.14,1.0536,0.0375
28,J-E1,hum15_221.csv,16,240,510,250,0.0014,0.92,0.1082,60.50,5.85,192.14,1.0536,0.0375
28,J-E1,hum15_222.csv,9,240,510,250,0.0004,0.35,0.0000,60.50,5.85,192.14,1.0536,0.0375
28,J-E1,hum15_223.csv,5,240,510,250,0.0007,0.19,0.0000,60.50,5.85,192.14,1.0536,0.0375
28,J-E1,hum15_224.csv,0,240,510,250,0.0000,0.00,0.0000,60.50,5.85,192.14,1.0536,0.0375
29,J-E3,hum15_225.csv,56,390,510,100,0.0219,0.57,0.0331,61.60,5.35,228.68,1.0687,0.0308
29,J-E3,hum15_226.csv,49,390,510,100,0.0210,0.54,0.0471,61.60,5.35,228.68,1.0687,0.0308
29,J-E3,hum15_227.csv,41,390,510,100,0.0201,0.53,0.0566,61.60,5.35,228.68,1.0687,0.0308
29,J-E3,hum15_228.csv,33,390,510,100,0.0193,0.51,0.0711,61.60,5.35,228.68,1.0687,0.0308
29,J-E3,hum15_229.csv,26,390,510,100,0.0180,0.47,0.0884,61.60,5.35,228.68,1.0687,0.0308
29,J-E3,hum15_230.csv,18,390,510,100,0.0016,0.87,0.0383,61.60,5.35,228.68,1.0687,0.0308
29,J-E3,hum15_231.csv,12,390,510,100,0.0062,0.11,0.0000,61.60,5.35,228.68,1.0687,0.0308
29,J-E3,hum15_232.csv,0,390,510,100,0.0000,0.00,0.0000,61.60,5.35,228.68,1.0687,0.0308
30,K-E2,hum15_233.csv,52,170,640,190,0.0292,0.54,0.0345,48.69,3.88,487.9,1.0801,0.0245
30,K-E2,hum15_234.csv,45,170,640,190,0.0283,0.51,0.0515,48.69,3.88,487.9,1.0801,0.0245
30,K-E2,hum15_235.csv,38,170,640,190,0.0050,0.98,0.0648,48.69,3.88,487.9,1.0801,0.0245
30,K-E2,hum15_236.csv,30,170,640,190,0.0050,0.85,0.0971,48.69,3.88,487.9,1.0801,0.0245
30,K-E2,hum15_237.csv,22,170,640,190,0.0019,1.00,0.0799,48.69,3.88,487.9,1.0801,0.0245
30,K-E2,hum15_238.csv,14,170,640,190,0.0028,0.49,0.1628,48.69,3.88,487.9,1.0801,0.0245
30,K-E2,hum15_239.csv,9,170,640,190,0.0000,0.00,0.0000,48.69,3.88,487.9,1.0801,0.0245
31,K-E4,hum15_240.csv,46,170,520,310,0.0288,0.58,0.0387,42.14,4.97,654.36,1.0746,0.0251
31,K-E4,hum15_241.csv,39,170,520,310,0.0291,0.52,0.0581,42.14,4.97,654.36,1.0746,0.0251
31,K-E4,hum15_242.csv,31,170,520,310,0.0046,0.97,0.0773,42.14,4.97,654.36,1.0746,0.0251
31,K-E4,hum15_243.csv,23,170,520,310,0.0023,1.00,0.0617,42.14,4.97,654.36,1.0746,0.0251
31,K-E4,hum15_244.csv,15,170,520,310,0.0029,0.54,0.0878,42.14,4.97,654.36,1.0746,0.0251
31,K-E4,hum15_245.csv,9,170,520,310,0.0036,0.09,0.0000,42.14,4.97,654.36,1.0746,0.0251
31,K-E4,hum15_246.csv,5,170,520,310,0.0106,0.02,0.0000,42.14,4.97,654.36,1.0746,0.0251
31,K-E4,hum15_247.csv,0,170,520,310,0.0000,0.00,0.0000,42.14,4.97,654.36,1.0746,0.0251
32,N-E5,hum15_248.csv,55,310,410,280,0.0299,0.56,0.0361,60.50,2.99,153.63,1.1042,0.0214
32,N-E5,hum15_249.csv,47,310,410,280,0.0300,0.53,0.0463,60.50,2.99,153.63,1.1042,0.0214
32,N-E5,hum15_250.csv,37,310,410,280,0.0265,0.50,0.0571,60.50,2.99,153.63,1.1042,0.0214
32,N-E5,hum15_251.csv,28,310,410,280,0.0028,1.00,0.0402,60.50,2.99,153.63,1.1042,0.0214
32,N-E5,hum15_252.csv,21,310,410,280,0.0014,0.94,0.0000,60.50,2.99,153.63,1.1042,0.0214
32,N-E5,hum15_253.csv,14,310,410,280,0.0039,0.19,0.0000,60.50,2.99,153.63,1.1042,0.0214
32,N-E5,hum15_254.csv,9,310,410,280,0.0049,0.08,0.0000,60.50,2.99,153.63,1.1042,0.0214
32,N-E5,hum15_255.csv,0,310,410,280,0.0000,0.00,0.0000,60.50,2.99,153.63,1.1042,0.0214
33,O-E2,hum15_256.csv,56,260,540,200,0.0296,0.58,0.0347,61.60,2.91,143.78,1.1324,0.0205
33,O-E2,hum15_257.csv,49,260,540,200,0.0284,0.54,0.0456,61.60,2.91,143.78,1.1324,0.0205
33,O-E2,hum15_258.csv,41,260,540,200,0.0278,0.53,0.0553,61.60,2.91,143.78,1.1324,0.0205
33,O-E2,hum15_259.csv,34,260,540,200,0.0226,0.50,0.0703,61.60,2.91,143.78,1.1324,0.0205
33,O-E2,hum15_260.csv,27,260,540,200,0.0028,0.95,0.0446,61.60,2.91,143.78,1.1324,0.0205
33,O-E2,hum15_261.csv,19,260,540,200,0.0035,0.58,0.0740,61.60,2.91,143.78,1.1324,0.0205
33,O-E2,hum15_262.csv,14,260,540,200,0.0049,0.17,0.0000,61.60,2.91,143.78,1.1324,0.0205
33,O-E2,hum15_263.csv,0,260,540,200,0.0000,0.00,0.0000,61.60,2.91,143.78,1.1324,0.0205
34,P-E3,hum15_264.csv,56,260,540,200,0.0274,0.56,0.0443,61.60,3.54,154.93,1.0858,0.0193
34,P-E3,hum15_265.csv,49,260,540,200,0.0301,0.53,0.0541,61.60,3.54,154.93,1.0858,0.0193
34,P-E3,hum15_266.csv,41,260,540,200,0.0292,0.52,0.0634,61.60,3.54,154.93,1.0858,0.0193
34,P-E3,hum15_267.csv,34,260,540,200,0.0247,0.49,0.0841,61.60,3.54,154.93,1.0858,0.0193
34,P-E3,hum15_268.csv,27,260,540,200,0.0158,0.47,0.1027,61.60,3.54,154.93,1.0858,0.0193
34,P-E3,hum15_269.csv,19,260,540,200,0.0014,0.87,0.0524,61.60,3.54,154.93,1.0858,0.0193
34,P-E3,hum15_270.csv,14,260,540,200,0.0045,0.09,0.0000,61.60,3.54,154.93,1.0858,0.0193
34,P-E3,hum15_271.csv,0,260,540,200,0.0000,0.00,0.0000,61.60,3.54,154.93,1.0858,0.0193
35,Q-E4,hum15_272.csv,47,140,710,150,0.0315,0.58,0.0350,51.70,4.11,148.4,1.0724,0.028
35,Q-E4,hum15_273.csv,40,140,710,150,0.0324,0.55,0.0470,51.70,4.11,148.4,1.0724,0.028
35,Q-E4,hum15_274.csv,33,140,710,150,0.0313,0.52,0.0570,51.70,4.11,148.4,1.0724,0.028
35,Q-E4,hum15_275.csv,26,140,710,150,0.0217,0.49,0.0765,51.70,4.11,148.4,1.0724,0.028
35,Q-E4,hum15_276.csv,18,140,710,150,0.0020,0.96,0.0623,51.70,4.11,148.4,1.0724,0.028
35,Q-E4,hum15_277.csv,12,140,710,150,0.0024,0.47,0.0687,51.70,4.11,148.4,1.0724,0.028
35,Q-E4,hum15_278.csv,7,140,710,150,0.0199,0.04,0.0000,51.70,4.11,148.4,1.0724,0.028
35,Q-E4,hum15_279.csv,0,140,710,150,0.0000,0.00,0.0000,51.70,4.11,148.4,1.0724,0.028
36,R-E1,hum15_280.csv,54,160,740,110,0.0273,0.55,0.0288,59.40,4.68,162.71,1.076,0.028
36,R-E1,hum15_281.csv,47,160,740,110,0.0289,0.53,0.0383,59.40,4.68,162.71,1.076,0.028
36,R-E1,hum15_282.csv,39,160,740,110,0.0283,0.50,0.0488,59.40,4.68,162.71,1.076,0.028
36,R-E1,hum15_283.csv,31,160,740,110,0.0308,0.49,0.0669,59.40,4.68,162.71,1.076,0.028
36,R-E1,hum15_284.csv,27,160,740,110,0.0212,0.46,0.0898,59.40,4.68,162.71,1.076,0.028
36,R-E1,hum15_285.csv,16,160,740,110,0.0021,0.72,0.0704,59.40,4.68,162.71,1.076,0.028
36,R-E1,hum15_286.csv,10,160,740,110,0.0064,0.08,0.0000,59.40,4.68,162.71,1.076,0.028
36,R-E1,hum15_287.csv,0,160,740,110,0.0000,0.00,0.0000,59.40,4.68,162.71,1.076,0.028
37,S-E1,hum15_288.csv,55,110,770,120,0.0471,0.70,0.0171,56.92,4.93,171.9,1.0758,0.0257
37,S-E1,hum15_289.csv,48,110,770,120,0.0276,0.57,0.0315,56.92,4.93,171.9,1.0758,0.0257
37,S-E1,hum15_290.csv,42,110,770,120,0.0235,0.50,0.0445,56.92,4.93,171.9,1.0758,0.0257
37,S-E1,hum15_291.csv,35,110,770,120,0.0249,0.50,0.0634,56.92,4.93,171.9,1.0758,0.0257
37,S-E1,hum15_292.csv,28,110,770,120,0.0265,0.49,0.0745,56.92,4.93,171.9,1.0758,0.0257
37,S-E1,hum15_293.csv,21,110,770,120,0.0168,0.46,0.0942,56.92,4.93,171.9,1.0758,0.0257
37,S-E1,hum15_294.csv,15,110,770,120,0.0018,0.90,0.0690,56.92,4.93,171.9,1.0758,0.0257
37,S-E1,hum15_295.csv,0,110,770,120,0.0000,0.00,0.0000,56.92,4.93,171.9,1.0758,0.0257
38,T-E1,hum15_296.csv,67,370,430,200,0.0299,0.61,0.0096,73.70,14.76,257.56,1.0948,0.0198
38,T-E1,hum15_297.csv,58,370,430,200,0.0244,0.55,0.0204,73.70,14.76,257.56,1.0948,0.0198
38,T-E1,hum15_298.csv,48,370,430,200,0.0221,0.54,0.0261,73.70,14.76,257.56,1.0948,0.0198
38,T-E1,hum15_299.csv,39,370,430,200,0.0222,0.52,0.0351,73.70,14.76,257.56,1.0948,0.0198
38,T-E1,hum15_300.csv,31,370,430,200,0.0225,0.50,0.0405,73.70,14.76,257.56,1.0948,0.0198
38,T-E1,hum15_301.csv,23,370,430,200,0.0166,0.47,0.0624,73.70,14.76,257.56,1.0948,0.0198
38,T-E1,hum15_302.csv,15,370,430,200,0.0031,0.31,0.0000,73.70,14.76,257.56,1.0948,0.0198
38,T-E1,hum15_303.csv,0,370,430,200,0.0000,0.00,0.0000,73.70,14.76,257.56,1.0948,0.0198
39,T-E2,hum15_304.csv,59,300,300,400,0.0217,0.60,0.0063,53.10,3.38,248.16,1.0341,0.0349
39,T-E2,hum15_305.csv,52,300,300,400,0.0183,0.55,0.0128,53.10,3.38,248.16,1.0341,0.0349
39,T-E2,hum15_306.csv,43,300,300,400,0.0176,0.55,0.0206,53.10,3.38,248.16,1.0341,0.0349
39,T-E2,hum15_307.csv,35,300,300,400,0.0250,0.51,0.0386,53.10,3.38,248.16,1.0341,0.0349
39,T-E2,hum15_308.csv,28,300,300,400,0.0200,0.51,0.0509,53.10,3.38,248.16,1.0341,0.0349
39,T-E2,hum15_309.csv,19,300,300,400,0.0023,0.94,0.0000,53.10,3.38,248.16,1.0341,0.0349
39,T-E2,hum15_310.csv,12,300,300,400,0.0010,0.45,0.0000,53.10,3.38,248.16,1.0341,0.0349
39,T-E2,hum15_311.csv,0,300,300,400,0.0000,0.00,0.0000,53.10,3.38,248.16,1.0341,0.0349
40,T-E3,hum15_312.csv,59,310,410,280,0.0286,0.60,0.0169,64.90,4.15,172.82,1.0784,0.03
40,T-E3,hum15_313.csv,52,310,410,280,0.0243,0.56,0.0255,64.90,4.15,172.82,1.0784,0.03
40,T-E3,hum15_314.csv,44,310,410,280,0.0246,0.55,0.0292,64.90,4.15,172.82,1.0784,0.03
40,T-E3,hum15_315.csv,37,310,410,280,0.0081,0.81,0.0337,64.90,4.15,172.82,1.0784,0.03
40,T-E3,hum15_316.csv,32,310,410,280,0.0209,0.52,0.0421,64.90,4.15,172.82,1.0784,0.03
40,T-E3,hum15_317.csv,24,310,410,280,0.0168,0.50,0.0540,64.90,4.15,172.82,1.0784,0.03
40,T-E3,hum15_318.csv,18,310,410,280,0.0023,0.87,0.0184,64.90,4.15,172.82,1.0784,0.03
40,T-E3,hum15_319.csv,0,310,410,280,0.0000,0.00,0.0000,64.90,4.15,172.82,1.0784,0.03
41,U-E1,hum15_320.csv,50,250,220,530,0.0237,0.54,0.0197,55.00,3.50,189.94,1.1135,0.0224
41,U-E1,hum15_321.csv,43,250,220,530,0.0233,0.52,0.0220,55.00,3.50,189.94,1.1135,0.0224
41,U-E1,hum15_322.csv,36,250,220,530,0.0248,0.50,0.0296,55.00,3.50,189.94,1.1135,0.0224
41,U-E1,hum15_323.csv,28,250,220,530,0.0192,0.48,0.0413,55.00,3.50,189.94,1.1135,0.0224
41,U-E1,hum15_324.csv,22,250,220,530,0.0031,0.82,0.0000,55.00,3.50,189.94,1.1135,0.0224
41,U-E1,hum15_325.csv,15,250,220,530,0.0036,0.36,0.0000,55.00,3.50,189.94,1.1135,0.0224
41,U-E1,hum15_326.csv,11,250,220,530,0.0109,0.07,0.0000,55.00,3.50,189.94,1.1135,0.0224
41,U-E1,hum15_327.csv,0,250,220,530,0.0000,0.00,0.0000,55.00,3.50,189.94,1.1135,0.0224
42,U-E3,hum15_328.csv,60,220,260,520,0.0249,0.54,0.0280,51.91,2.66,518.04,1.1153,0.0196
42,U-E3,hum15_329.csv,52,220,260,520,0.0249,0.51,0.0288,51.91,2.66,518.04,1.1153,0.0196
42,U-E3,hum15_330.csv,43,220,260,520,0.0235,0.49,0.0405,51.91,2.66,518.04,1.1153,0.0196
42,U-E3,hum15_331.csv,35,220,260,520,0.0038,0.91,0.0283,51.91,2.66,518.04,1.1153,0.0196
42,U-E3,hum15_332.csv,28,220,260,520,0.0020,0.90,0.0000,51.91,2.66,518.04,1.1153,0.0196
42,U-E3,hum15_333.csv,21,220,260,520,0.0071,0.16,0.0000,51.91,2.66,518.04,1.1153,0.0196
42,U-E3,hum15_334.csv,15,220,260,520,0.0074,0.08,0.0000,51.91,2.66,518.04,1.1153,0.0196
42,U-E3,hum15_335.csv,0,220,260,520,0.0000,0.00,0.0000,51.91,2.66,518.04,1.1153,0.0196
43,V-E2,hum15_336.csv,61,230,310,460,0.0180,0.69,0.0052,67.10,10.67,325.18,1.0102,0.0563
43,V-E2,hum15_337.csv,52,230,310,460,0.0138,0.60,0.0015,67.10,10.67,325.18,1.0102,0.0563
43,V-E2,hum15_338.csv,41,230,310,460,0.0127,0.61,0.0120,67.10,10.67,325.18,1.0102,0.0563
43,V-E2,hum15_339.csv,31,230,310,460,0.0148,0.58,0.0306,67.10,10.67,325.18,1.0102,0.0563
43,V-E2,hum15_340.csv,21,230,310,460,0.0138,0.54,0.0455,67.10,10.67,325.18,1.0102,0.0563
43,V-E2,hum15_341.csv,13,230,310,460,0.0050,0.29,0.0000,67.10,10.67,325.18,1.0102,0.0563
43,V-E2,hum15_342.csv,7,230,310,460,0.0000,0.00,0.0000,67.10,10.67,325.18,1.0102,0.0563
43,V-E2,hum15_343.csv,0,230,310,460,0.0000,0.00,0.0000,67.10,10.67,325.18,1.0102,0.0563
44,V-E3,hum15_344.csv,58,230,310,460,0.0273,0.63,0.0188,63.80,12.35,251.31,1.0619,0.035
44,V-E3,hum15_345.csv,51,230,310,460,0.0233,0.58,0.0297,63.80,12.35,251.31,1.0619,0.035
44,V-E3,hum15_346.csv,42,230,310,460,0.0214,0.57,0.0361,63.80,12.35,251.31,1.0619,0.035
44,V-E3,hum15_347.csv,34,230,310,460,0.0215,0.56,0.0472,63.80,12.35,251.31,1.0619,0.035
44,V-E3,hum15_348.csv,26,230,310,460,0.0189,0.52,0.0563,63.80,12.35,251.31,1.0619,0.035
44,V-E3,hum15_349.csv,19,230,310,460,0.0120,0.52,0.0720,63.80,12.35,251.31,1.0619,0.035
44,V-E3,hum15_350.csv,12,230,310,460,0.0036,0.29,0.0000,63.80,12.35,251.31,1.0619,0.035
44,V-E3,hum15_351.csv,0,230,310,460,0.0000,0.00,0.0000,63.80,12.35,251.31,1.0619,0.035
45,V-E4,hum15_352.csv,56,320,320,360,0.0192,0.61,0.0119,61.60,30.54,422.72,1.0478,0.0376
45,V-E4,hum15_353.csv,49,320,320,360,0.0166,0.58,0.0234,61.60,30.54,422.72,1.0478,0.0376
45,V-E4,hum15_354.csv,42,320,320,360,0.0163,0.58,0.0291,61.60,30.54,422.72,1.0478,0.0376
45,V-E4,hum15_355.csv,34,320,320,360,0.0171,0.57,0.0403,61.60,30.54,422.72,1.0478,0.0376
45,V-E4,hum15_356.csv,28,320,320,360,0.0159,0.55,0.0443,61.60,30.54,422.72,1.0478,0.0376
45,V-E4,hum15_357.csv,21,320,320,360,0.0136,0.52,0.0586,61.60,30.54,422.72,1.0478,0.0376
45,V-E4,hum15_358.csv,14,320,320,360,0.0048,0.52,0.0587,61.60,30.54,422.72,1.0478,0.0376
45,V-E4,hum15_359.csv,0,320,320,360,0.0000,0.00,0.0000,61.60,30.54,422.72,1.0478,0.0376
46,V-E5,hum15_360.csv,56,370,410,220,0.0228,0.58,0.0045,61.60,4.37,221.46,1.1022,0.0233
46,V-E5,hum15_361.csv,48,370,410,220,0.0210,0.55,0.0132,61.60,4.37,221.46,1.1022,0.0233
46,V-E5,hum15_362.csv,40,370,410,220,0.0191,0.55,0.0212,61.60,4.37,221.46,1.1022,0.0233
46,V-E5,hum15_363.csv,31,370,410,220,0.0162,0.53,0.0315,61.60,4.37,221.46,1.1022,0.0233
46,V-E5,hum15_364.csv,24,370,410,220,0.0034,0.90,0.0114,61.60,4.37,221.46,1.1022,0.0233
46,V-E5,hum15_365.csv,16,370,410,220,0.0042,0.46,0.0444,61.60,4.37,221.46,1.1022,0.0233
46,V-E5,hum15_366.csv,11,370,410,220,0.0119,0.03,0.0000,61.60,4.37,221.46,1.1022,0.0233
46,V-E5,hum15_367.csv,0,370,410,220,0.0000,0.00,0.0000,61.60,4.37,221.46,1.1022,0.0233
47,W-E1,hum15_368.csv,43,320,450,230,0.0224,0.53,0.0521,39.62,2.52,1392.5,1.0713,0.0323
47,W-E1,hum15_369.csv,36,320,450,230,0.0050,0.81,0.0830,39.62,2.52,1392.5,1.0713,0.0323
47,W-E1,hum15_370.csv,29,320,450,230,0.0017,0.89,0.0502,39.62,2.52,1392.5,1.0713,0.0323
47,W-E1,hum15_371.csv,21,320,450,230,0.0056,0.10,0.0000,39.62,2.52,1392.5,1.0713,0.0323
47,W-E1,hum15_372.csv,15,320,450,230,0.0041,0.05,0.0000,39.62,2.52,1392.5,1.0713,0.0323
47,W-E1,hum15_373.csv,12,320,450,230,0.0039,0.03,0.0000,39.62,2.52,1392.5,1.0713,0.0323
47,W-E1,hum15_374.csv,9,320,450,230,0.0132,0.01,0.0000,39.62,2.52,1392.5,1.0713,0.0323
47,W-E1,hum15_375.csv,0,320,450,230,0.0000,0.00,0.0000,39.62,2.52,1392.5,1.0713,0.0323
48,W-E2,hum15_376.csv,48,300,540,170,0.0252,0.53,0.0490,43.55,2.41,707.13,1.0764,0.0273
48,W-E2,hum15_377.csv,39,300,540,170,0.0223,0.50,0.0596,43.55,2.41,707.13,1.0764,0.0273
48,W-E2,hum15_378.csv,30,300,540,170,0.0020,1.00,0.0343,43.55,2.41,707.13,1.0764,0.0273
48,W-E2,hum15_379.csv,23,300,540,170,0.0039,0.46,0.0907,43.55,2.41,707.13,1.0764,0.0273
48,W-E2,hum15_380.csv,17,300,540,170,0.0068,0.05,0.0000,43.55,2.41,707.13,1.0764,0.0273
48,W-E2,hum15_381.csv,14,300,540,170,0.0088,0.01,0.0000,43.55,2.41,707.13,1.0764,0.0273
48,W-E2,hum15_382.csv,11,300,540,170,0.0018,0.03,0.0000,43.55,2.41,707.13,1.0764,0.0273
48,W-E2,hum15_383.csv,0,300,540,170,0.0000,0.00,0.0000,43.55,2.41,707.13,1.0764,0.0273
49,W-E3,hum15_384.csv,34,350,340,310,0.0230,0.53,0.0344,33.42,3.77,859.94,1.0833,0.0245
49,W-E3,hum15_385.csv,24,350,340,310,0.0029,1.00,0.0248,33.42,3.77,859.94,1.0833,0.0245
49,W-E3,hum15_386.csv,17,350,340,310,0.0022,0.59,0.0595,33.42,3.77,859.94,1.0833,0.0245
49,W-E3,hum15_387.csv,12,350,340,310,0.0042,0.11,0.0000,33.42,3.77,859.94,1.0833,0.0245
49,W-E3,hum15_388.csv,8,350,340,310,0.0078,0.03,0.0000,33.42,3.77,859.94,1.0833,0.0245
49,W-E3,hum15_389.csv,6,350,340,310,0.0000,0.00,0.0000,33.42,3.77,859.94,1.0833,0.0245
49,W-E3,hum15_390.csv,4,350,340,310,0.0000,0.00,0.0000,33.42,3.77,859.94,1.0833,0.0245
49,W-E3,hum15_391.csv,0,350,340,310,0.0000,0.00,0.0000,33.42,3.77,859.94,1.0833,0.0245
50,W-E4,hum15_392.csv,39,400,390,210,0.0210,0.55,0.0375,35.43,2.09,857.62,1.0879,0.0271
50,W-E4,hum15_393.csv,32,400,390,210,0.0198,0.52,0.0509,35.43,2.09,857.62,1.0879,0.0271
50,W-E4,hum15_394.csv,24,400,390,210,0.0021,0.88,0.0229,35.43,2.09,857.62,1.0879,0.0271
50,W-E4,hum15_395.csv,18,400,390,210,0.0033,0.18,0.0162,35.43,2.09,857.62,1.0879,0.0271
50,W-E4,hum15_396.csv,14,400,390,210,0.0032,0.10,0.0272,35.43,2.09,857.62,1.0879,0.0271
50,W-E4,hum15_397.csv,12,400,390,210,0.0034,0.05,0.1825,35.43,2.09,857.62,1.0879,0.0271
50,W-E4,hum15_398.csv,10,400,390,210,0.0000,0.00,0.0000,35.43,2.09,857.62,1.0879,0.0271
50,W-E4,hum15_399.csv,0,400,390,210,0.0000,0.00,0.0000,35.43,2.09,857.62,1.0879,0.0271
51,W-E5,hum15_400.csv,43,260,230,510,0.0241,0.54,0.0328,47.30,2.44,182.54,1.0845,0.0208
51,W-E5,hum15_401.csv,36,260,230,510,0.0228,0.52,0.0344,47.30,2.44,182.54,1.0845,0.0208
51,W-E5,hum15_402.csv,30,260,230,510,0.0213,0.50,0.0437,47.30,2.44,182.54,1.0845,0.0208
51,W-E5,hum15_403.csv,24,260,230,510,0.0028,0.94,0.0440,47.30,2.44,182.54,1.0845,0.0208
51,W-E5,hum15_404.csv,18,260,230,510,0.0037,0.31,0.0000,47.30,2.44,182.54,1.0845,0.0208
51,W-E5,hum15_405.csv,13,260,230,510,0.0078,0.07,0.0000,47.30,2.44,182.54,1.0845,0.0208
51,W-E5,hum15_406.csv,10,260,230,510,0.0089,0.02,0.0000,47.30,2.44,182.54,1.0845,0.0208
51,W-E5,hum15_407.csv,0,260,230,510,0.0000,0.00,0.0000,47.30,2.44,182.54,1.0845,0.0208
52,W-E6,hum15_408.csv,41,400,390,210,0.0240,0.53,0.0400,38.28,2.08,411.53,1.0904,0.0239
52,W-E6,hum15_409.csv,34,400,390,210,0.0209,0.52,0.0479,38.28,2.08,411.53,1.0904,0.0239
52,W-E6,hum15_410.csv,27,400,390,210,0.0030,1.00,0.0079,38.28,2.08,411.53,1.0904,0.0239
52,W-E6,hum15_411.csv,21,400,390,210,0.0059,0.51,0.0901,38.28,2.08,411.53,1.0904,0.0239
52,W-E6,hum15_412.csv,16,400,390,210,0.0033,0.16,0.0000,38.28,2.08,411.53,1.0904,0.0239
52,W-E6,hum15_413.csv,13,400,390,210,0.0000,0.00,0.0000,38.28,2.08,411.53,1.0904,0.0239
52,W-E6,hum15_414.csv,10,400,390,210,0.0000,0.00,0.0000,38.28,2.08,411.53,1.0904,0.0239
52,W-E6,hum15_415.csv,0,400,390,210,0.0000,0.00,0.0000,38.28,2.08,411.53,1.0904,0.0239
53,X-E1,hum15_416.csv,53,280,580,140,0.0191,0.57,0.0079,41.82,6.22,642.91,1.0721,0.0301
53,X-E1,hum15_417.csv,45,280,580,140,0.0165,0.56,0.0202,41.82,6.22,642.91,1.0721,0.0301
53,X-E1,hum15_418.csv,35,280,580,140,0.0057,0.92,0.0333,41.82,6.22,642.91,1.0721,0.0301
53,X-E1,hum15_419.csv,26,280,580,140,0.0214,0.48,0.0719,41.82,6.22,642.91,1.0721,0.0301
53,X-E1,hum15_420.csv,16,280,580,140,0.0052,0.42,0.0615,41.82,6.22,642.91,1.0721,0.0301
53,X-E1,hum15_421.csv,8,280,580,140,0.0000,0.00,0.0000,41.82,6.22,642.91,1.0721,0.0301
53,X-E1,hum15_422.csv,4,280,580,140,0.0000,0.00,0.0000,41.82,6.22,642.91,1.0721,0.0301
53,X-E1,hum15_423.csv,0,280,580,140,0.0000,0.00,0.0000,41.82,6.22,642.91,1.0721,0.0301
54,X-E2,hum15_424.csv,45,240,380,380,0.0248,0.57,0.0347,49.50,3.52,188.3,1.08,0.0222
54,X-E2,hum15_425.csv,37,240,380,380,0.0244,0.53,0.0472,49.50,3.52,188.3,1.08,0.0222
54,X-E2,hum15_426.csv,31,240,380,380,0.0239,0.52,0.0549,49.50,3.52,188.3,1.08,0.0222
54,X-E2,hum15_427.csv,23,240,380,380,0.0052,0.83,0.0841,49.50,3.52,188.3,1.08,0.0222
54,X-E2,hum15_428.csv,17,240,380,380,0.0016,1.00,0.0071,49.50,3.52,188.3,1.08,0.0222
54,X-E2,hum15_429.csv,11,240,380,380,0.0039,0.28,0.0592,49.50,3.52,188.3,1.08,0.0222
54,X-E2,hum15_430.csv,7,240,380,380,0.0000,0.00,0.0000,49.50,3.52,188.3,1.08,0.0222
54,X-E2,hum15_431.csv,0,240,380,380,0.0000,0.00,0.0000,49.50,3.52,188.3,1.08,0.0222
55,X-E4,hum15_432.csv,46,420,360,230,0.0171,0.57,0.0029,50.60,5.15,298.47,1.0917,0.0271
55,X-E4,hum15_433.csv,39,420,360,230,0.0162,0.54,0.0083,50.60,5.15,298.47,1.0917,0.0271
55,X-E4,hum15_434.csv,33,420,360,230,0.0147,0.53,0.0074,50.60,5.15,298.47,1.0917,0.0271
55,X-E4,hum15_435.csv,27,420,360,230,0.0154,0.49,0.0237,50.60,5.15,298.47,1.0917,0.0271
55,X-E4,hum15_436.csv,21,420,360,230,0.0120,0.45,0.0366,50.60,5.15,298.47,1.0917,0.0271
55,X-E4,hum15_437.csv,16,420,360,230,0.0058,0.36,0.0515,50.60,5.15,298.47,1.0917,0.0271
55,X-E4,hum15_438.csv,12,420,360,230,0.0079,0.08,0.0000,50.60,5.15,298.47,1.0917,0.0271
55,X-E4,hum15_439.csv,0,420,360,230,0.0000,0.00,0.0000,50.60,5.15,298.47,1.0917,0.0271
56,Y-E4,hum15_440.csv,42,150,610,240,0.0299,0.55,0.0519,46.20,4.64,169.83,1.07,0.0231
56,Y-E4,hum15_441.csv,35,150,610,240,0.0298,0.52,0.0618,46.20,4.64,169.83,1.07,0.0231
56,Y-E4,hum15_442.csv,28,150,610,240,0.0284,0.49,0.0727,46.20,4.64,169.83,1.07,0.0231
56,Y-E4,hum15_443.csv,21,150,610,240,0.0208,0.46,0.0946,46.20,4.64,169.83,1.07,0.0231
56,Y-E4,hum15_444.csv,15,150,610,240,0.0016,1.00,0.0855,46.20,4.64,169.83,1.07,0.0231
56,Y-E4,hum15_445.csv,9,150,610,240,0.0026,0.17,0.0273,46.20,4.64,169.83,1.07,0.0231
56,Y-E4,hum15_446.csv,6,150,610,240,0.0101,0.01,0.0000,46.20,4.64,169.83,1.07,0.0231
56,Y-E4,hum15_447.csv,0,150,610,240,0.0000,0.00,0.0000,46.20,4.64,169.83,1.07,0.0231
57,Z-E2,hum15_448.csv,54,180,520,300,0.0347,0.55,0.0344,59.40,8.17,168.47,1.0609,0.0246
57,Z-E2,hum15_449.csv,47,180,520,300,0.0310,0.55,0.0428,59.40,8.17,168.47,1.0609,0.0246
57,Z-E2,hum15_450.csv,40,180,520,300,0.0315,0.52,0.0468,59.40,8.17,168.47,1.0609,0.0246
57,Z-E2,hum15_451.csv,34,180,520,300,0.0323,0.51,0.0547,59.40,8.17,168.47,1.0609,0.0246
57,Z-E2,hum15_452.csv,30,180,520,300,0.0339,0.49,0.0598,59.40,8.17,168.47,1.0609,0.0246
57,Z-E2,hum15_453.csv,20,180,520,300,0.0202,0.48,0.0862,59.40,8.17,168.47,1.0609,0.0246
57,Z-E2,hum15_454.csv,14,180,520,300,0.0018,0.91,0.0834,59.40,8.17,168.47,1.0609,0.0246
57,Z-E2,hum15_455.csv,0,180,520,300,0.0000,0.00,0.0000,59.40,8.17,168.47,1.0609,0.0246