ID,Name,Origin,Refl_file,Specular,Refl_file_all_config,m_w,m_d,m_sh,SMCg,Clay,Silt,Sand,OM,CaCO3,Fe,CO,L,eps,d,K,a,psi,Slope,Intercept
1,Soil 1,nan,liu02_001.csv,1,liu02_all_config_001.csv,186.1,124.3,12.0,55.0,260,308,432,28.5,10,4.33,16,0.0427,0.47,0.0115,60.50,2.48,145.00,1.0740,0.0104
1,Soil 1,nan,liu02_002.csv,0,liu02_all_config_002.csv,169.9,124.3,12.0,40.6,260,308,432,28.5,10,4.33,16,0.0050,0.94,0.0009,60.50,2.48,145.00,1.0740,0.0104
1,Soil 1,nan,liu02_003.csv,0,liu02_all_config_003.csv,140.1,124.3,12.0,14.1,260,308,432,28.5,10,4.33,16,0.0151,0.36,0.0660,60.50,2.48,145.00,1.0740,0.0104
1,Soil 1,nan,liu02_004.csv,0,liu02_all_config_004.csv,124.3,124.3,12.0,0.0,260,308,432,28.5,10,4.33,16,0.0000,0.00,0.0000,60.50,2.48,145.00,1.0740,0.0104
2,Soil 2,nan,liu02_005.csv,1,liu02_all_config_005.csv,196.8,139.5,12.0,44.9,453,329,218,30.6,3,3.48,17.2,0.0238,0.41,0.0000,49.39,8.45,348.36,1.1099,0.0052
2,Soil 2,nan,liu02_006.csv,1,liu02_all_config_006.csv,176.6,139.5,12.0,29.1,453,329,218,30.6,3,3.48,17.2,0.0198,0.44,0.0176,49.39,8.45,348.36,1.1099,0.0052
2,Soil 2,nan,liu02_007.csv,0,liu02_all_config_007.csv,150.9,139.5,12.0,8.9,453,329,218,30.6,3,3.48,17.2,0.0016,0.80,0.0000,49.39,8.45,348.36,1.1099,0.0052
2,Soil 2,nan,liu02_008.csv,0,liu02_all_config_008.csv,139.5,139.5,12.0,0.0,453,329,218,30.6,3,3.48,17.2,0.0000,0.00,0.0000,49.39,8.45,348.36,1.1099,0.0052
3,Soil 3,nan,liu02_009.csv,1,liu02_all_config_009.csv,196.3,141.2,12.0,42.6,265,300,435,28.7,9,4.56,16.7,0.0384,0.47,0.0155,42.61,6.90,569.37,1.1080,0.0055
3,Soil 3,nan,liu02_010.csv,0,liu02_all_config_010.csv,181,141.2,12.0,30.8,265,300,435,28.7,9,4.56,16.7,0.0052,0.97,0.0154,42.61,6.90,569.37,1.1080,0.0055
3,Soil 3,nan,liu02_011.csv,0,liu02_all_config_011.csv,152.7,141.2,12.0,8.9,265,300,435,28.7,9,4.56,16.7,0.0034,0.31,0.0000,42.61,6.90,569.37,1.1080,0.0055
3,Soil 3,nan,liu02_012.csv,0,liu02_all_config_012.csv,141.2,141.2,12.0,0.0,265,300,435,28.7,9,4.56,16.7,0.0000,0.00,0.0000,42.61,6.90,569.37,1.1080,0.0055
4,Soil 4,nan,liu02_013.csv,1,liu02_all_config_013.csv,175.9,125.4,12.0,44.5,162,503,335,16,1,2.41,9.3,0.0305,0.49,0.0226,40.30,20.70,1058.60,1.0755,0.0223
4,Soil 4,nan,liu02_014.csv,0,liu02_all_config_014.csv,166.3,125.4,12.0,36.1,162,503,335,16,1,2.41,9.3,0.0318,0.50,0.0575,40.30,20.70,1058.60,1.0755,0.0223
4,Soil 4,nan,liu02_015.csv,0,liu02_all_config_015.csv,142.8,125.4,12.0,15.3,162,503,335,16,1,2.41,9.3,0.0024,1.00,0.0511,40.30,20.70,1058.60,1.0755,0.0223
4,Soil 4,nan,liu02_016.csv,0,liu02_all_config_016.csv,125.4,125.4,12.0,0.0,162,503,335,16,1,2.41,9.3,0.0000,0.00,0.0000,40.30,20.70,1058.60,1.0755,0.0223
5,Soil 5,HuBei(China),liu02_017.csv,1,liu02_all_config_017.csv,193.6,140,12.0,41.9,213,615,171,10.5,76,3.75,6.1,0.0023,0.88,0.0000,37.49,202492.09,8265.59,1.0602,0.0053
5,Soil 5,HuBei(China),liu02_018.csv,0,liu02_all_config_018.csv,182.1,140,12.0,32.9,213,615,171,10.5,76,3.75,6.1,0.0025,1.00,0.1077,37.49,202492.09,8265.59,1.0602,0.0053
5,Soil 5,HuBei(China),liu02_019.csv,0,liu02_all_config_019.csv,159,140,12.0,14.8,213,615,171,10.5,76,3.75,6.1,0.0014,1.00,0.1462,37.49,202492.09,8265.59,1.0602,0.0053
5,Soil 5,HuBei(China),liu02_020.csv,0,liu02_all_config_020.csv,140,140,12.0,0.0,213,615,171,10.5,76,3.75,6.1,0.0000,0.00,0.0000,37.49,202492.09,8265.59,1.0602,0.0053
6,Soil 6,Uk6,liu02_021.csv,1,liu02_all_config_021.csv,194.1,141.2,12.0,40.9,115,219,666,29.8,1,2.2,17.3,0.0484,0.55,0.0204,43.31,6.10,173.39,1.1648,0.0117
6,Soil 6,Uk6,liu02_022.csv,0,liu02_all_config_022.csv,183.5,141.2,12.0,32.7,115,219,666,29.8,1,2.2,17.3,0.0311,0.54,0.0461,43.31,6.10,173.39,1.1648,0.0117
6,Soil 6,Uk6,liu02_023.csv,0,liu02_all_config_023.csv,159.2,141.2,12.0,13.9,115,219,666,29.8,1,2.2,17.3,0.0136,0.45,0.0863,43.31,6.10,173.39,1.1648,0.0117
6,Soil 6,Uk6,liu02_024.csv,0,liu02_all_config_024.csv,141.2,141.2,12.0,0.0,115,219,666,29.8,1,2.2,17.3,0.0000,0.00,0.0000,43.31,6.10,173.39,1.1648,0.0117
7,Soil 7,XinJiang(China),liu02_025.csv,1,liu02_all_config_025.csv,213.1,171.8,12.0,25.8,107,341,552,4.6,193,2.27,2.7,0.0466,0.25,0.0032,25.80,12.77,1102.29,1.0491,0.0097
7,Soil 7,XinJiang(China),liu02_026.csv,0,liu02_all_config_026.csv,200.6,171.8,12.0,18.0,107,341,552,4.6,193,2.27,2.7,0.0031,1.00,0.1046,25.80,12.77,1102.29,1.0491,0.0097
7,Soil 7,XinJiang(China),liu02_027.csv,0,liu02_all_config_027.csv,177.4,171.8,12.0,3.5,107,341,552,4.6,193,2.27,2.7,0.0055,0.12,0.1218,25.80,12.77,1102.29,1.0491,0.0097
7,Soil 7,XinJiang(China),liu02_028.csv,0,liu02_all_config_028.csv,171.8,171.8,12.0,0.0,107,341,552,4.6,193,2.27,2.7,0.0000,0.00,0.0000,25.80,12.77,1102.29,1.0491,0.0097
8,Soil 8,nan,liu02_029.csv,1,liu02_all_config_029.csv,188.6,130,12.0,49.7,361,565,74,33.2,1,3.05,19.3,0.0361,0.39,0.0132,54.67,9.34,237.86,1.1994,0.0031
8,Soil 8,nan,liu02_030.csv,0,liu02_all_config_030.csv,164,130,12.0,28.8,361,565,74,33.2,1,3.05,19.3,0.0257,0.48,0.0626,54.67,9.34,237.86,1.1994,0.0031
8,Soil 8,nan,liu02_031.csv,0,liu02_all_config_031.csv,140.5,130,12.0,8.9,361,565,74,33.2,1,3.05,19.3,0.0057,0.20,0.1068,54.67,9.34,237.86,1.1994,0.0031
8,Soil 8,nan,liu02_032.csv,0,liu02_all_config_032.csv,130,130,12.0,0.0,361,565,74,33.2,1,3.05,19.3,0.0000,0.00,0.0000,54.67,9.34,237.86,1.1994,0.0031
9,Soil 9,HaiNan(China),liu02_033.csv,1,liu02_all_config_033.csv,183.3,125.3,12.0,51.2,162,282,556,32.9,4,1.04,19.1,0.0494,0.58,0.0271,56.32,3.47,113.74,1.1333,0.0231
9,Soil 9,HaiNan(China),liu02_034.csv,0,liu02_all_config_034.csv,172.2,125.3,12.0,41.4,162,282,556,32.9,4,1.04,19.1,0.0364,0.58,0.0513,56.32,3.47,113.74,1.1333,0.0231
9,Soil 9,HaiNan(China),liu02_035.csv,0,liu02_all_config_035.csv,148.4,125.3,12.0,20.4,162,282,556,32.9,4,1.04,19.1,0.0103,0.55,0.0777,56.32,3.47,113.74,1.1333,0.0231
9,Soil 9,HaiNan(China),liu02_036.csv,0,liu02_all_config_036.csv,125.3,125.3,12.0,0.0,162,282,556,32.9,4,1.04,19.1,0.0000,0.00,0.0000,56.32,3.47,113.74,1.1333,0.0231
10,Soil 10,nan,liu02_037.csv,1,liu02_all_config_037.csv,195,145.9,12.0,36.7,125,244,631,32,38,3.14,18.6,0.0035,0.92,0.0000,25.80,0.00,200.38,1.0568,0.0109
10,Soil 10,nan,liu02_038.csv,0,liu02_all_config_038.csv,185.3,145.9,12.0,29.4,125,244,631,32,38,3.14,18.6,0.0041,1.00,0.1101,25.80,0.00,200.38,1.0568,0.0109
10,Soil 10,nan,liu02_039.csv,0,liu02_all_config_039.csv,161,145.9,12.0,11.3,125,244,631,32,38,3.14,18.6,0.0110,0.48,0.1733,25.80,0.00,200.38,1.0568,0.0109
10,Soil 10,nan,liu02_040.csv,0,liu02_all_config_040.csv,145.9,145.9,12.0,0.0,125,244,631,32,38,3.14,18.6,0.0000,0.00,0.0000,25.80,0.00,200.38,1.0568,0.0109
11,Soil 11,nan,liu02_041.csv,1,liu02_all_config_041.csv,193.4,138.5,12.0,43.4,169,184,647,29.6,1,1.45,17.2,0.0086,0.84,0.0000,47.74,5.24,389.37,1.1569,0.0057
11,Soil 11,nan,liu02_042.csv,0,liu02_all_config_042.csv,183.3,138.5,12.0,35.4,169,184,647,29.6,1,1.45,17.2,0.0048,1.00,0.0440,47.74,5.24,389.37,1.1569,0.0057
11,Soil 11,nan,liu02_043.csv,0,liu02_all_config_043.csv,157.5,138.5,12.0,15.0,169,184,647,29.6,1,1.45,17.2,0.0121,0.47,0.0900,47.74,5.24,389.37,1.1569,0.0057
11,Soil 11,nan,liu02_044.csv,0,liu02_all_config_044.csv,138.5,138.5,12.0,0.0,169,184,647,29.6,1,1.45,17.2,0.0000,0.00,0.0000,47.74,5.24,389.37,1.1569,0.0057
12,Soil 12,GuangDong(China),liu02_045.csv,1,liu02_all_config_045.csv,177.7,119.3,12.0,54.4,211,219,570,42.5,5,2.67,24.7,0.0056,1.00,0.0327,57.93,15.47,981.40,1.0826,0.0067
12,Soil 12,GuangDong(China),liu02_046.csv,0,liu02_all_config_046.csv,169.7,119.3,12.0,47.0,211,219,570,42.5,5,2.67,24.7,0.0045,0.95,0.0917,57.93,15.47,981.40,1.0826,0.0067
12,Soil 12,GuangDong(China),liu02_047.csv,0,liu02_all_config_047.csv,144.1,119.3,12.0,23.1,211,219,570,42.5,5,2.67,24.7,0.0024,1.00,0.0752,57.93,15.47,981.40,1.0826,0.0067
12,Soil 12,GuangDong(China),liu02_048.csv,0,liu02_all_config_048.csv,119.3,119.3,12.0,0.0,211,219,570,42.5,5,2.67,24.7,0.0000,0.00,0.0000,57.93,15.47,981.40,1.0826,0.0067
13,Soil 13,GuiZhou(China),liu02_049.csv,1,liu02_all_config_049.csv,178.3,113.1,12.0,64.5,657,306,37,23.9,1,7.83,13.9,0.0282,0.41,0.0000,60.66,121394.23,1370.10,1.0769,0.0170
13,Soil 13,GuiZhou(China),liu02_050.csv,0,liu02_all_config_050.csv,169,113.1,12.0,55.3,657,306,37,23.9,1,7.83,13.9,0.0234,0.51,0.0210,60.66,121394.23,1370.10,1.0769,0.0170
13,Soil 13,GuiZhou(China),liu02_051.csv,0,liu02_all_config_051.csv,144.9,113.1,12.0,31.5,657,306,37,23.9,1,7.83,13.9,0.0168,0.51,0.0329,60.66,121394.23,1370.10,1.0769,0.0170
13,Soil 13,GuiZhou(China),liu02_052.csv,0,liu02_all_config_052.csv,113.1,113.1,12.0,0.0,657,306,37,23.9,1,7.83,13.9,0.0000,0.00,0.0000,60.66,121394.23,1370.10,1.0769,0.0170
14,Soil 14,HuBei(China),liu02_053.csv,1,liu02_all_config_053.csv,181.9,118.6,12.0,59.4,544,387,69,4,1,8.42,2.3,0.0422,0.43,0.0000,65.34,12.16,237.49,1.1113,0.0157
14,Soil 14,HuBei(China),liu02_054.csv,0,liu02_all_config_054.csv,172.8,118.6,12.0,50.8,544,387,69,4,1,8.42,2.3,0.0320,0.53,0.0042,65.34,12.16,237.49,1.1113,0.0157
14,Soil 14,HuBei(China),liu02_055.csv,0,liu02_all_config_055.csv,149.7,118.6,12.0,29.2,544,387,69,4,1,8.42,2.3,0.0174,0.55,0.0093,65.34,12.16,237.49,1.1113,0.0157
14,Soil 14,HuBei(China),liu02_056.csv,0,liu02_all_config_056.csv,118.6,118.6,12.0,0.0,544,387,69,4,1,8.42,2.3,0.0000,0.00,0.0000,65.34,12.16,237.49,1.1113,0.0157
15,Soil 15,Valire Bol1(Bolivia),liu02_057.csv,1,liu02_all_config_057.csv,200.6,158.8,12.0,28.5,31,57,912,1.5,1,1.87,0.9,0.0042,1.00,0.0000,31.35,8.04,867.74,1.0467,0.0081
15,Soil 15,Valire Bol1(Bolivia),liu02_058.csv,0,liu02_all_config_058.csv,189,158.8,12.0,20.6,31,57,912,1.5,1,1.87,0.9,0.0035,1.00,0.0769,31.35,8.04,867.74,1.0467,0.0081
15,Soil 15,Valire Bol1(Bolivia),liu02_059.csv,0,liu02_all_config_059.csv,165.7,158.8,12.0,4.7,31,57,912,1.5,1,1.87,0.9,0.0098,0.02,0.0000,31.35,8.04,867.74,1.0467,0.0081
15,Soil 15,Valire Bol1(Bolivia),liu02_060.csv,0,liu02_all_config_060.csv,158.8,158.8,12.0,0.0,31,57,912,1.5,1,1.87,0.9,0.0000,0.00,0.0000,31.35,8.04,867.74,1.0467,0.0081
16,Soil 16,Valire Bol2(Bolivia),liu02_061.csv,0,liu02_all_config_061.csv,193.1,143.3,12.0,37.9,40,202,758,9.5,1,1.69,5.5,0.1200,0.50,0.0193,41.63,1.26,40.88,1.1031,0.0085
16,Soil 16,Valire Bol2(Bolivia),liu02_062.csv,0,liu02_all_config_062.csv,180.8,143.3,12.0,28.6,40,202,758,9.5,1,1.69,5.5,0.0023,1.00,0.0624,41.63,1.26,40.88,1.1031,0.0085
16,Soil 16,Valire Bol2(Bolivia),liu02_063.csv,0,liu02_all_config_063.csv,157.4,143.3,12.0,10.7,40,202,758,9.5,1,1.69,5.5,0.0081,0.41,0.1422,41.63,1.26,40.88,1.1031,0.0085
16,Soil 16,Valire Bol2(Bolivia),liu02_064.csv,0,liu02_all_config_064.csv,143.3,143.3,12.0,0.0,40,202,758,9.5,1,1.69,5.5,0.0000,0.00,0.0000,41.63,1.26,40.88,1.1031,0.0085
17,Soil 17,Valire Bol3(Bolivia),liu02_065.csv,1,liu02_all_config_065.csv,185.4,136.2,12.0,39.6,42,205,753,16.9,1,1.83,9.8,0.0823,0.37,0.0103,39.60,65.93,2067.91,1.0765,0.0134
17,Soil 17,Valire Bol3(Bolivia),liu02_066.csv,0,liu02_all_config_066.csv,172.5,136.2,12.0,29.2,42,205,753,16.9,1,1.83,9.8,0.0025,0.99,0.0669,39.60,65.93,2067.91,1.0765,0.0134
17,Soil 17,Valire Bol3(Bolivia),liu02_067.csv,0,liu02_all_config_067.csv,148.9,136.2,12.0,10.2,42,205,753,16.9,1,1.83,9.8,0.0035,0.43,0.1528,39.60,65.93,2067.91,1.0765,0.0134
17,Soil 17,Valire Bol3(Bolivia),liu02_068.csv,0,liu02_all_config_068.csv,136.2,136.2,12.0,0.0,42,205,753,16.9,1,1.83,9.8,0.0000,0.00,0.0000,39.60,65.93,2067.91,1.0765,0.0134
18,Soil 18,nan,liu02_069.csv,1,liu02_all_config_069.csv,190.3,135.7,12.0,44.1,181,491,327,18.6,1,2.58,10.8,0.0042,1.00,0.0081,39.37,33947.70,4777.01,1.0748,0.0198
18,Soil 18,nan,liu02_070.csv,0,liu02_all_config_070.csv,178.5,135.7,12.0,34.6,181,491,327,18.6,1,2.58,10.8,0.0303,0.51,0.0646,39.37,33947.70,4777.01,1.0748,0.0198
18,Soil 18,nan,liu02_071.csv,0,liu02_all_config_071.csv,154.9,135.7,12.0,15.5,181,491,327,18.6,1,2.58,10.8,0.0021,1.00,0.0740,39.37,33947.70,4777.01,1.0748,0.0198
18,Soil 18,nan,liu02_072.csv,0,liu02_all_config_072.csv,135.7,135.7,12.0,0.0,181,491,327,18.6,1,2.58,10.8,0.0000,0.00,0.0000,39.37,33947.70,4777.01,1.0748,0.0198
19,Soil 19,nan,liu02_073.csv,0,liu02_all_config_073.csv,197.8,139.2,12.0,46.1,413,420,167,42,81,3.41,24.4,0.0254,0.51,0.0117,50.71,3.42,273.04,1.1527,0.0072
19,Soil 19,nan,liu02_074.csv,0,liu02_all_config_074.csv,185,139.2,12.0,36.0,413,420,167,42,81,3.41,24.4,0.0125,0.63,0.0130,50.71,3.42,273.04,1.1527,0.0072
19,Soil 19,nan,liu02_075.csv,0,liu02_all_config_075.csv,160,139.2,12.0,16.4,413,420,167,42,81,3.41,24.4,0.0023,0.77,0.0000,50.71,3.42,273.04,1.1527,0.0072
19,Soil 19,nan,liu02_076.csv,0,liu02_all_config_076.csv,139.2,139.2,12.0,0.0,413,420,167,42,81,3.41,24.4,0.0000,0.00,0.0000,50.71,3.42,273.04,1.1527,0.0072
20,Soil 20,Alpilles 97/Sol peicelle 300,liu02_077.csv,1,liu02_all_config_077.csv,179.6,135.2,12.0,36.0,298,527,175,17,413,2.27,9.9,0.0031,0.91,0.0000,26.23,0.00,200.62,1.0290,0.0214
20,Soil 20,Alpilles 97/Sol peicelle 300,liu02_078.csv,0,liu02_all_config_078.csv,172.6,135.2,12.0,30.4,298,527,175,17,413,2.27,9.9,0.0191,0.48,0.0763,26.23,0.00,200.62,1.0290,0.0214
20,Soil 20,Alpilles 97/Sol peicelle 300,liu02_079.csv,0,liu02_all_config_079.csv,150.3,135.2,12.0,12.3,298,527,175,17,413,2.27,9.9,0.0081,0.50,0.1515,26.23,0.00,200.62,1.0290,0.0214
20,Soil 20,Alpilles 97/Sol peicelle 300,liu02_080.csv,0,liu02_all_config_080.csv,135.2,135.2,12.0,0.0,298,527,175,17,413,2.27,9.9,0.0000,0.00,0.0000,26.23,0.00,200.62,1.0290,0.0214
21,Soil 21,nan,liu02_081.csv,1,liu02_all_config_081.csv,185.7,135.2,12.0,41.0,203,476,320,17.9,1,2.87,10.4,0.0051,0.92,0.0099,37.75,3093.27,3816.92,1.0778,0.0190
21,Soil 21,nan,liu02_082.csv,0,liu02_all_config_082.csv,177.7,135.2,12.0,34.5,203,476,320,17.9,1,2.87,10.4,0.0062,0.88,0.0599,37.75,3093.27,3816.92,1.0778,0.0190
21,Soil 21,nan,liu02_083.csv,0,liu02_all_config_083.csv,151.9,135.2,12.0,13.6,203,476,320,17.9,1,2.87,10.4,0.0021,0.94,0.0663,37.75,3093.27,3816.92,1.0778,0.0190
21,Soil 21,nan,liu02_084.csv,0,liu02_all_config_084.csv,135.2,135.2,12.0,0.0,203,476,320,17.9,1,2.87,10.4,0.0000,0.00,0.0000,37.75,3093.27,3816.92,1.0778,0.0190
22,Soil 22,nan,liu02_085.csv,0,liu02_all_config_085.csv,193,122.8,12.0,63.4,487,403,109,70.7,160,5.32,41.1,0.0237,0.54,0.0003,69.74,5.19,281.09,1.1194,0.0117
22,Soil 22,nan,liu02_086.csv,0,liu02_all_config_086.csv,180.3,122.8,12.0,51.9,487,403,109,70.7,160,5.32,41.1,0.0199,0.51,0.0069,69.74,5.19,281.09,1.1194,0.0117
22,Soil 22,nan,liu02_087.csv,0,liu02_all_config_087.csv,146.4,122.8,12.0,21.3,487,403,109,70.7,160,5.32,41.1,0.0095,0.30,0.0026,69.74,5.19,281.09,1.1194,0.0117
22,Soil 22,nan,liu02_088.csv,0,liu02_all_config_088.csv,122.8,122.8,12.0,0.0,487,403,109,70.7,160,5.32,41.1,0.0000,0.00,0.0000,69.74,5.19,281.09,1.1194,0.0117
23,Soil 23,UK3,liu02_089.csv,0,liu02_all_config_089.csv,185.7,107.9,12.0,81.1,595,281,124,116.4,1,3.8,67.7,0.0314,0.37,0.0000,89.21,4.89,295.34,1.0639,0.0226
23,Soil 23,UK3,liu02_090.csv,0,liu02_all_config_090.csv,168,107.9,12.0,62.7,595,281,124,116.4,1,3.8,67.7,0.0267,0.33,0.0000,89.21,4.89,295.34,1.0639,0.0226
23,Soil 23,UK3,liu02_091.csv,0,liu02_all_config_091.csv,140.6,107.9,12.0,34.1,595,281,124,116.4,1,3.8,67.7,0.0110,0.33,0.0331,89.21,4.89,295.34,1.0639,0.0226
23,Soil 23,UK3,liu02_092.csv,0,liu02_all_config_092.csv,107.9,107.9,12.0,0.0,595,281,124,116.4,1,3.8,67.7,0.0000,0.00,0.0000,89.21,4.89,295.34,1.0639,0.0226
24,Soil 24,nan,liu02_093.csv,0,liu02_all_config_093.csv,157.8,106.5,12.0,54.3,182,686,132,86.9,1,0.77,50.5,0.0250,0.53,0.0456,59.73,4.56,278.45,1.1921,0.0304
24,Soil 24,nan,liu02_094.csv,0,liu02_all_config_094.csv,138.2,106.5,12.0,33.5,182,686,132,86.9,1,0.77,50.5,0.0161,0.40,0.0555,59.73,4.56,278.45,1.1921,0.0304
24,Soil 24,nan,liu02_095.csv,0,liu02_all_config_095.csv,117.7,106.5,12.0,11.9,182,686,132,86.9,1,0.77,50.5,0.0128,0.02,0.0000,59.73,4.56,278.45,1.1921,0.0304
24,Soil 24,nan,liu02_096.csv,0,liu02_all_config_096.csv,106.5,106.5,12.0,0.0,182,686,132,86.9,1,0.77,50.5,0.0000,0.00,0.0000,59.73,4.56,278.45,1.1921,0.0304
25,Soil 25,nan,liu02_097.csv,1,liu02_all_config_097.csv,184,129.7,12.0,46.1,182,696,122,29.6,1,1.31,17.2,0.0328,0.50,0.0221,46.89,11.78,398.43,1.0475,0.0533
25,Soil 25,nan,liu02_098.csv,0,liu02_all_config_098.csv,147.4,129.7,12.0,15.0,182,696,122,29.6,1,1.31,17.2,0.0072,0.59,0.1055,46.89,11.78,398.43,1.0475,0.0533
25,Soil 25,nan,liu02_099.csv,0,liu02_all_config_099.csv,134.4,129.7,12.0,4.0,182,696,122,29.6,1,1.31,17.2,0.0111,0.02,0.0000,46.89,11.78,398.43,1.0475,0.0533
25,Soil 25,nan,liu02_100.csv,0,liu02_all_config_100.csv,129.7,129.7,12.0,0.0,182,696,122,29.6,1,1.31,17.2,0.0000,0.00,0.0000,46.89,11.78,398.43,1.0475,0.0533
26,Soil 26,nan,liu02_101.csv,0,liu02_all_config_101.csv,167,123.2,12.0,39.4,169,627,204,50.6,1,0.88,29.4,0.0222,0.53,0.0876,39.40,10.14,974.15,1.2160,0.0193
26,Soil 26,nan,liu02_102.csv,0,liu02_all_config_102.csv,148.8,123.2,12.0,23.0,169,627,204,50.6,1,0.88,29.4,0.0044,0.63,0.0882,39.40,10.14,974.15,1.2160,0.0193
26,Soil 26,nan,liu02_103.csv,0,liu02_all_config_103.csv,128.2,123.2,12.0,4.5,169,627,204,50.6,1,0.88,29.4,0.0085,0.03,0.0000,39.40,10.14,974.15,1.2160,0.0193
26,Soil 26,nan,liu02_104.csv,0,liu02_all_config_104.csv,123.2,123.2,12.0,0.0,169,627,204,50.6,1,0.88,29.4,0.0000,0.00,0.0000,39.40,10.14,974.15,1.2160,0.0193
27,Soil 27,Alpilles 97/Sol peicelle 300,liu02_105.csv,0,liu02_all_config_105.csv,165.7,134,12.0,26.0,265,449,285,26.7,404,2.08,15.5,0.0177,0.53,0.0967,28.60,16.36,525.86,1.0178,0.0292
27,Soil 27,Alpilles 97/Sol peicelle 300,liu02_106.csv,0,liu02_all_config_106.csv,152.3,134,12.0,15.0,265,449,285,26.7,404,2.08,15.5,0.0096,0.58,0.1311,28.60,16.36,525.86,1.0178,0.0292
27,Soil 27,Alpilles 97/Sol peicelle 300,liu02_107.csv,0,liu02_all_config_107.csv,136.8,134,12.0,2.3,265,449,285,26.7,404,2.08,15.5,0.0099,0.03,0.0000,28.60,16.36,525.86,1.0178,0.0292
27,Soil 27,Alpilles 97/Sol peicelle 300,liu02_108.csv,0,liu02_all_config_108.csv,134,134,12.0,0.0,265,449,285,26.7,404,2.08,15.5,0.0000,0.00,0.0000,28.60,16.36,525.86,1.0178,0.0292
28,Soil 28,Alpilles 97/Sol peicelle 300,liu02_109.csv,1,liu02_all_config_109.csv,176.8,129,12.0,40.9,498,459,42,23.6,402,2.45,13.7,0.0030,0.90,0.0076,26.90,0.00,200.54,1.0303,0.0190
28,Soil 28,Alpilles 97/Sol peicelle 300,liu02_110.csv,0,liu02_all_config_110.csv,160.8,129,12.0,27.2,498,459,42,23.6,402,2.45,13.7,0.0174,0.49,0.0974,26.90,0.00,200.54,1.0303,0.0190
28,Soil 28,Alpilles 97/Sol peicelle 300,liu02_111.csv,0,liu02_all_config_111.csv,143.7,129,12.0,12.6,498,459,42,23.6,402,2.45,13.7,0.0063,0.53,0.1978,26.90,0.00,200.54,1.0303,0.0190
28,Soil 28,Alpilles 97/Sol peicelle 300,liu02_112.csv,0,liu02_all_config_112.csv,129,129,12.0,0.0,498,459,42,23.6,402,2.45,13.7,0.0000,0.00,0.0000,26.90,0.00,200.54,1.0303,0.0190
29,Soil 29,nan,liu02_113.csv,0,liu02_all_config_113.csv,179.6,131.1,12.0,40.7,178,691,131,30.1,1,1.25,17.5,0.0267,0.58,0.0487,44.77,4.49,215.72,1.0825,0.0444
29,Soil 29,nan,liu02_114.csv,0,liu02_all_config_114.csv,165.2,131.1,12.0,28.6,178,691,131,30.1,1,1.25,17.5,0.0185,0.57,0.0835,44.77,4.49,215.72,1.0825,0.0444
29,Soil 29,nan,liu02_115.csv,0,liu02_all_config_115.csv,148.1,131.1,12.0,14.3,178,691,131,30.1,1,1.25,17.5,0.0062,0.50,0.1012,44.77,4.49,215.72,1.0825,0.0444
29,Soil 29,nan,liu02_116.csv,0,liu02_all_config_116.csv,131.1,131.1,12.0,0.0,178,691,131,30.1,1,1.25,17.5,0.0000,0.00,0.0000,44.77,4.49,215.72,1.0825,0.0444
30,Soil 30,Alpilles 97/Sol peicelle 300,liu02_117.csv,1,liu02_all_config_117.csv,179,126.9,12.0,45.3,558,398,44,34.6,399,2.23,20.1,0.0179,0.49,0.0651,49.83,6.02,355.11,1.0418,0.0191
30,Soil 30,Alpilles 97/Sol peicelle 300,liu02_118.csv,1,liu02_all_config_118.csv,165.3,126.9,12.0,33.4,558,398,44,34.6,399,2.23,20.1,0.0168,0.52,0.0794,49.83,6.02,355.11,1.0418,0.0191
30,Soil 30,Alpilles 97/Sol peicelle 300,liu02_119.csv,0,liu02_all_config_119.csv,147.9,126.9,12.0,18.3,558,398,44,34.6,399,2.23,20.1,0.0040,0.87,0.1332,49.83,6.02,355.11,1.0418,0.0191
30,Soil 30,Alpilles 97/Sol peicelle 300,liu02_120.csv,0,liu02_all_config_120.csv,126.9,126.9,12.0,0.0,558,398,44,34.6,399,2.23,20.1,0.0000,0.00,0.0000,49.83,6.02,355.11,1.0418,0.0191
31,Soil 31,nan,liu02_121.csv,1,liu02_all_config_121.csv,167.1,120.5,12.0,42.9,190,481,328,15.8,1,2.56,9.2,0.0040,1.00,0.0163,33.61,0.21,200.93,1.0797,0.0161
31,Soil 31,nan,liu02_122.csv,0,liu02_all_config_122.csv,156,120.5,12.0,32.7,190,481,328,15.8,1,2.56,9.2,0.0355,0.47,0.0610,33.61,0.21,200.93,1.0797,0.0161
31,Soil 31,nan,liu02_123.csv,0,liu02_all_config_123.csv,141,120.5,12.0,18.9,190,481,328,15.8,1,2.56,9.2,0.0037,1.00,0.0866,33.61,0.21,200.93,1.0797,0.0161
31,Soil 31,nan,liu02_124.csv,0,liu02_all_config_124.csv,120.5,120.5,12.0,0.0,190,481,328,15.8,1,2.56,9.2,0.0000,0.00,0.0000,33.61,0.21,200.93,1.0797,0.0161
32,Soil 32,Alpilles 97/Sol peicelle 300,liu02_125.csv,1,liu02_all_config_125.csv,178.1,129.4,12.0,41.5,618,362,20,21.2,442,2.46,12.3,0.0139,0.45,0.0548,36.00,14022.76,2940.56,1.0454,0.0158
32,Soil 32,Alpilles 97/Sol peicelle 300,liu02_126.csv,1,liu02_all_config_126.csv,165.2,129.4,12.0,30.5,618,362,20,21.2,442,2.46,12.3,0.0153,0.49,0.0881,36.00,14022.76,2940.56,1.0454,0.0158
32,Soil 32,Alpilles 97/Sol peicelle 300,liu02_127.csv,0,liu02_all_config_127.csv,147.4,129.4,12.0,15.3,618,362,20,21.2,442,2.46,12.3,0.0035,0.90,0.1653,36.00,14022.76,2940.56,1.0454,0.0158
32,Soil 32,Alpilles 97/Sol peicelle 300,liu02_128.csv,0,liu02_all_config_128.csv,129.4,129.4,12.0,0.0,618,362,20,21.2,442,2.46,12.3,0.0000,0.00,0.0000,36.00,14022.76,2940.56,1.0454,0.0158
33,Soil 33,nan,liu02_129.csv,0,liu02_all_config_129.csv,191.3,143.3,12.0,36.6,119,227,653,33.7,2,2.23,19.6,0.0386,0.55,0.0315,40.00,4.65,183.79,1.1757,0.0135
33,Soil 33,nan,liu02_130.csv,0,liu02_all_config_130.csv,177.9,143.3,12.0,26.4,119,227,653,33.7,2,2.23,19.6,0.0219,0.55,0.0497,40.00,4.65,183.79,1.1757,0.0135
33,Soil 33,nan,liu02_131.csv,0,liu02_all_config_131.csv,158.9,143.3,12.0,11.9,119,227,653,33.7,2,2.23,19.6,0.0084,0.44,0.0738,40.00,4.65,183.79,1.1757,0.0135
33,Soil 33,nan,liu02_132.csv,0,liu02_all_config_132.csv,143.3,143.3,12.0,0.0,119,227,653,33.7,2,2.23,19.6,0.0000,0.00,0.0000,40.00,4.65,183.79,1.1757,0.0135
34,Soil 34,nan,liu02_133.csv,0,liu02_all_config_133.csv,210.6,171.9,12.0,24.2,20,97,883,3.4,1,2.24,2,0.0061,1.00,0.0737,24.21,12.43,1703.31,1.0849,0.0095
34,Soil 34,nan,liu02_134.csv,0,liu02_all_config_134.csv,191.8,171.9,12.0,12.4,20,97,883,3.4,1,2.24,2,0.0016,0.94,0.0422,24.21,12.43,1703.31,1.0849,0.0095
34,Soil 34,nan,liu02_135.csv,0,liu02_all_config_135.csv,175.5,171.9,12.0,2.3,20,97,883,3.4,1,2.24,2,0.0309,0.01,0.0000,24.21,12.43,1703.31,1.0849,0.0095
34,Soil 34,nan,liu02_136.csv,0,liu02_all_config_136.csv,171.9,171.9,12.0,0.0,20,97,883,3.4,1,2.24,2,0.0000,0.00,0.0000,24.21,12.43,1703.31,1.0849,0.0095
35,Soil 35,nan,liu02_137.csv,0,liu02_all_config_137.csv,181.5,139.5,12.0,32.9,151,661,188,28,1,1.06,16.3,0.0240,0.48,0.0815,36.19,3.03,230.82,1.1649,0.0146
35,Soil 35,nan,liu02_138.csv,0,liu02_all_config_138.csv,170.8,139.5,12.0,24.5,151,661,188,28,1,1.06,16.3,0.0188,0.52,0.1303,36.19,3.03,230.82,1.1649,0.0146
35,Soil 35,nan,liu02_139.csv,0,liu02_all_config_139.csv,152.9,139.5,12.0,10.5,151,661,188,28,1,1.06,16.3,0.0011,0.61,0.0000,36.19,3.03,230.82,1.1649,0.0146
35,Soil 35,nan,liu02_140.csv,0,liu02_all_config_140.csv,139.5,139.5,12.0,0.0,151,661,188,28,1,1.06,16.3,0.0000,0.00,0.0000,36.19,3.03,230.82,1.1649,0.0146
36,Soil 36,nan,liu02_141.csv,0,liu02_all_config_141.csv,164.7,105.2,12.0,63.8,196,661,143,99.8,1,1.03,58,0.0242,0.55,0.0408,70.18,4.61,284.83,1.2807,0.0135
36,Soil 36,nan,liu02_142.csv,0,liu02_all_config_142.csv,152.8,105.2,12.0,51.1,196,661,143,99.8,1,1.03,58,0.0192,0.46,0.0611,70.18,4.61,284.83,1.2807,0.0135
36,Soil 36,nan,liu02_143.csv,0,liu02_all_config_143.csv,134.8,105.2,12.0,31.8,196,661,143,99.8,1,1.03,58,0.0111,0.42,0.0701,70.18,4.61,284.83,1.2807,0.0135
36,Soil 36,nan,liu02_144.csv,0,liu02_all_config_144.csv,105.2,105.2,12.0,0.0,196,661,143,99.8,1,1.03,58,0.0000,0.00,0.0000,70.18,4.61,284.83,1.2807,0.0135
37,Soil 37,Qingdao Field(China),liu02_145.csv,0,liu02_all_config_145.csv,197.3,147.5,12.0,36.8,230,350,421,8.8,11,2.39,5.1,0.0338,0.49,0.0276,40.48,6.80,186.96,1.1143,0.0171
37,Soil 37,Qingdao Field(China),liu02_146.csv,0,liu02_all_config_146.csv,181,147.5,12.0,24.7,230,350,421,8.8,11,2.39,5.1,0.0316,0.51,0.0430,40.48,6.80,186.96,1.1143,0.0171
37,Soil 37,Qingdao Field(China),liu02_147.csv,0,liu02_all_config_147.csv,162.5,147.5,12.0,11.1,230,350,421,8.8,11,2.39,5.1,0.0112,0.44,0.0767,40.48,6.80,186.96,1.1143,0.0171
37,Soil 37,Qingdao Field(China),liu02_148.csv,0,liu02_all_config_148.csv,147.5,147.5,12.0,0.0,230,350,421,8.8,11,2.39,5.1,0.0000,0.00,0.0000,40.48,6.80,186.96,1.1143,0.0171
38,Soil 38,HeNan(China),liu02_149.csv,1,liu02_all_config_149.csv,183,135.4,12.0,38.6,252,652,96,15.8,28,3.18,9.2,0.0035,0.82,0.0000,31.99,1636355.75,5707.40,1.0856,0.0127
38,Soil 38,HeNan(China),liu02_150.csv,0,liu02_all_config_150.csv,166.5,135.4,12.0,25.2,252,652,96,15.8,28,3.18,9.2,0.0035,1.00,0.0665,31.99,1636355.75,5707.40,1.0856,0.0127
38,Soil 38,HeNan(China),liu02_151.csv,0,liu02_all_config_151.csv,147.5,135.4,12.0,9.8,252,652,96,15.8,28,3.18,9.2,0.0063,0.40,0.1754,31.99,1636355.75,5707.40,1.0856,0.0127
38,Soil 38,HeNan(China),liu02_152.csv,0,liu02_all_config_152.csv,135.4,135.4,12.0,0.0,252,652,96,15.8,28,3.18,9.2,0.0000,0.00,0.0000,31.99,1636355.75,5707.40,1.0856,0.0127
39,Soil 39,ShanXi(China),liu02_153.csv,0,liu02_all_config_153.csv,183.3,148,12.0,26.0,172,702,126,11.7,139,2.9,6.8,0.0338,0.46,0.0724,26.00,12.15,1425.12,1.0570,0.0138
39,Soil 39,ShanXi(China),liu02_154.csv,0,liu02_all_config_154.csv,169.9,148,12.0,16.1,172,702,126,11.7,139,2.9,6.8,0.0022,0.93,0.0776,26.00,12.15,1425.12,1.0570,0.0138
39,Soil 39,ShanXi(China),liu02_155.csv,0,liu02_all_config_155.csv,153.2,148,12.0,3.8,172,702,126,11.7,139,2.9,6.8,0.0059,0.09,0.0040,26.00,12.15,1425.12,1.0570,0.0138
39,Soil 39,ShanXi(China),liu02_156.csv,0,liu02_all_config_156.csv,148,148,12.0,0.0,172,702,126,11.7,139,2.9,6.8,0.0000,0.00,0.0000,26.00,12.15,1425.12,1.0570,0.0138
40,Soil 40,JiangSu(China),liu02_157.csv,0,liu02_all_config_157.csv,167.3,113.2,12.0,53.5,87,464,450,33.2,75,2.29,19.3,0.0104,0.99,0.0007,47.80,594.90,1682.18,1.0768,0.0047
40,Soil 40,JiangSu(China),liu02_158.csv,0,liu02_all_config_158.csv,155.8,113.2,12.0,42.1,87,464,450,33.2,75,2.29,19.3,0.0458,0.48,0.0869,47.80,594.90,1682.18,1.0768,0.0047
40,Soil 40,JiangSu(China),liu02_159.csv,0,liu02_all_config_159.csv,139.7,113.2,12.0,26.2,87,464,450,33.2,75,2.29,19.3,0.0039,0.99,0.1251,47.80,594.90,1682.18,1.0768,0.0047
40,Soil 40,JiangSu(China),liu02_160.csv,0,liu02_all_config_160.csv,113.2,113.2,12.0,0.0,87,464,450,33.2,75,2.29,19.3,0.0000,0.00,0.0000,47.80,594.90,1682.18,1.0768,0.0047
41,Soil 41,QingHai(China),liu02_161.csv,1,liu02_all_config_161.csv,183.9,148.5,12.0,25.9,406,556,38,4.6,193,3.59,2.7,0.0029,1.00,0.0277,21.70,47.53,5170.38,1.0238,0.0081
41,Soil 41,QingHai(China),liu02_162.csv,0,liu02_all_config_162.csv,172.4,148.5,12.0,17.5,406,556,38,4.6,193,3.59,2.7,0.0031,1.00,0.0876,21.70,47.53,5170.38,1.0238,0.0081
41,Soil 41,QingHai(China),liu02_163.csv,0,liu02_all_config_163.csv,157.4,148.5,12.0,6.5,406,556,38,4.6,193,3.59,2.7,0.0066,0.09,0.0475,21.70,47.53,5170.38,1.0238,0.0081
41,Soil 41,QingHai(China),liu02_164.csv,0,liu02_all_config_164.csv,148.5,148.5,12.0,0.0,406,556,38,4.6,193,3.59,2.7,0.0000,0.00,0.0000,21.70,47.53,5170.38,1.0238,0.0081
42,Soil 42,UK9,liu02_165.csv,1,liu02_all_config_165.csv,198.4,145.7,12.0,39.4,465,335,200,28.9,2,4.01,16.8,0.0215,0.38,0.0016,40.25,20.57,847.79,1.1167,0.0009
42,Soil 42,UK9,liu02_166.csv,1,liu02_all_config_166.csv,187.4,145.7,12.0,31.2,465,335,200,28.9,2,4.01,16.8,0.0075,0.67,0.0000,40.25,20.57,847.79,1.1167,0.0009
42,Soil 42,UK9,liu02_167.csv,0,liu02_all_config_167.csv,169.4,145.7,12.0,17.7,465,335,200,28.9,2,4.01,16.8,0.0033,1.00,0.0169,40.25,20.57,847.79,1.1167,0.0009
42,Soil 42,UK9,liu02_168.csv,0,liu02_all_config_168.csv,145.7,145.7,12.0,0.0,465,335,200,28.9,2,4.01,16.8,0.0000,0.00,0.0000,40.25,20.57,847.79,1.1167,0.0009
43,Soil 43,nan,liu02_169.csv,1,liu02_all_config_169.csv,167.4,128.8,12.0,33.0,137,759,104,12.6,1,1.09,7.3,0.0233,0.47,0.0460,28.85,1174.84,1674.99,1.0923,0.0219
43,Soil 43,nan,liu02_170.csv,0,liu02_all_config_170.csv,157.6,128.8,12.0,24.7,137,759,104,12.6,1,1.09,7.3,0.0269,0.47,0.0656,28.85,1174.84,1674.99,1.0923,0.0219
43,Soil 43,nan,liu02_171.csv,0,liu02_all_config_171.csv,143.6,128.8,12.0,12.7,137,759,104,12.6,1,1.09,7.3,0.0100,0.41,0.0948,28.85,1174.84,1674.99,1.0923,0.0219
43,Soil 43,nan,liu02_172.csv,0,liu02_all_config_172.csv,128.8,128.8,12.0,0.0,137,759,104,12.6,1,1.09,7.3,0.0000,0.00,0.0000,28.85,1174.84,1674.99,1.0923,0.0219
44,Soil 44,LAC6,liu02_173.csv,0,liu02_all_config_173.csv,162.6,114.8,12.0,46.5,194,711,95,54.2,1,1.02,31.5,0.0222,0.58,0.0756,51.15,3.87,230.82,1.1820,0.0271
44,Soil 44,LAC6,liu02_174.csv,0,liu02_all_config_174.csv,151.4,114.8,12.0,35.6,194,711,95,54.2,1,1.02,31.5,0.0202,0.54,0.0859,51.15,3.87,230.82,1.1820,0.0271
44,Soil 44,LAC6,liu02_175.csv,0,liu02_all_config_175.csv,135.1,114.8,12.0,19.7,194,711,95,54.2,1,1.02,31.5,0.0076,0.48,0.0846,51.15,3.87,230.82,1.1820,0.0271
44,Soil 44,LAC6,liu02_176.csv,0,liu02_all_config_176.csv,114.8,114.8,12.0,0.0,194,711,95,54.2,1,1.02,31.5,0.0000,0.00,0.0000,51.15,3.87,230.82,1.1820,0.0271
45,Soil 45,UK10,liu02_177.csv,0,liu02_all_config_177.csv,197.4,153.2,12.0,31.3,60,85,855,8.6,1,2.07,5,0.0424,0.56,0.0196,34.43,2.97,127.56,1.1438,0.0135
45,Soil 45,UK10,liu02_178.csv,0,liu02_all_config_178.csv,187.7,153.2,12.0,24.4,60,85,855,8.6,1,2.07,5,0.0316,0.53,0.0362,34.43,2.97,127.56,1.1438,0.0135
45,Soil 45,UK10,liu02_179.csv,0,liu02_all_config_179.csv,170.4,153.2,12.0,12.2,60,85,855,8.6,1,2.07,5,0.0039,0.92,0.0040,34.43,2.97,127.56,1.1438,0.0135
45,Soil 45,UK10,liu02_180.csv,0,liu02_all_config_180.csv,153.2,153.2,12.0,0.0,60,85,855,8.6,1,2.07,5,0.0000,0.00,0.0000,34.43,2.97,127.56,1.1438,0.0135
46,Soil 46,UK7,liu02_181.csv,1,liu02_all_config_181.csv,193.3,147.2,12.0,34.1,140,159,701,16.2,1,1.99,9.4,0.0321,0.49,0.0159,34.10,53.35,1084.40,1.1539,-0.0008
46,Soil 46,UK7,liu02_182.csv,0,liu02_all_config_182.csv,182.7,147.2,12.0,26.3,140,159,701,16.2,1,1.99,9.4,0.0048,0.99,0.0237,34.10,53.35,1084.40,1.1539,-0.0008
46,Soil 46,UK7,liu02_183.csv,0,liu02_all_config_183.csv,165.6,147.2,12.0,13.6,140,159,701,16.2,1,1.99,9.4,0.0033,1.00,0.0042,34.10,53.35,1084.40,1.1539,-0.0008
46,Soil 46,UK7,liu02_184.csv,0,liu02_all_config_184.csv,147.2,147.2,12.0,0.0,140,159,701,16.2,1,1.99,9.4,0.0000,0.00,0.0000,34.10,53.35,1084.40,1.1539,-0.0008
47,Soil 47,Valire Bol3(Bolivia),liu02_185.csv,0,liu02_all_config_185.csv,198.8,158.6,12.0,27.4,16,46,938,3.3,1,3.12,1.9,0.0066,1.00,0.0552,30.14,1.26,180.58,1.0781,0.0055
47,Soil 47,Valire Bol3(Bolivia),liu02_186.csv,0,liu02_all_config_186.csv,188.2,158.6,12.0,20.2,16,46,938,3.3,1,3.12,1.9,0.0016,0.96,0.0496,30.14,1.26,180.58,1.0781,0.0055
47,Soil 47,Valire Bol3(Bolivia),liu02_187.csv,0,liu02_all_config_187.csv,171.5,158.6,12.0,8.8,16,46,938,3.3,1,3.12,1.9,0.0130,0.31,0.1441,30.14,1.26,180.58,1.0781,0.0055
47,Soil 47,Valire Bol3(Bolivia),liu02_188.csv,0,liu02_all_config_188.csv,158.6,158.6,12.0,0.0,16,46,938,3.3,1,3.12,1.9,0.0000,0.00,0.0000,30.14,1.26,180.58,1.0781,0.0055
48,Soil 48,nan,liu02_189.csv,0,liu02_all_config_189.csv,210.2,178.8,12.0,18.8,9,5,986,0.3,5,0.96,0.2,0.0038,0.92,0.0031,15.15,110.90,5060.87,1.0500,0.0094
48,Soil 48,nan,liu02_190.csv,0,liu02_all_config_190.csv,197.9,178.8,12.0,11.5,9,5,986,0.3,5,0.96,0.2,0.0173,0.40,0.0495,15.15,110.90,5060.87,1.0500,0.0094
48,Soil 48,nan,liu02_191.csv,0,liu02_all_config_191.csv,181.6,178.8,12.0,1.7,9,5,986,0.3,5,0.96,0.2,0.0037,0.14,0.0317,15.15,110.90,5060.87,1.0500,0.0094
48,Soil 48,nan,liu02_192.csv,0,liu02_all_config_192.csv,178.8,178.8,12.0,0.0,9,5,986,0.3,5,0.96,0.2,0.0000,0.00,0.0000,15.15,110.90,5060.87,1.0500,0.0094
49,Soil 49,nan,liu02_193.csv,0,liu02_all_config_193.csv,171.1,127.8,12.0,37.4,179,714,107,35.9,1,0.85,20.9,0.0221,0.54,0.0926,41.14,2.90,266.05,1.2030,0.0216
49,Soil 49,nan,liu02_194.csv,0,liu02_all_config_194.csv,159.4,127.8,12.0,27.3,179,714,107,35.9,1,0.85,20.9,0.0124,0.55,0.1307,41.14,2.90,266.05,1.2030,0.0216
49,Soil 49,nan,liu02_195.csv,0,liu02_all_config_195.csv,143.2,127.8,12.0,13.3,179,714,107,35.9,1,0.85,20.9,0.0031,0.36,0.0609,41.14,2.90,266.05,1.2030,0.0216
49,Soil 49,nan,liu02_196.csv,0,liu02_all_config_196.csv,127.8,127.8,12.0,0.0,179,714,107,35.9,1,0.85,20.9,0.0000,0.00,0.0000,41.14,2.90,266.05,1.2030,0.0216
50,Soil 50,nan,liu02_197.csv,0,liu02_all_config_197.csv,176.8,119.8,12.0,52.9,600,261,139,62.1,569,1.68,36.1,0.0224,0.58,0.0350,58.19,8.09,320.84,1.0863,0.0285
50,Soil 50,nan,liu02_198.csv,0,liu02_all_config_198.csv,160.8,119.8,12.0,38.0,600,261,139,62.1,569,1.68,36.1,0.0159,0.55,0.0508,58.19,8.09,320.84,1.0863,0.0285
50,Soil 50,nan,liu02_199.csv,0,liu02_all_config_199.csv,139.6,119.8,12.0,18.4,600,261,139,62.1,569,1.68,36.1,0.0082,0.48,0.0707,58.19,8.09,320.84,1.0863,0.0285
50,Soil 50,nan,liu02_200.csv,0,liu02_all_config_200.csv,119.8,119.8,12.0,0.0,600,261,139,62.1,569,1.68,36.1,0.0000,0.00,0.0000,58.19,8.09,320.84,1.0863,0.0285
51,Soil 51,BeiJing(China),liu02_201.csv,0,liu02_all_config_201.csv,165.6,134.7,12.0,25.2,193,552,255,16.5,7,2.99,9.6,0.0054,0.88,0.1026,27.72,804.61,1863.46,1.0991,0.0158
51,Soil 51,BeiJing(China),liu02_202.csv,0,liu02_all_config_202.csv,151,134.7,12.0,13.3,193,552,255,16.5,7,2.99,9.6,0.0073,0.49,0.1520,27.72,804.61,1863.46,1.0991,0.0158
51,Soil 51,BeiJing(China),liu02_203.csv,0,liu02_all_config_203.csv,137.9,134.7,12.0,2.6,193,552,255,16.5,7,2.99,9.6,0.0051,0.05,0.0056,27.72,804.61,1863.46,1.0991,0.0158
51,Soil 51,BeiJing(China),liu02_204.csv,0,liu02_all_config_204.csv,134.7,134.7,12.0,0.0,193,552,255,16.5,7,2.99,9.6,0.0000,0.00,0.0000,27.72,804.61,1863.46,1.0991,0.0158
52,Soil 52,GuangXi(China),liu02_205.csv,0,liu02_all_config_205.csv,180,119.3,12.0,56.6,180,651,168,62.4,2,0.78,36.3,0.0355,0.58,0.0608,62.26,3.84,165.02,1.1248,0.0197
52,Soil 52,GuangXi(China),liu02_206.csv,0,liu02_all_config_206.csv,155.7,119.3,12.0,33.9,180,651,168,62.4,2,0.78,36.3,0.0182,0.54,0.1222,62.26,3.84,165.02,1.1248,0.0197
52,Soil 52,GuangXi(China),liu02_207.csv,0,liu02_all_config_207.csv,138.3,119.3,12.0,17.7,180,651,168,62.4,2,0.78,36.3,0.0052,0.38,0.1188,62.26,3.84,165.02,1.1248,0.0197
52,Soil 52,GuangXi(China),liu02_208.csv,0,liu02_all_config_208.csv,119.3,119.3,12.0,0.0,180,651,168,62.4,2,0.78,36.3,0.0000,0.00,0.0000,62.26,3.84,165.02,1.1248,0.0197
53,Soil 53,HeBei(China),liu02_209.csv,0,liu02_all_config_209.csv,198.1,164.2,12.0,22.3,114,270,616,16.7,1,1.52,9.7,0.0445,0.47,0.0639,22.30,9.39,1052.64,1.1158,0.0098
53,Soil 53,HeBei(China),liu02_210.csv,0,liu02_all_config_210.csv,186.3,164.2,12.0,14.5,114,270,616,16.7,1,1.52,9.7,0.0027,1.00,0.0679,22.30,9.39,1052.64,1.1158,0.0098
53,Soil 53,HeBei(China),liu02_211.csv,0,liu02_all_config_211.csv,170.5,164.2,12.0,4.1,114,270,616,16.7,1,1.52,9.7,0.0057,0.12,0.0369,22.30,9.39,1052.64,1.1158,0.0098
53,Soil 53,HeBei(China),liu02_212.csv,0,liu02_all_config_212.csv,164.2,164.2,12.0,0.0,114,270,616,16.7,1,1.52,9.7,0.0000,0.00,0.0000,22.30,9.39,1052.64,1.1158,0.0098
54,Soil 54,JiangXi(China),liu02_213.csv,0,liu02_all_config_213.csv,174.2,130,12.0,37.5,68,245,687,12.6,1,1.15,7.3,0.0370,0.57,0.0526,41.25,2.17,113.96,1.0920,0.0146
54,Soil 54,JiangXi(China),liu02_214.csv,0,liu02_all_config_214.csv,163.6,130,12.0,28.5,68,245,687,12.6,1,1.15,7.3,0.0339,0.50,0.0758,41.25,2.17,113.96,1.0920,0.0146
54,Soil 54,JiangXi(China),liu02_215.csv,0,liu02_all_config_215.csv,149.5,130,12.0,16.5,68,245,687,12.6,1,1.15,7.3,0.0029,0.95,0.0721,41.25,2.17,113.96,1.0920,0.0146
54,Soil 54,JiangXi(China),liu02_216.csv,0,liu02_all_config_216.csv,130,130,12.0,0.0,68,245,687,12.6,1,1.15,7.3,0.0000,0.00,0.0000,41.25,2.17,113.96,1.0920,0.0146
55,Soil 55,AnHui(China),liu02_217.csv,1,liu02_all_config_217.csv,187,140.7,12.0,36.0,352,620,28,3.8,2,3.49,2.2,0.0064,0.86,0.0000,39.60,16.95,849.89,1.1026,0.0107
55,Soil 55,AnHui(China),liu02_218.csv,0,liu02_all_config_218.csv,174.9,140.7,12.0,26.6,352,620,28,3.8,2,3.49,2.2,0.0044,1.00,0.0011,39.60,16.95,849.89,1.1026,0.0107
55,Soil 55,AnHui(China),liu02_219.csv,0,liu02_all_config_219.csv,159.1,140.7,12.0,14.3,352,620,28,3.8,2,3.49,2.2,0.0027,0.95,0.0000,39.60,16.95,849.89,1.1026,0.0107
55,Soil 55,AnHui(China),liu02_220.csv,0,liu02_all_config_220.csv,140.7,140.7,12.0,0.0,352,620,28,3.8,2,3.49,2.2,0.0000,0.00,0.0000,39.60,16.95,849.89,1.1026,0.0107
56,Soil 56,SiChuan(China),liu02_221.csv,0,liu02_all_config_221.csv,187.6,136.7,12.0,40.8,409,542,49,31.3,4,3.9,18.2,0.0046,1.00,0.0248,44.88,3.71,653.38,1.1152,0.0059
56,Soil 56,SiChuan(China),liu02_222.csv,0,liu02_all_config_222.csv,177.6,136.7,12.0,32.8,409,542,49,31.3,4,3.9,18.2,0.0041,1.00,0.0523,44.88,3.71,653.38,1.1152,0.0059
56,Soil 56,SiChuan(China),liu02_223.csv,0,liu02_all_config_223.csv,160,136.7,12.0,18.7,409,542,49,31.3,4,3.9,18.2,0.0015,0.99,0.0000,44.88,3.71,653.38,1.1152,0.0059
56,Soil 56,SiChuan(China),liu02_224.csv,0,liu02_all_config_224.csv,136.7,136.7,12.0,0.0,409,542,49,31.3,4,3.9,18.2,0.0000,0.00,0.0000,44.88,3.71,653.38,1.1152,0.0059
57,Soil 57,GanSu(China),liu02_225.csv,1,liu02_all_config_225.csv,172.4,128.7,12.0,37.4,175,562,263,13.8,48,2.93,8,0.0031,1.00,0.0284,34.08,735705.85,5183.43,1.0574,0.0115
57,Soil 57,GanSu(China),liu02_226.csv,0,liu02_all_config_226.csv,161.8,128.7,12.0,28.4,175,562,263,13.8,48,2.93,8,0.0033,1.00,0.0910,34.08,735705.85,5183.43,1.0574,0.0115
57,Soil 57,GanSu(China),liu02_227.csv,0,liu02_all_config_227.csv,148.7,128.7,12.0,17.1,175,562,263,13.8,48,2.93,8,0.0026,1.00,0.1353,34.08,735705.85,5183.43,1.0574,0.0115
57,Soil 57,GanSu(China),liu02_228.csv,0,liu02_all_config_228.csv,128.7,128.7,12.0,0.0,175,562,263,13.8,48,2.93,8,0.0000,0.00,0.0000,34.08,735705.85,5183.43,1.0574,0.0115
58,Soil 58,nan,liu02_229.csv,0,liu02_all_config_229.csv,205.6,169.7,12.0,22.8,550,250,200,8.8,977,0.24,5.1,0.0386,0.50,0.0082,25.08,9.53,211.76,1.0642,0.0373
58,Soil 58,nan,liu02_230.csv,0,liu02_all_config_230.csv,194.1,169.7,12.0,15.5,550,250,200,8.8,977,0.24,5.1,0.0341,0.40,0.0127,25.08,9.53,211.76,1.0642,0.0373
58,Soil 58,nan,liu02_231.csv,0,liu02_all_config_231.csv,179.5,169.7,12.0,6.2,550,250,200,8.8,977,0.24,5.1,0.0138,0.35,0.0147,25.08,9.53,211.76,1.0642,0.0373
58,Soil 58,nan,liu02_232.csv,0,liu02_all_config_232.csv,169.7,169.7,12.0,0.0,550,250,200,8.8,977,0.24,5.1,0.0000,0.00,0.0000,25.08,9.53,211.76,1.0642,0.0373
59,Soil 59,Romania,liu02_233.csv,0,liu02_all_config_233.csv,209.1,180.3,12.0,17.1,nan,nan,nan,6.4,1000,0.17,3.7,0.0365,0.43,0.0099,18.81,12.93,305.96,1.0412,0.0438
59,Soil 59,Romania,liu02_234.csv,0,liu02_all_config_234.csv,197.2,180.3,12.0,10.0,nan,nan,nan,6.4,1000,0.17,3.7,0.0233,0.38,0.0143,18.81,12.93,305.96,1.0412,0.0438
59,Soil 59,Romania,liu02_235.csv,0,liu02_all_config_235.csv,183,180.3,12.0,1.6,nan,nan,nan,6.4,1000,0.17,3.7,0.0032,0.15,0.0000,18.81,12.93,305.96,1.0412,0.0438
59,Soil 59,Romania,liu02_236.csv,0,liu02_all_config_236.csv,180.3,180.3,12.0,0.0,nan,nan,nan,6.4,1000,0.17,3.7,0.0000,0.00,0.0000,18.81,12.93,305.96,1.0412,0.0438
60,Soil 60,nan,liu02_237.csv,0,liu02_all_config_237.csv,183.2,146.1,12.0,27.7,nan,nan,nan,15.8,420,1.88,9.2,0.0031,0.95,0.1160,23.46,348.75,4760.36,1.0022,0.0074
60,Soil 60,nan,liu02_238.csv,0,liu02_all_config_238.csv,171.9,146.1,12.0,19.2,nan,nan,nan,15.8,420,1.88,9.2,0.0030,1.00,0.1117,23.46,348.75,4760.36,1.0022,0.0074
60,Soil 60,nan,liu02_239.csv,0,liu02_all_config_239.csv,157.4,146.1,12.0,8.4,nan,nan,nan,15.8,420,1.88,9.2,0.0016,0.70,0.1934,23.46,348.75,4760.36,1.0022,0.0074
60,Soil 60,nan,liu02_240.csv,0,liu02_all_config_240.csv,146.1,146.1,12.0,0.0,nan,nan,nan,15.8,420,1.88,9.2,0.0000,0.00,0.0000,23.46,348.75,4760.36,1.0022,0.0074
61,Soil 61,nan,liu02_241.csv,1,liu02_all_config_241.csv,180.5,141.2,12.0,30.4,453,499,47,11.9,154,4.02,6.9,0.0039,0.93,0.0221,26.19,1188114.73,4920.10,1.0361,0.0150
61,Soil 61,nan,liu02_242.csv,0,liu02_all_config_242.csv,169.3,141.2,12.0,21.7,453,499,47,11.9,154,4.02,6.9,0.0224,0.47,0.0809,26.19,1188114.73,4920.10,1.0361,0.0150
61,Soil 61,nan,liu02_243.csv,0,liu02_all_config_243.csv,154.9,141.2,12.0,10.6,453,499,47,11.9,154,4.02,6.9,0.0056,0.49,0.1762,26.19,1188114.73,4920.10,1.0361,0.0150
61,Soil 61,nan,liu02_244.csv,0,liu02_all_config_244.csv,141.2,141.2,12.0,0.0,453,499,47,11.9,154,4.02,6.9,0.0000,0.00,0.0000,26.19,1188114.73,4920.10,1.0361,0.0150
62,Soil 62,nan,liu02_245.csv,0,liu02_all_config_245.csv,192.7,142.8,12.0,38.1,540,333,127,23.4,107,4.82,13.6,0.0266,0.50,0.0114,41.91,5.51,266.13,1.2068,-0.0011
62,Soil 62,nan,liu02_246.csv,0,liu02_all_config_246.csv,179.4,142.8,12.0,28.0,540,333,127,23.4,107,4.82,13.6,0.0189,0.52,0.0193,41.91,5.51,266.13,1.2068,-0.0011
62,Soil 62,nan,liu02_247.csv,0,liu02_all_config_247.csv,161.5,142.8,12.0,14.3,540,333,127,23.4,107,4.82,13.6,0.0082,0.45,0.0212,41.91,5.51,266.13,1.2068,-0.0011
62,Soil 62,nan,liu02_248.csv,0,liu02_all_config_248.csv,142.8,142.8,12.0,0.0,540,333,127,23.4,107,4.82,13.6,0.0000,0.00,0.0000,41.91,5.51,266.13,1.2068,-0.0011
63,Soil 63,nan,liu02_249.csv,0,liu02_all_config_249.csv,187.3,133.4,12.0,44.4,538,340,123,31.3,290,3.63,18.2,0.0280,0.51,0.0226,48.84,5.59,234.35,1.1476,0.0081
63,Soil 63,nan,liu02_250.csv,0,liu02_all_config_250.csv,169.2,133.4,12.0,29.5,538,340,123,31.3,290,3.63,18.2,0.0219,0.48,0.0387,48.84,5.59,234.35,1.1476,0.0081
63,Soil 63,nan,liu02_251.csv,0,liu02_all_config_251.csv,148.8,133.4,12.0,12.7,538,340,123,31.3,290,3.63,18.2,0.0067,0.34,0.0444,48.84,5.59,234.35,1.1476,0.0081
63,Soil 63,nan,liu02_252.csv,0,liu02_all_config_252.csv,133.4,133.4,12.0,0.0,538,340,123,31.3,290,3.63,18.2,0.0000,0.00,0.0000,48.84,5.59,234.35,1.1476,0.0081
64,Soil 64,LiaoNing(China),liu02_253.csv,1,liu02_all_config_253.csv,190,137.3,12.0,42.1,280,533,187,51.9,2,3.62,30.2,0.0037,0.95,0.0000,36.10,9719.01,5188.53,1.1728,-0.0003
64,Soil 64,LiaoNing(China),liu02_254.csv,0,liu02_all_config_254.csv,175,137.3,12.0,30.1,280,533,187,51.9,2,3.62,30.2,0.0046,1.00,0.0699,36.10,9719.01,5188.53,1.1728,-0.0003
64,Soil 64,LiaoNing(China),liu02_255.csv,0,liu02_all_config_255.csv,148.4,137.3,12.0,8.9,280,533,187,51.9,2,3.62,30.2,0.0076,0.20,0.0729,36.10,9719.01,5188.53,1.1728,-0.0003
64,Soil 64,LiaoNing(China),liu02_256.csv,0,liu02_all_config_256.csv,137.3,137.3,12.0,0.0,280,533,187,51.9,2,3.62,30.2,0.0000,0.00,0.0000,36.10,9719.01,5188.53,1.1728,-0.0003
65,Soil 65,Qingdao Beach(China),liu02_257.csv,0,liu02_all_config_257.csv,189.1,144.2,12.0,34.0,160,526,314,7.1,1,2.41,4.1,0.0326,0.53,0.0427,29.40,9.49,868.95,1.1296,0.0225
65,Soil 65,Qingdao Beach(China),liu02_258.csv,0,liu02_all_config_258.csv,177,144.2,12.0,24.8,160,526,314,7.1,1,2.41,4.1,0.0350,0.51,0.0518,29.40,9.49,868.95,1.1296,0.0225
65,Soil 65,Qingdao Beach(China),liu02_259.csv,0,liu02_all_config_259.csv,161.3,144.2,12.0,12.9,160,526,314,7.1,1,2.41,4.1,0.0026,0.90,0.0155,29.40,9.49,868.95,1.1296,0.0225
65,Soil 65,Qingdao Beach(China),liu02_260.csv,0,liu02_all_config_260.csv,144.2,144.2,12.0,0.0,160,526,314,7.1,1,2.41,4.1,0.0000,0.00,0.0000,29.40,9.49,868.95,1.1296,0.0225
66,Soil 66,nan,liu02_261.csv,0,liu02_all_config_261.csv,207.7,157.4,12.0,34.6,467,279,254,25.3,61,3.78,14.7,0.0217,0.48,0.0000,38.06,11.64,406.18,1.1160,0.0147
66,Soil 66,nan,liu02_262.csv,0,liu02_all_config_262.csv,193.3,157.4,12.0,24.7,467,279,254,25.3,61,3.78,14.7,0.0182,0.44,0.0016,38.06,11.64,406.18,1.1160,0.0147
66,Soil 66,nan,liu02_263.csv,0,liu02_all_config_263.csv,169,157.4,12.0,8.0,467,279,254,25.3,61,3.78,14.7,0.0082,0.31,0.0667,38.06,11.64,406.18,1.1160,0.0147
66,Soil 66,nan,liu02_264.csv,0,liu02_all_config_264.csv,157.4,157.4,12.0,0.0,467,279,254,25.3,61,3.78,14.7,0.0000,0.00,0.0000,38.06,11.64,406.18,1.1160,0.0147
67,Soil 67,FM3B,liu02_265.csv,0,liu02_all_config_265.csv,174.2,134.6,12.0,32.3,157,745,98,20.5,1,1.02,11.9,0.0275,0.52,0.0578,35.53,2.74,213.23,1.0516,0.0442
67,Soil 67,FM3B,liu02_266.csv,0,liu02_all_config_266.csv,163.6,134.6,12.0,23.7,157,745,98,20.5,1,1.02,11.9,0.0164,0.51,0.0822,35.53,2.74,213.23,1.0516,0.0442
67,Soil 67,FM3B,liu02_267.csv,0,liu02_all_config_267.csv,149.8,134.6,12.0,12.4,157,745,98,20.5,1,1.02,11.9,0.0036,0.44,0.0728,35.53,2.74,213.23,1.0516,0.0442
67,Soil 67,FM3B,liu02_268.csv,0,liu02_all_config_268.csv,134.6,134.6,12.0,0.0,157,745,98,20.5,1,1.02,11.9,0.0000,0.00,0.0000,35.53,2.74,213.23,1.0516,0.0442
68,Soil 68,SM4A,liu02_269.csv,1,liu02_all_config_269.csv,174.7,126.1,12.0,42.6,237,638,125,71.4,1,1.71,41.5,0.0251,0.49,0.0649,46.86,2.47,215.54,1.2495,0.0091
68,Soil 68,SM4A,liu02_270.csv,0,liu02_all_config_270.csv,165.7,126.1,12.0,34.7,237,638,125,71.4,1,1.71,41.5,0.0182,0.58,0.1198,46.86,2.47,215.54,1.2495,0.0091
68,Soil 68,SM4A,liu02_271.csv,0,liu02_all_config_271.csv,144.2,126.1,12.0,15.9,237,638,125,71.4,1,1.71,41.5,0.0013,0.78,0.0000,46.86,2.47,215.54,1.2495,0.0091
68,Soil 68,SM4A,liu02_272.csv,0,liu02_all_config_272.csv,126.1,126.1,12.0,0.0,237,638,125,71.4,1,1.71,41.5,0.0000,0.00,0.0000,46.86,2.47,215.54,1.2495,0.0091
69,Soil 69,LM3B,liu02_273.csv,1,liu02_all_config_273.csv,189.9,143.9,12.0,34.9,198,714,88,22,1,1.28,12.8,0.0292,0.44,0.0348,38.39,2.98,202.27,1.0808,0.0421
69,Soil 69,LM3B,liu02_274.csv,0,liu02_all_config_274.csv,180.6,143.9,12.0,27.8,198,714,88,22,1,1.28,12.8,0.0239,0.53,0.0757,38.39,2.98,202.27,1.0808,0.0421
69,Soil 69,LM3B,liu02_275.csv,0,liu02_all_config_275.csv,159.8,143.9,12.0,12.1,198,714,88,22,1,1.28,12.8,0.0035,0.44,0.0811,38.39,2.98,202.27,1.0808,0.0421
69,Soil 69,LM3B,liu02_276.csv,0,liu02_all_config_276.csv,143.9,143.9,12.0,0.0,198,714,88,22,1,1.28,12.8,0.0000,0.00,0.0000,38.39,2.98,202.27,1.0808,0.0421
70,Soil 70,HM1B,liu02_277.csv,0,liu02_all_config_277.csv,176.1,138.2,12.0,30.0,148,733,119,21.5,1,0.71,12.5,0.0245,0.54,0.0842,32.07,2.60,276.10,1.1223,0.0339
70,Soil 70,HM1B,liu02_278.csv,0,liu02_all_config_278.csv,165.7,138.2,12.0,21.8,148,733,119,21.5,1,0.71,12.5,0.0115,0.54,0.1135,32.07,2.60,276.10,1.1223,0.0339
70,Soil 70,HM1B,liu02_279.csv,0,liu02_all_config_279.csv,152.9,138.2,12.0,11.6,148,733,119,21.5,1,0.71,12.5,0.0029,0.49,0.0887,32.07,2.60,276.10,1.1223,0.0339
70,Soil 70,HM1B,liu02_280.csv,0,liu02_all_config_280.csv,138.2,138.2,12.0,0.0,148,733,119,21.5,1,0.71,12.5,0.0000,0.00,0.0000,32.07,2.60,276.10,1.1223,0.0339
71,Soil 71,MM3A,liu02_281.csv,1,liu02_all_config_281.csv,171.7,121.1,12.0,46.4,173,724,103,65,1,0.84,37.8,0.0299,0.53,0.0334,51.04,2.60,203.19,1.1832,0.0294
71,Soil 71,MM3A,liu02_282.csv,0,liu02_all_config_282.csv,162.2,121.1,12.0,37.7,173,724,103,65,1,0.84,37.8,0.0188,0.53,0.0805,51.04,2.60,203.19,1.1832,0.0294
71,Soil 71,MM3A,liu02_283.csv,0,liu02_all_config_283.csv,141.4,121.1,12.0,18.6,173,724,103,65,1,0.84,37.8,0.0039,0.50,0.0319,51.04,2.60,203.19,1.1832,0.0294
71,Soil 71,MM3A,liu02_284.csv,0,liu02_all_config_284.csv,121.1,121.1,12.0,0.0,173,724,103,65,1,0.84,37.8,0.0000,0.00,0.0000,51.04,2.60,203.19,1.1832,0.0294
72,Soil 72,FM1B,liu02_285.csv,0,liu02_all_config_285.csv,184.5,140.9,12.0,33.8,167,740,93,23.9,1,1.11,13.9,0.0256,0.53,0.0606,37.18,2.71,191.28,1.0575,0.0447
72,Soil 72,FM1B,liu02_286.csv,0,liu02_all_config_286.csv,173.3,140.9,12.0,25.1,167,740,93,23.9,1,1.11,13.9,0.0212,0.52,0.0772,37.18,2.71,191.28,1.0575,0.0447
72,Soil 72,FM1B,liu02_287.csv,0,liu02_all_config_287.csv,159.6,140.9,12.0,14.5,167,740,93,23.9,1,1.11,13.9,0.0046,0.56,0.0828,37.18,2.71,191.28,1.0575,0.0447
72,Soil 72,FM1B,liu02_288.csv,0,liu02_all_config_288.csv,140.9,140.9,12.0,0.0,167,740,93,23.9,1,1.11,13.9,0.0000,0.00,0.0000,37.18,2.71,191.28,1.0575,0.0447
73,Soil 73,Pierroton 4,liu02_289.csv,0,liu02_all_config_289.csv,189.3,151.4,12.0,27.2,11,39,950,34.7,1,0.12,20.2,0.0040,0.93,0.1341,29.92,13.64,1243.34,1.2184,0.0015
73,Soil 73,Pierroton 4,liu02_290.csv,0,liu02_all_config_290.csv,177.1,151.4,12.0,18.4,11,39,950,34.7,1,0.12,20.2,0.0026,0.99,0.1087,29.92,13.64,1243.34,1.2184,0.0015
73,Soil 73,Pierroton 4,liu02_291.csv,0,liu02_all_config_291.csv,162,151.4,12.0,7.6,11,39,950,34.7,1,0.12,20.2,0.0012,0.96,0.0001,29.92,13.64,1243.34,1.2184,0.0015
73,Soil 73,Pierroton 4,liu02_292.csv,0,liu02_all_config_292.csv,151.4,151.4,12.0,0.0,11,39,950,34.7,1,0.12,20.2,0.0000,0.00,0.0000,29.92,13.64,1243.34,1.2184,0.0015
74,Soil 74,HF0A(45),liu02_293.csv,0,liu02_all_config_293.csv,168.1,114.1,12.0,52.9,143,729,128,93.9,1,0.69,54.6,0.0219,0.58,0.0465,54.95,3.51,355.88,1.1946,0.0338
74,Soil 74,HF0A(45),liu02_294.csv,0,liu02_all_config_294.csv,156.3,114.1,12.0,41.3,143,729,128,93.9,1,0.69,54.6,0.0123,0.54,0.0530,54.95,3.51,355.88,1.1946,0.0338
74,Soil 74,HF0A(45),liu02_295.csv,0,liu02_all_config_295.csv,132.5,114.1,12.0,18.0,143,729,128,93.9,1,0.69,54.6,0.0047,0.32,0.0000,54.95,3.51,355.88,1.1946,0.0338
74,Soil 74,HF0A(45),liu02_296.csv,0,liu02_all_config_296.csv,114.1,114.1,12.0,0.0,143,729,128,93.9,1,0.69,54.6,0.0000,0.00,0.0000,54.95,3.51,355.88,1.1946,0.0338
75,Soil 75,STSYM,liu02_297.csv,0,liu02_all_config_297.csv,204.5,158.9,12.0,31.0,3,33,964,29.9,1,0.04,17.4,0.0072,1.00,0.0774,31.00,56.22,2089.38,1.1571,-0.0004
75,Soil 75,STSYM,liu02_298.csv,0,liu02_all_config_298.csv,190.5,158.9,12.0,21.5,3,33,964,29.9,1,0.04,17.4,0.0023,1.00,0.1202,31.00,56.22,2089.38,1.1571,-0.0004
75,Soil 75,STSYM,liu02_299.csv,0,liu02_all_config_299.csv,165.8,158.9,12.0,4.7,3,33,964,29.9,1,0.04,17.4,0.0035,0.31,0.2474,31.00,56.22,2089.38,1.1571,-0.0004
75,Soil 75,STSYM,liu02_300.csv,0,liu02_all_config_300.csv,158.9,158.9,12.0,0.0,3,33,964,29.9,1,0.04,17.4,0.0000,0.00,0.0000,31.00,56.22,2089.38,1.1571,-0.0004
76,Soil 76,BRAY1 A2,liu02_301.csv,0,liu02_all_config_301.csv,222.8,190.7,12.0,18.0,2,9,989,3.4,1,0.03,2,0.0348,0.56,0.0379,18.00,179.00,855.65,1.1781,0.0131
76,Soil 76,BRAY1 A2,liu02_302.csv,0,liu02_all_config_302.csv,202.3,190.7,12.0,6.5,2,9,989,3.4,1,0.03,2,0.0125,0.43,0.0591,18.00,179.00,855.65,1.1781,0.0131
76,Soil 76,BRAY1 A2,liu02_303.csv,0,liu02_all_config_303.csv,190.9,190.7,12.0,0.1,2,9,989,3.4,1,0.03,2,0.0000,0.00,0.0000,18.00,179.00,855.65,1.1781,0.0131
76,Soil 76,BRAY1 A2,liu02_304.csv,0,liu02_all_config_304.csv,190.7,190.7,12.0,0.0,2,9,989,3.4,1,0.03,2,0.0000,0.00,0.0000,18.00,179.00,855.65,1.1781,0.0131
77,Soil 77,nan,liu02_305.csv,0,liu02_all_config_305.csv,203.4,155.2,12.0,33.7,17,34,949,36.3,1,0.14,21.1,0.0510,0.52,0.0599,33.72,9.21,354.44,1.2637,-0.0004
77,Soil 77,nan,liu02_306.csv,0,liu02_all_config_306.csv,188.4,155.2,12.0,23.2,17,34,949,36.3,1,0.14,21.1,0.0170,0.50,0.1712,33.72,9.21,354.44,1.2637,-0.0004
77,Soil 77,nan,liu02_307.csv,0,liu02_all_config_307.csv,162.9,155.2,12.0,5.4,17,34,949,36.3,1,0.14,21.1,0.0061,0.26,0.1310,33.72,9.21,354.44,1.2637,-0.0004
77,Soil 77,nan,liu02_308.csv,0,liu02_all_config_308.csv,155.2,155.2,12.0,0.0,17,34,949,36.3,1,0.14,21.1,0.0000,0.00,0.0000,33.72,9.21,354.44,1.2637,-0.0004
78,Soil 78,nan,liu02_309.csv,1,liu02_all_config_309.csv,201.6,155.1,12.0,32.5,172,703,124,10.7,145,2.63,6.2,0.0040,1.00,0.0300,35.75,83135.04,3422.34,1.0663,0.0099
78,Soil 78,nan,liu02_310.csv,0,liu02_all_config_310.csv,185.2,155.1,12.0,21.0,172,703,124,10.7,145,2.63,6.2,0.0034,1.00,0.0807,35.75,83135.04,3422.34,1.0663,0.0099
78,Soil 78,nan,liu02_311.csv,0,liu02_all_config_311.csv,160.7,155.1,12.0,3.9,172,703,124,10.7,145,2.63,6.2,0.0092,0.06,0.0000,35.75,83135.04,3422.34,1.0663,0.0099
78,Soil 78,nan,liu02_312.csv,0,liu02_all_config_312.csv,155.1,155.1,12.0,0.0,172,703,124,10.7,145,2.63,6.2,0.0000,0.00,0.0000,35.75,83135.04,3422.34,1.0663,0.0099
79,Soil 79,nan,liu02_313.csv,0,liu02_all_config_313.csv,164,127.3,12.0,31.8,144,284,572,36.6,2,0.81,21.3,0.0242,0.55,0.0601,34.98,2.67,244.16,1.1275,0.0313
79,Soil 79,nan,liu02_314.csv,0,liu02_all_config_314.csv,147.5,127.3,12.0,17.5,144,284,572,36.6,2,0.81,21.3,0.0072,0.56,0.0554,34.98,2.67,244.16,1.1275,0.0313
79,Soil 79,nan,liu02_315.csv,0,liu02_all_config_315.csv,127.3,127.3,12.0,0.0,144,284,572,36.6,2,0.81,21.3,0.0000,0.00,0.0000,34.98,2.67,244.16,1.1275,0.0313
80,Soil 80,nan,liu02_316.csv,1,liu02_all_config_316.csv,192.1,128.6,12.0,54.5,495,499,5,28.9,225,4.3,16.8,0.0222,0.50,0.0526,59.95,20.00,414.71,1.0659,0.0128
80,Soil 80,nan,liu02_317.csv,0,liu02_all_config_317.csv,175.6,128.6,12.0,40.3,495,499,5,28.9,225,4.3,16.8,0.0186,0.52,0.0765,59.95,20.00,414.71,1.0659,0.0128
80,Soil 80,nan,liu02_318.csv,0,liu02_all_config_318.csv,150.2,128.6,12.0,18.5,495,499,5,28.9,225,4.3,16.8,0.0104,0.49,0.1449,59.95,20.00,414.71,1.0659,0.0128
80,Soil 80,nan,liu02_319.csv,0,liu02_all_config_319.csv,128.6,128.6,12.0,0.0,495,499,5,28.9,225,4.3,16.8,0.0000,0.00,0.0000,59.95,20.00,414.71,1.0659,0.0128
81,Soil 81,nan,liu02_320.csv,1,liu02_all_config_320.csv,195.2,148.3,12.0,34.4,252,572,176,27.5,62,4.38,16,0.0036,1.00,0.0502,30.05,8861.63,5183.49,1.1042,0.0129
81,Soil 81,nan,liu02_321.csv,0,liu02_all_config_321.csv,183.3,148.3,12.0,25.7,252,572,176,27.5,62,4.38,16,0.0051,0.89,0.1130,30.05,8861.63,5183.49,1.1042,0.0129
81,Soil 81,nan,liu02_322.csv,0,liu02_all_config_322.csv,161.3,148.3,12.0,9.5,252,572,176,27.5,62,4.38,16,0.0052,0.31,0.1883,30.05,8861.63,5183.49,1.1042,0.0129
81,Soil 81,nan,liu02_323.csv,0,liu02_all_config_323.csv,148.3,148.3,12.0,0.0,252,572,176,27.5,62,4.38,16,0.0000,0.00,0.0000,30.05,8861.63,5183.49,1.1042,0.0129
82,Soil 82,nan,liu02_324.csv,0,liu02_all_config_324.csv,191.6,148.8,12.0,31.3,285,469,245,14.3,22,4.09,8.3,0.0047,0.93,0.0613,26.95,1087.68,3903.31,1.1062,0.0119
82,Soil 82,nan,liu02_325.csv,0,liu02_all_config_325.csv,179.7,148.8,12.0,22.6,285,469,245,14.3,22,4.09,8.3,0.0052,0.86,0.0947,26.95,1087.68,3903.31,1.1062,0.0119
82,Soil 82,nan,liu02_326.csv,0,liu02_all_config_326.csv,158.6,148.8,12.0,7.2,285,469,245,14.3,22,4.09,8.3,0.0068,0.23,0.1209,26.95,1087.68,3903.31,1.1062,0.0119
82,Soil 82,nan,liu02_327.csv,0,liu02_all_config_327.csv,148.8,148.8,12.0,0.0,285,469,245,14.3,22,4.09,8.3,0.0000,0.00,0.0000,26.95,1087.68,3903.31,1.1062,0.0119
83,Soil 83,nan,liu02_328.csv,0,liu02_all_config_328.csv,196.7,151,12.0,32.9,270,481,249,21.7,7,2.83,12.6,0.0272,0.52,0.0592,36.19,5.93,260.80,1.1195,0.0208
83,Soil 83,nan,liu02_329.csv,0,liu02_all_config_329.csv,183.5,151,12.0,23.4,270,481,249,21.7,7,2.83,12.6,0.0186,0.52,0.0946,36.19,5.93,260.80,1.1195,0.0208
83,Soil 83,nan,liu02_330.csv,0,liu02_all_config_330.csv,162,151,12.0,7.9,270,481,249,21.7,7,2.83,12.6,0.0056,0.28,0.0745,36.19,5.93,260.80,1.1195,0.0208
83,Soil 83,nan,liu02_331.csv,0,liu02_all_config_331.csv,151,151,12.0,0.0,270,481,249,21.7,7,2.83,12.6,0.0000,0.00,0.0000,36.19,5.93,260.80,1.1195,0.0208
84,Soil 84,nan,liu02_332.csv,0,liu02_all_config_332.csv,205.2,147.6,12.0,42.5,457,348,194,14.6,36,4.07,8.5,0.0289,0.46,0.0257,46.75,12.89,283.64,1.1220,0.0101
84,Soil 84,nan,liu02_333.csv,0,liu02_all_config_333.csv,183.8,147.6,12.0,26.7,457,348,194,14.6,36,4.07,8.5,0.0257,0.46,0.0401,46.75,12.89,283.64,1.1220,0.0101
84,Soil 84,nan,liu02_334.csv,0,liu02_all_config_334.csv,156.1,147.6,12.0,6.3,457,348,194,14.6,36,4.07,8.5,0.0065,0.19,0.0703,46.75,12.89,283.64,1.1220,0.0101
84,Soil 84,nan,liu02_335.csv,0,liu02_all_config_335.csv,147.6,147.6,12.0,0.0,457,348,194,14.6,36,4.07,8.5,0.0000,0.00,0.0000,46.75,12.89,283.64,1.1220,0.0101
85,Soil 85,nan,liu02_336.csv,0,liu02_all_config_336.csv,209,154.2,12.0,38.5,297,223,480,13.9,36,3.04,8.1,0.0347,0.52,0.0335,42.35,25.47,266.11,1.1274,0.0121
85,Soil 85,nan,liu02_337.csv,0,liu02_all_config_337.csv,188.8,154.2,12.0,24.3,297,223,480,13.9,36,3.04,8.1,0.0289,0.50,0.0420,42.35,25.47,266.11,1.1274,0.0121
85,Soil 85,nan,liu02_338.csv,0,liu02_all_config_338.csv,161.5,154.2,12.0,5.1,297,223,480,13.9,36,3.04,8.1,0.0080,0.13,0.0000,42.35,25.47,266.11,1.1274,0.0121
85,Soil 85,nan,liu02_339.csv,0,liu02_all_config_339.csv,154.2,154.2,12.0,0.0,297,223,480,13.9,36,3.04,8.1,0.0000,0.00,0.0000,42.35,25.47,266.11,1.1274,0.0121
86,Soil 86,nan,liu02_340.csv,1,liu02_all_config_340.csv,179.5,130.6,12.0,41.2,668,268,64,15.7,66,4.84,9.1,0.0432,0.18,0.0000,34.43,2720767.35,2145.67,1.1336,0.0114
86,Soil 86,nan,liu02_341.csv,1,liu02_all_config_341.csv,163.1,130.6,12.0,27.4,668,268,64,15.7,66,4.84,9.1,0.0263,0.36,0.0006,34.43,2720767.35,2145.67,1.1336,0.0114
86,Soil 86,nan,liu02_342.csv,0,liu02_all_config_342.csv,140.5,130.6,12.0,8.3,668,268,64,15.7,66,4.84,9.1,0.0179,0.38,0.1089,34.43,2720767.35,2145.67,1.1336,0.0114
86,Soil 86,nan,liu02_343.csv,0,liu02_all_config_343.csv,130.6,130.6,12.0,0.0,668,268,64,15.7,66,4.84,9.1,0.0000,0.00,0.0000,34.43,2720767.35,2145.67,1.1336,0.0114
87,Soil 87,nan,liu02_344.csv,1,liu02_all_config_344.csv,172.6,124.4,12.0,42.9,665,292,43,23.4,1,4.89,13.6,0.0000,0.00,0.0000,24.93,0.00,200.28,1.1386,0.0049
87,Soil 87,nan,liu02_345.csv,1,liu02_all_config_345.csv,152.5,124.4,12.0,25.0,665,292,43,23.4,1,4.89,13.6,0.0252,0.22,0.0000,24.93,0.00,200.28,1.1386,0.0049
87,Soil 87,nan,liu02_346.csv,0,liu02_all_config_346.csv,132.2,124.4,12.0,6.9,665,292,43,23.4,1,4.89,13.6,0.0010,0.66,0.0000,24.93,0.00,200.28,1.1386,0.0049
87,Soil 87,nan,liu02_347.csv,0,liu02_all_config_347.csv,124.4,124.4,12.0,0.0,665,292,43,23.4,1,4.89,13.6,0.0000,0.00,0.0000,24.93,0.00,200.28,1.1386,0.0049
88,Soil 88,nan,liu02_348.csv,0,liu02_all_config_348.csv,202.5,159.7,12.0,29.0,55,99,846,10,1,2.31,5.8,0.0470,0.57,0.0125,29.06,30.43,360.08,1.1815,0.0086
88,Soil 88,nan,liu02_349.csv,0,liu02_all_config_349.csv,181.4,159.7,12.0,14.7,55,99,846,10,1,2.31,5.8,0.0204,0.47,0.0394,29.06,30.43,360.08,1.1815,0.0086
88,Soil 88,nan,liu02_350.csv,0,liu02_all_config_350.csv,161.2,159.7,12.0,1.0,55,99,846,10,1,2.31,5.8,0.0086,0.03,0.0000,29.06,30.43,360.08,1.1815,0.0086
88,Soil 88,nan,liu02_351.csv,0,liu02_all_config_351.csv,159.7,159.7,12.0,0.0,55,99,846,10,1,2.31,5.8,0.0000,0.00,0.0000,29.06,30.43,360.08,1.1815,0.0086
89,Soil 89,nan,liu02_352.csv,0,liu02_all_config_352.csv,182.5,122.1,12.0,54.9,338,90,572,64.8,1,4.05,37.7,0.0315,0.53,0.0159,55.95,90.46,510.41,1.1738,0.0304
89,Soil 89,nan,liu02_353.csv,0,liu02_all_config_353.csv,175.2,122.1,12.0,48.2,338,90,572,64.8,1,4.05,37.7,0.0242,0.51,0.0155,55.95,90.46,510.41,1.1738,0.0304
89,Soil 89,nan,liu02_354.csv,0,liu02_all_config_354.csv,156.4,122.1,12.0,31.2,338,90,572,64.8,1,4.05,37.7,0.0203,0.46,0.0178,55.95,90.46,510.41,1.1738,0.0304
89,Soil 89,nan,liu02_355.csv,0,liu02_all_config_355.csv,122.1,122.1,12.0,0.0,338,90,572,64.8,1,4.05,37.7,0.0000,0.00,0.0000,55.95,90.46,510.41,1.1738,0.0304
90,Soil 90,nan,liu02_356.csv,0,liu02_all_config_356.csv,179.4,124,12.0,49.5,232,68,700,36.3,1,4.63,21.1,0.0499,0.55,0.0208,54.45,5.74,140.89,1.1210,0.0322
90,Soil 90,nan,liu02_357.csv,0,liu02_all_config_357.csv,164.2,124,12.0,35.9,232,68,700,36.3,1,4.63,21.1,0.0353,0.50,0.0273,54.45,5.74,140.89,1.1210,0.0322
90,Soil 90,nan,liu02_358.csv,0,liu02_all_config_358.csv,156,124,12.0,28.6,232,68,700,36.3,1,4.63,21.1,0.0240,0.53,0.0290,54.45,5.74,140.89,1.1210,0.0322
90,Soil 90,nan,liu02_359.csv,0,liu02_all_config_359.csv,124,124,12.0,0.0,232,68,700,36.3,1,4.63,21.1,0.0000,0.00,0.0000,54.45,5.74,140.89,1.1210,0.0322
91,Soil 91,nan,liu02_360.csv,0,liu02_all_config_360.csv,172.3,123.4,12.0,43.9,159,109,732,16.2,1,5.25,9.4,0.0581,0.53,0.0188,43.90,63.94,618.77,1.0876,0.0215
91,Soil 91,nan,liu02_361.csv,0,liu02_all_config_361.csv,157.8,123.4,12.0,30.9,159,109,732,16.2,1,5.25,9.4,0.0082,0.99,0.0222,43.90,63.94,618.77,1.0876,0.0215
91,Soil 91,nan,liu02_362.csv,0,liu02_all_config_362.csv,150.1,123.4,12.0,24.0,159,109,732,16.2,1,5.25,9.4,0.0075,0.94,0.0246,43.90,63.94,618.77,1.0876,0.0215
91,Soil 91,nan,liu02_363.csv,0,liu02_all_config_363.csv,123.4,123.4,12.0,0.0,159,109,732,16.2,1,5.25,9.4,0.0000,0.00,0.0000,43.90,63.94,618.77,1.0876,0.0215
92,Soil 92,nan,liu02_364.csv,0,liu02_all_config_364.csv,217.8,188.5,12.0,16.6,5,22,973,0.7,1,0.06,0.4,0.0520,0.50,0.0145,18.15,4.99,152.83,1.0469,0.0287
92,Soil 92,nan,liu02_365.csv,0,liu02_all_config_365.csv,204.7,188.5,12.0,9.2,5,22,973,0.7,1,0.06,0.4,0.0363,0.30,0.0209,18.15,4.99,152.83,1.0469,0.0287
92,Soil 92,nan,liu02_366.csv,0,liu02_all_config_366.csv,196.9,188.5,12.0,4.8,5,22,973,0.7,1,0.06,0.4,0.0145,0.26,0.0175,18.15,4.99,152.83,1.0469,0.0287
92,Soil 92,nan,liu02_367.csv,0,liu02_all_config_367.csv,188.5,188.5,12.0,0.0,5,22,973,0.7,1,0.06,0.4,0.0000,0.00,0.0000,18.15,4.99,152.83,1.0469,0.0287