ID,Name,Origin,Refl_file,Specular,SMCg,Clay,Fine_silt,Coarse_silt,Silt,Fine_sand,Coarse_sand,Sand,Fine_dirt,Gravels,Rocks,L,eps,d,K,a,psi,Slope,Intercept
1,11Belvis,Belvis (Aude) ,les08_001.csv,1,78,287,377,106,483,77,153,230,920,3.66,76.1,0.0616,0.62,0.0108,85.80,1.52,66.06,1.0748,0.0213
1,11Belvis,Belvis (Aude) ,les08_002.csv,0,66,287,377,106,483,77,153,230,920,3.66,76.1,0.0423,0.53,0.0309,85.80,1.52,66.06,1.0748,0.0213
1,11Belvis,Belvis (Aude) ,les08_003.csv,0,53,287,377,106,483,77,153,230,920,3.66,76.1,0.0050,0.97,0.0456,85.80,1.52,66.06,1.0748,0.0213
1,11Belvis,Belvis (Aude) ,les08_004.csv,0,41,287,377,106,483,77,153,230,920,3.66,76.1,0.0048,0.94,0.0441,85.80,1.52,66.06,1.0748,0.0213
1,11Belvis,Belvis (Aude) ,les08_005.csv,0,30,287,377,106,483,77,153,230,920,3.66,76.1,0.0167,0.50,0.0789,85.80,1.52,66.06,1.0748,0.0213
1,11Belvis,Belvis (Aude) ,les08_006.csv,0,0,287,377,106,483,77,153,230,920,3.66,76.1,0.0000,0.00,0.0000,85.80,1.52,66.06,1.0748,0.0213
2,11Malves,Malves (Aude),les08_007.csv,1,40,109,126,156,282,338,271,609,925,2.73,72.2,0.0664,0.63,0.0066,40.36,8.52,303.52,1.0981,0.0218
2,11Malves,Malves (Aude),les08_008.csv,0,31,109,126,156,282,338,271,609,925,2.73,72.2,0.0192,0.54,0.0465,40.36,8.52,303.52,1.0981,0.0218
2,11Malves,Malves (Aude),les08_009.csv,0,18,109,126,156,282,338,271,609,925,2.73,72.2,0.0146,0.47,0.0633,40.36,8.52,303.52,1.0981,0.0218
2,11Malves,Malves (Aude),les08_010.csv,0,7,109,126,156,282,338,271,609,925,2.73,72.2,0.0056,0.19,0.0261,40.36,8.52,303.52,1.0981,0.0218
2,11Malves,Malves (Aude),les08_011.csv,0,0,109,126,156,282,338,271,609,925,2.73,72.2,0.0000,0.00,0.0000,40.36,8.52,303.52,1.0981,0.0218
3,12Vabres,Vabres (Gard),les08_012.csv,0,47,268,187,83,270,143,319,462,885,6.74,108,0.0065,0.92,0.0000,51.70,5.88,609.89,1.1684,0.0100
3,12Vabres,Vabres (Gard),les08_013.csv,0,38,268,187,83,270,143,319,462,885,6.74,108,0.0048,0.95,0.0000,51.70,5.88,609.89,1.1684,0.0100
3,12Vabres,Vabres (Gard),les08_014.csv,0,29,268,187,83,270,143,319,462,885,6.74,108,0.0037,0.98,0.0000,51.70,5.88,609.89,1.1684,0.0100
3,12Vabres,Vabres (Gard),les08_015.csv,0,21,268,187,83,270,143,319,462,885,6.74,108,0.0026,0.93,0.0000,51.70,5.88,609.89,1.1684,0.0100
3,12Vabres,Vabres (Gard),les08_016.csv,0,15,268,187,83,270,143,319,462,885,6.74,108,0.0022,0.51,0.0000,51.70,5.88,609.89,1.1684,0.0100
3,12Vabres,Vabres (Gard),les08_017.csv,0,0,268,187,83,270,143,319,462,885,6.74,108,0.0000,0.00,0.0000,51.70,5.88,609.89,1.1684,0.0100
4,13Crau1,Crau (Var),les08_018.csv,0,63,271,224,109,333,185,211,396,979,0.3444,20.3,0.0379,0.61,0.0289,68.34,13.79,223.25,1.1937,0.0070
4,13Crau1,Crau (Var),les08_019.csv,0,52,271,224,109,333,185,211,396,979,0.3444,20.3,0.0295,0.56,0.0508,68.34,13.79,223.25,1.1937,0.0070
4,13Crau1,Crau (Var),les08_020.csv,0,41,271,224,109,333,185,211,396,979,0.3444,20.3,0.0264,0.54,0.0590,68.34,13.79,223.25,1.1937,0.0070
4,13Crau1,Crau (Var),les08_021.csv,0,32,271,224,109,333,185,211,396,979,0.3444,20.3,0.0196,0.55,0.0615,68.34,13.79,223.25,1.1937,0.0070
4,13Crau1,Crau (Var),les08_022.csv,0,22,271,224,109,333,185,211,396,979,0.3444,20.3,0.0178,0.48,0.0872,68.34,13.79,223.25,1.1937,0.0070
4,13Crau1,Crau (Var),les08_023.csv,0,0,271,224,109,333,185,211,396,979,0.3444,20.3,0.0000,0.00,0.0000,68.34,13.79,223.25,1.1937,0.0070
5,13Crau2,Crau (Var),les08_024.csv,0,53,214,197,119,316,240,230,470,nan,nan,nan,0.0351,0.60,0.0341,58.30,9.80,185.46,1.1678,0.0118
5,13Crau2,Crau (Var),les08_025.csv,0,39,214,197,119,316,240,230,470,nan,nan,nan,0.0311,0.56,0.0444,58.30,9.80,185.46,1.1678,0.0118
5,13Crau2,Crau (Var),les08_026.csv,0,31,214,197,119,316,240,230,470,nan,nan,nan,0.0237,0.56,0.0620,58.30,9.80,185.46,1.1678,0.0118
5,13Crau2,Crau (Var),les08_027.csv,0,23,214,197,119,316,240,230,470,nan,nan,nan,0.0199,0.52,0.0789,58.30,9.80,185.46,1.1678,0.0118
5,13Crau2,Crau (Var),les08_028.csv,0,16,214,197,119,316,240,230,470,nan,nan,nan,0.0133,0.46,0.0988,58.30,9.80,185.46,1.1678,0.0118
5,13Crau2,Crau (Var),les08_029.csv,0,0,214,197,119,316,240,230,470,nan,nan,nan,0.0000,0.00,0.0000,58.30,9.80,185.46,1.1678,0.0118
6,24Coulounieix,Coulounieix (Dordogne),les08_030.csv,1,49,302,271,142,413,68,217,285,931,5.81,63.2,0.0235,0.53,0.0000,53.90,3.88,240.20,1.0232,0.0378
6,24Coulounieix,Coulounieix (Dordogne),les08_031.csv,1,38,302,271,142,413,68,217,285,931,5.81,63.2,0.0187,0.54,0.0020,53.90,3.88,240.20,1.0232,0.0378
6,24Coulounieix,Coulounieix (Dordogne),les08_032.csv,0,28,302,271,142,413,68,217,285,931,5.81,63.2,0.0141,0.47,0.0424,53.90,3.88,240.20,1.0232,0.0378
6,24Coulounieix,Coulounieix (Dordogne),les08_033.csv,0,20,302,271,142,413,68,217,285,931,5.81,63.2,0.0091,0.30,0.0248,53.90,3.88,240.20,1.0232,0.0378
6,24Coulounieix,Coulounieix (Dordogne),les08_034.csv,0,15,302,271,142,413,68,217,285,931,5.81,63.2,0.0106,0.16,0.0000,53.90,3.88,240.20,1.0232,0.0378
6,24Coulounieix,Coulounieix (Dordogne),les08_035.csv,0,0,302,271,142,413,68,217,285,931,5.81,63.2,0.0000,0.00,0.0000,53.90,3.88,240.20,1.0232,0.0378
7,30BleA,Camargue,les08_036.csv,0,55,240,404,167,571,182,7,189,1000,0,0,0.0310,0.55,0.0520,49.50,2.92,560.12,1.1206,0.0053
7,30BleA,Camargue,les08_037.csv,0,44,240,404,167,571,182,7,189,1000,0,0,0.0323,0.51,0.0722,49.50,2.92,560.12,1.1206,0.0053
7,30BleA,Camargue,les08_038.csv,0,35,240,404,167,571,182,7,189,1000,0,0,0.0035,1.00,0.0867,49.50,2.92,560.12,1.1206,0.0053
7,30BleA,Camargue,les08_039.csv,0,26,240,404,167,571,182,7,189,1000,0,0,0.0021,0.96,0.1052,49.50,2.92,560.12,1.1206,0.0053
7,30BleA,Camargue,les08_040.csv,0,17,240,404,167,571,182,7,189,1000,0,0,0.0009,0.88,0.0000,49.50,2.92,560.12,1.1206,0.0053
7,30BleA,Camargue,les08_041.csv,0,0,240,404,167,571,182,7,189,1000,0,0,0.0000,0.00,0.0000,49.50,2.92,560.12,1.1206,0.0053
8,30BleB,Camargue,les08_042.csv,0,66,236,373,200,573,181,10,191,nan,nan,nan,0.0077,0.96,0.0348,70.02,7.12,676.64,1.1102,0.0046
8,30BleB,Camargue,les08_043.csv,0,55,236,373,200,573,181,10,191,nan,nan,nan,0.0044,1.00,0.0473,70.02,7.12,676.64,1.1102,0.0046
8,30BleB,Camargue,les08_044.csv,0,43,236,373,200,573,181,10,191,nan,nan,nan,0.0038,1.00,0.0517,70.02,7.12,676.64,1.1102,0.0046
8,30BleB,Camargue,les08_045.csv,0,32,236,373,200,573,181,10,191,nan,nan,nan,0.0028,1.00,0.0460,70.02,7.12,676.64,1.1102,0.0046
8,30BleB,Camargue,les08_046.csv,0,22,236,373,200,573,181,10,191,nan,nan,nan,0.0017,0.90,0.0471,70.02,7.12,676.64,1.1102,0.0046
8,30BleB,Camargue,les08_047.csv,0,0,236,373,200,573,181,10,191,nan,nan,nan,0.0000,0.00,0.0000,70.02,7.12,676.64,1.1102,0.0046
9,30BleC,Camargue,les08_048.csv,0,58,194,337,199,536,260,10,270,nan,nan,nan,0.0067,1.00,0.0461,49.54,13.49,1096.86,1.1164,0.0047
9,30BleC,Camargue,les08_049.csv,0,50,194,337,199,536,260,10,270,nan,nan,nan,0.0047,1.00,0.0683,49.54,13.49,1096.86,1.1164,0.0047
9,30BleC,Camargue,les08_050.csv,0,39,194,337,199,536,260,10,270,nan,nan,nan,0.0269,0.50,0.0850,49.54,13.49,1096.86,1.1164,0.0047
9,30BleC,Camargue,les08_051.csv,0,29,194,337,199,536,260,10,270,nan,nan,nan,0.0030,1.00,0.0670,49.54,13.49,1096.86,1.1164,0.0047
9,30BleC,Camargue,les08_052.csv,0,21,194,337,199,536,260,10,270,nan,nan,nan,0.0020,0.95,0.0528,49.54,13.49,1096.86,1.1164,0.0047
9,30BleC,Camargue,les08_053.csv,0,0,194,337,199,536,260,10,270,nan,nan,nan,0.0000,0.00,0.0000,49.54,13.49,1096.86,1.1164,0.0047
10,30LuzerneA,Camargue,les08_054.csv,1,54,258,410,175,585,134,23,157,nan,nan,nan,0.0363,0.53,0.0272,54.43,2.18,259.10,1.1037,0.0128
10,30LuzerneA,Camargue,les08_055.csv,0,45,258,410,175,585,134,23,157,nan,nan,nan,0.0048,1.00,0.0224,54.43,2.18,259.10,1.1037,0.0128
10,30LuzerneA,Camargue,les08_056.csv,0,35,258,410,175,585,134,23,157,nan,nan,nan,0.0036,1.00,0.0268,54.43,2.18,259.10,1.1037,0.0128
10,30LuzerneA,Camargue,les08_057.csv,0,26,258,410,175,585,134,23,157,nan,nan,nan,0.0113,0.50,0.0868,54.43,2.18,259.10,1.1037,0.0128
10,30LuzerneA,Camargue,les08_058.csv,0,19,258,410,175,585,134,23,157,nan,nan,nan,0.0065,0.44,0.0878,54.43,2.18,259.10,1.1037,0.0128
10,30LuzerneA,Camargue,les08_059.csv,0,0,258,410,175,585,134,23,157,nan,nan,nan,0.0000,0.00,0.0000,54.43,2.18,259.10,1.1037,0.0128
11,30LuzerneB,Camargue,les08_060.csv,0,48,177,195,105,300,408,115,523,nan,nan,nan,0.0343,0.57,0.0372,47.54,3.69,400.17,1.1461,0.0065
11,30LuzerneB,Camargue,les08_061.csv,0,39,177,195,105,300,408,115,523,nan,nan,nan,0.0046,1.00,0.0400,47.54,3.69,400.17,1.1461,0.0065
11,30LuzerneB,Camargue,les08_062.csv,0,29,177,195,105,300,408,115,523,nan,nan,nan,0.0032,1.00,0.0310,47.54,3.69,400.17,1.1461,0.0065
11,30LuzerneB,Camargue,les08_063.csv,0,20,177,195,105,300,408,115,523,nan,nan,nan,0.0099,0.50,0.0971,47.54,3.69,400.17,1.1461,0.0065
11,30LuzerneB,Camargue,les08_064.csv,0,12,177,195,105,300,408,115,523,nan,nan,nan,0.0049,0.32,0.1335,47.54,3.69,400.17,1.1461,0.0065
11,30LuzerneB,Camargue,les08_065.csv,0,0,177,195,105,300,408,115,523,nan,nan,nan,0.0000,0.00,0.0000,47.54,3.69,400.17,1.1461,0.0065
12,30LuzerneC,Camargue,les08_066.csv,1,49,124,132,73,205,458,213,671,nan,nan,nan,0.0456,0.57,0.0188,48.60,5.40,540.18,1.1806,0.0038
12,30LuzerneC,Camargue,les08_067.csv,0,41,124,132,73,205,458,213,671,nan,nan,nan,0.0069,0.95,0.0397,48.60,5.40,540.18,1.1806,0.0038
12,30LuzerneC,Camargue,les08_068.csv,0,33,124,132,73,205,458,213,671,nan,nan,nan,0.0044,1.00,0.0309,48.60,5.40,540.18,1.1806,0.0038
12,30LuzerneC,Camargue,les08_069.csv,0,24,124,132,73,205,458,213,671,nan,nan,nan,0.0030,1.00,0.0149,48.60,5.40,540.18,1.1806,0.0038
12,30LuzerneC,Camargue,les08_070.csv,0,16,124,132,73,205,458,213,671,nan,nan,nan,0.0022,0.90,0.0000,48.60,5.40,540.18,1.1806,0.0038
12,30LuzerneC,Camargue,les08_071.csv,0,0,124,132,73,205,458,213,671,nan,nan,nan,0.0000,0.00,0.0000,48.60,5.40,540.18,1.1806,0.0038
13,30PrairieA,Camargue,les08_072.csv,0,82,274,358,174,532,161,33,194,nan,nan,nan,0.0341,0.52,0.0205,90.20,3.53,192.22,1.2281,0.0108
13,30PrairieA,Camargue,les08_073.csv,0,68,274,358,174,532,161,33,194,nan,nan,nan,0.0228,0.54,0.0246,90.20,3.53,192.22,1.2281,0.0108
13,30PrairieA,Camargue,les08_074.csv,0,55,274,358,174,532,161,33,194,nan,nan,nan,0.0178,0.52,0.0307,90.20,3.53,192.22,1.2281,0.0108
13,30PrairieA,Camargue,les08_075.csv,0,44,274,358,174,532,161,33,194,nan,nan,nan,0.0128,0.51,0.0425,90.20,3.53,192.22,1.2281,0.0108
13,30PrairieA,Camargue,les08_076.csv,0,34,274,358,174,532,161,33,194,nan,nan,nan,0.0073,0.49,0.0208,90.20,3.53,192.22,1.2281,0.0108
13,30PrairieA,Camargue,les08_077.csv,0,0,274,358,174,532,161,33,194,nan,nan,nan,0.0000,0.00,0.0000,90.20,3.53,192.22,1.2281,0.0108
14,30PrairieB,Camargue,les08_078.csv,0,87,309,411,156,567,107,17,124,nan,nan,nan,0.0341,0.52,0.0148,91.55,3.10,228.18,1.2475,0.0166
14,30PrairieB,Camargue,les08_079.csv,0,75,309,411,156,567,107,17,124,nan,nan,nan,0.0215,0.55,0.0201,91.55,3.10,228.18,1.2475,0.0166
14,30PrairieB,Camargue,les08_080.csv,0,64,309,411,156,567,107,17,124,nan,nan,nan,0.0159,0.54,0.0233,91.55,3.10,228.18,1.2475,0.0166
14,30PrairieB,Camargue,les08_081.csv,0,52,309,411,156,567,107,17,124,nan,nan,nan,0.0116,0.53,0.0169,91.55,3.10,228.18,1.2475,0.0166
14,30PrairieB,Camargue,les08_082.csv,0,42,309,411,156,567,107,17,124,nan,nan,nan,0.0087,0.49,0.0072,91.55,3.10,228.18,1.2475,0.0166
14,30PrairieB,Camargue,les08_083.csv,0,0,309,411,156,567,107,17,124,nan,nan,nan,0.0000,0.00,0.0000,91.55,3.10,228.18,1.2475,0.0166
15,30PrairieC,Camargue,les08_084.csv,0,83,286,414,157,571,124,19,143,nan,nan,nan,0.0296,0.52,0.0200,91.30,2.99,193.36,1.2398,0.0102
15,30PrairieC,Camargue,les08_085.csv,0,72,286,414,157,571,124,19,143,nan,nan,nan,0.0211,0.54,0.0296,91.30,2.99,193.36,1.2398,0.0102
15,30PrairieC,Camargue,les08_086.csv,0,61,286,414,157,571,124,19,143,nan,nan,nan,0.0175,0.52,0.0341,91.30,2.99,193.36,1.2398,0.0102
15,30PrairieC,Camargue,les08_087.csv,0,48,286,414,157,571,124,19,143,nan,nan,nan,0.0184,0.46,0.0422,91.30,2.99,193.36,1.2398,0.0102
15,30PrairieC,Camargue,les08_088.csv,0,37,286,414,157,571,124,19,143,nan,nan,nan,0.0038,0.74,0.0000,91.30,2.99,193.36,1.2398,0.0102
15,30PrairieC,Camargue,les08_089.csv,0,0,286,414,157,571,124,19,143,nan,nan,nan,0.0000,0.00,0.0000,91.30,2.99,193.36,1.2398,0.0102
16,30Pujaut,Pujaut (Gard),les08_090.csv,0,28,502,297,119,416,70,12,82,1000,0,0,0.0215,0.54,0.0505,30.80,3.76,297.74,0.9912,0.0357
16,30Pujaut,Pujaut (Gard),les08_091.csv,0,19,502,297,119,416,70,12,82,1000,0,0,0.0133,0.48,0.0840,30.80,3.76,297.74,0.9912,0.0357
16,30Pujaut,Pujaut (Gard),les08_092.csv,0,11,502,297,119,416,70,12,82,1000,0,0,0.0060,0.20,0.1068,30.80,3.76,297.74,0.9912,0.0357
16,30Pujaut,Pujaut (Gard),les08_093.csv,0,7,502,297,119,416,70,12,82,1000,0,0,0.0004,0.28,0.0000,30.80,3.76,297.74,0.9912,0.0357
16,30Pujaut,Pujaut (Gard),les08_094.csv,0,4,502,297,119,416,70,12,82,1000,0,0,0.0006,0.20,0.0000,30.80,3.76,297.74,0.9912,0.0357
16,30Pujaut,Pujaut (Gard),les08_095.csv,0,0,502,297,119,416,70,12,82,1000,0,0,0.0000,0.00,0.0000,30.80,3.76,297.74,0.9912,0.0357
17,30SolNuA,Camargue,les08_096.csv,0,55,249,436,181,617,128,6,134,nan,nan,nan,0.0051,1.00,0.0247,60.50,12.93,847.12,1.0886,0.0063
17,30SolNuA,Camargue,les08_097.csv,0,43,249,436,181,617,128,6,134,nan,nan,nan,0.0038,1.00,0.0255,60.50,12.93,847.12,1.0886,0.0063
17,30SolNuA,Camargue,les08_098.csv,0,33,249,436,181,617,128,6,134,nan,nan,nan,0.0031,1.00,0.0479,60.50,12.93,847.12,1.0886,0.0063
17,30SolNuA,Camargue,les08_099.csv,0,25,249,436,181,617,128,6,134,nan,nan,nan,0.0020,1.00,0.0519,60.50,12.93,847.12,1.0886,0.0063
17,30SolNuA,Camargue,les08_100.csv,0,17,249,436,181,617,128,6,134,nan,nan,nan,0.0067,0.43,0.1707,60.50,12.93,847.12,1.0886,0.0063
17,30SolNuA,Camargue,les08_101.csv,0,0,249,436,181,617,128,6,134,nan,nan,nan,0.0000,0.00,0.0000,60.50,12.93,847.12,1.0886,0.0063
18,30SolNuB,Camargue,les08_102.csv,0,53,235,409,197,606,149,10,159,nan,nan,nan,0.0050,1.00,0.0344,58.30,5.45,700.69,1.0822,0.0062
18,30SolNuB,Camargue,les08_103.csv,0,44,235,409,197,606,149,10,159,nan,nan,nan,0.0040,1.00,0.0473,58.30,5.45,700.69,1.0822,0.0062
18,30SolNuB,Camargue,les08_104.csv,0,35,235,409,197,606,149,10,159,nan,nan,nan,0.0033,1.00,0.0672,58.30,5.45,700.69,1.0822,0.0062
18,30SolNuB,Camargue,les08_105.csv,0,26,235,409,197,606,149,10,159,nan,nan,nan,0.0022,1.00,0.0610,58.30,5.45,700.69,1.0822,0.0062
18,30SolNuB,Camargue,les08_106.csv,0,18,235,409,197,606,149,10,159,nan,nan,nan,0.0011,0.94,0.0000,58.30,5.45,700.69,1.0822,0.0062
18,30SolNuB,Camargue,les08_107.csv,0,0,235,409,197,606,149,10,159,nan,nan,nan,0.0000,0.00,0.0000,58.30,5.45,700.69,1.0822,0.0062
19,30SolNuC,Camargue,les08_108.csv,0,42,224,383,192,575,189,12,201,nan,nan,nan,0.0045,1.00,0.0433,46.20,10.02,848.33,1.1103,0.0062
19,30SolNuC,Camargue,les08_109.csv,0,34,224,383,192,575,189,12,201,nan,nan,nan,0.0037,1.00,0.0688,46.20,10.02,848.33,1.1103,0.0062
19,30SolNuC,Camargue,les08_110.csv,0,24,224,383,192,575,189,12,201,nan,nan,nan,0.0022,1.00,0.0811,46.20,10.02,848.33,1.1103,0.0062
19,30SolNuC,Camargue,les08_111.csv,0,15,224,383,192,575,189,12,201,nan,nan,nan,0.0079,0.37,0.2074,46.20,10.02,848.33,1.1103,0.0062
19,30SolNuC,Camargue,les08_112.csv,0,9,224,383,192,575,189,12,201,nan,nan,nan,0.0053,0.17,0.2420,46.20,10.02,848.33,1.1103,0.0062
19,30SolNuC,Camargue,les08_113.csv,0,0,224,383,192,575,189,12,201,nan,nan,nan,0.0000,0.00,0.0000,46.20,10.02,848.33,1.1103,0.0062
20,30SolNuLabA,Camargue,les08_114.csv,0,54,178,297,126,423,323,76,399,nan,nan,nan,0.0318,0.58,0.0302,54.68,2.51,388.68,1.1185,0.0067
20,30SolNuLabA,Camargue,les08_115.csv,0,45,178,297,126,423,323,76,399,nan,nan,nan,0.0059,0.95,0.0313,54.68,2.51,388.68,1.1185,0.0067
20,30SolNuLabA,Camargue,les08_116.csv,0,36,178,297,126,423,323,76,399,nan,nan,nan,0.0041,1.00,0.0286,54.68,2.51,388.68,1.1185,0.0067
20,30SolNuLabA,Camargue,les08_117.csv,0,29,178,297,126,423,323,76,399,nan,nan,nan,0.0018,0.88,0.0000,54.68,2.51,388.68,1.1185,0.0067
20,30SolNuLabA,Camargue,les08_118.csv,0,21,178,297,126,423,323,76,399,nan,nan,nan,0.0027,0.93,0.0235,54.68,2.51,388.68,1.1185,0.0067
20,30SolNuLabA,Camargue,les08_119.csv,0,0,178,297,126,423,323,76,399,nan,nan,nan,0.0000,0.00,0.0000,54.68,2.51,388.68,1.1185,0.0067
21,30SolNuLabB,Camargue,les08_120.csv,0,47,190,290,138,428,309,73,382,nan,nan,nan,0.0333,0.54,0.0450,47.43,17.13,853.71,1.0977,0.0122
21,30SolNuLabB,Camargue,les08_121.csv,0,39,190,290,138,428,309,73,382,nan,nan,nan,0.0052,0.95,0.0598,47.43,17.13,853.71,1.0977,0.0122
21,30SolNuLabB,Camargue,les08_122.csv,0,31,190,290,138,428,309,73,382,nan,nan,nan,0.0036,1.00,0.0537,47.43,17.13,853.71,1.0977,0.0122
21,30SolNuLabB,Camargue,les08_123.csv,0,22,190,290,138,428,309,73,382,nan,nan,nan,0.0029,0.95,0.0532,47.43,17.13,853.71,1.0977,0.0122
21,30SolNuLabB,Camargue,les08_124.csv,0,15,190,290,138,428,309,73,382,nan,nan,nan,0.0071,0.47,0.1616,47.43,17.13,853.71,1.0977,0.0122
21,30SolNuLabB,Camargue,les08_125.csv,0,0,190,290,138,428,309,73,382,nan,nan,nan,0.0000,0.00,0.0000,47.43,17.13,853.71,1.0977,0.0122
22,30SolNuLabC,Camargue,les08_126.csv,0,48,218,358,171,529,214,39,253,nan,nan,nan,0.0295,0.54,0.0456,43.48,11.19,931.36,1.1210,0.0118
22,30SolNuLabC,Camargue,les08_127.csv,0,39,218,358,171,529,214,39,253,nan,nan,nan,0.0273,0.51,0.0682,43.48,11.19,931.36,1.1210,0.0118
22,30SolNuLabC,Camargue,les08_128.csv,0,31,218,358,171,529,214,39,253,nan,nan,nan,0.0036,1.00,0.0615,43.48,11.19,931.36,1.1210,0.0118
22,30SolNuLabC,Camargue,les08_129.csv,0,22,218,358,171,529,214,39,253,nan,nan,nan,0.0024,0.93,0.0477,43.48,11.19,931.36,1.1210,0.0118
22,30SolNuLabC,Camargue,les08_130.csv,0,14,218,358,171,529,214,39,253,nan,nan,nan,0.0056,0.39,0.1533,43.48,11.19,931.36,1.1210,0.0118
22,30SolNuLabC,Camargue,les08_131.csv,0,0,218,358,171,529,214,39,253,nan,nan,nan,0.0000,0.00,0.0000,43.48,11.19,931.36,1.1210,0.0118
23,30VigneA,Camargue,les08_132.csv,0,46,305,487,136,623,58,14,72,nan,nan,nan,0.0054,0.95,0.0435,50.60,9.17,740.79,1.0785,0.0107
23,30VigneA,Camargue,les08_133.csv,0,36,305,487,136,623,58,14,72,nan,nan,nan,0.0037,1.00,0.0437,50.60,9.17,740.79,1.0785,0.0107
23,30VigneA,Camargue,les08_134.csv,0,27,305,487,136,623,58,14,72,nan,nan,nan,0.0024,1.00,0.0483,50.60,9.17,740.79,1.0785,0.0107
23,30VigneA,Camargue,les08_135.csv,0,19,305,487,136,623,58,14,72,nan,nan,nan,0.0069,0.52,0.1604,50.60,9.17,740.79,1.0785,0.0107
23,30VigneA,Camargue,les08_136.csv,0,12,305,487,136,623,58,14,72,nan,nan,nan,0.0053,0.33,0.1516,50.60,9.17,740.79,1.0785,0.0107
23,30VigneA,Camargue,les08_137.csv,0,0,305,487,136,623,58,14,72,nan,nan,nan,0.0000,0.00,0.0000,50.60,9.17,740.79,1.0785,0.0107
24,30VigneB,Camargue,les08_138.csv,0,43,327,483,108,591,71,11,82,nan,nan,nan,0.0229,0.54,0.0657,47.30,2.69,206.82,1.0780,0.0128
24,30VigneB,Camargue,les08_139.csv,0,34,327,483,108,591,71,11,82,nan,nan,nan,0.0213,0.52,0.0827,47.30,2.69,206.82,1.0780,0.0128
24,30VigneB,Camargue,les08_140.csv,0,26,327,483,108,591,71,11,82,nan,nan,nan,0.0028,1.00,0.0682,47.30,2.69,206.82,1.0780,0.0128
24,30VigneB,Camargue,les08_141.csv,0,19,327,483,108,591,71,11,82,nan,nan,nan,0.0100,0.46,0.1453,47.30,2.69,206.82,1.0780,0.0128
24,30VigneB,Camargue,les08_142.csv,0,13,327,483,108,591,71,11,82,nan,nan,nan,0.0052,0.31,0.1612,47.30,2.69,206.82,1.0780,0.0128
24,30VigneB,Camargue,les08_143.csv,0,0,327,483,108,591,71,11,82,nan,nan,nan,0.0000,0.00,0.0000,47.30,2.69,206.82,1.0780,0.0128
25,30VigneC,Camargue,les08_144.csv,0,49,185,330,208,538,231,46,277,nan,nan,nan,0.0307,0.56,0.0382,53.90,2.05,146.59,1.1364,0.0073
25,30VigneC,Camargue,les08_145.csv,0,41,185,330,208,538,231,46,277,nan,nan,nan,0.0283,0.54,0.0519,53.90,2.05,146.59,1.1364,0.0073
25,30VigneC,Camargue,les08_146.csv,0,33,185,330,208,538,231,46,277,nan,nan,nan,0.0042,1.00,0.0422,53.90,2.05,146.59,1.1364,0.0073
25,30VigneC,Camargue,les08_147.csv,0,24,185,330,208,538,231,46,277,nan,nan,nan,0.0026,1.00,0.0249,53.90,2.05,146.59,1.1364,0.0073
25,30VigneC,Camargue,les08_148.csv,0,16,185,330,208,538,231,46,277,nan,nan,nan,0.0086,0.42,0.1303,53.90,2.05,146.59,1.1364,0.0073
25,30VigneC,Camargue,les08_149.csv,0,0,185,330,208,538,231,46,277,nan,nan,nan,0.0000,0.00,0.0000,53.90,2.05,146.59,1.1364,0.0073
26,31FaugaSmos,Fauga (Haute-Garonne),les08_150.csv,1,47,186,215,123,338,223,253,476,877,7.04,116,0.0102,0.90,0.0000,47.09,8.58,916.25,1.0609,0.0014
26,31FaugaSmos,Fauga (Haute-Garonne),les08_151.csv,0,36,186,215,123,338,223,253,476,877,7.04,116,0.0036,1.00,0.0692,47.09,8.58,916.25,1.0609,0.0014
26,31FaugaSmos,Fauga (Haute-Garonne),les08_152.csv,0,24,186,215,123,338,223,253,476,877,7.04,116,0.0024,1.00,0.1184,47.09,8.58,916.25,1.0609,0.0014
26,31FaugaSmos,Fauga (Haute-Garonne),les08_153.csv,0,13,186,215,123,338,223,253,476,877,7.04,116,0.0011,1.00,0.0961,47.09,8.58,916.25,1.0609,0.0014
26,31FaugaSmos,Fauga (Haute-Garonne),les08_154.csv,0,5,186,215,123,338,223,253,476,877,7.04,116,0.0121,0.03,0.0000,47.09,8.58,916.25,1.0609,0.0014
26,31FaugaSmos,Fauga (Haute-Garonne),les08_155.csv,0,0,186,215,123,338,223,253,476,877,7.04,116,0.0000,0.00,0.0000,47.09,8.58,916.25,1.0609,0.0014
27,31FaugaX1,Fauga (Haute-Garonne),les08_156.csv,1,50,173,160,101,261,290,276,566,690,12.5,298,0.0134,1.00,0.0028,49.71,29.83,1170.89,1.0779,0.0012
27,31FaugaX1,Fauga (Haute-Garonne),les08_157.csv,0,39,173,160,101,261,290,276,566,690,12.5,298,0.0041,1.00,0.0158,49.71,29.83,1170.89,1.0779,0.0012
27,31FaugaX1,Fauga (Haute-Garonne),les08_158.csv,0,28,173,160,101,261,290,276,566,690,12.5,298,0.0031,1.00,0.0409,49.71,29.83,1170.89,1.0779,0.0012
27,31FaugaX1,Fauga (Haute-Garonne),les08_159.csv,0,17,173,160,101,261,290,276,566,690,12.5,298,0.0023,1.00,0.0485,49.71,29.83,1170.89,1.0779,0.0012
27,31FaugaX1,Fauga (Haute-Garonne),les08_160.csv,0,8,173,160,101,261,290,276,566,690,12.5,298,0.0080,0.20,0.1668,49.71,29.83,1170.89,1.0779,0.0012
27,31FaugaX1,Fauga (Haute-Garonne),les08_161.csv,0,0,173,160,101,261,290,276,566,690,12.5,298,0.0000,0.00,0.0000,49.71,29.83,1170.89,1.0779,0.0012
28,31Sorgho,Lauragais,les08_162.csv,0,49,380,221,135,356,148,116,264,956,0.811,43.4,0.0312,0.55,0.0271,53.90,7.68,232.85,1.1205,0.0086
28,31Sorgho,Lauragais,les08_163.csv,0,39,380,221,135,356,148,116,264,956,0.811,43.4,0.0221,0.53,0.0313,53.90,7.68,232.85,1.1205,0.0086
28,31Sorgho,Lauragais,les08_164.csv,0,30,380,221,135,356,148,116,264,956,0.811,43.4,0.0197,0.52,0.0338,53.90,7.68,232.85,1.1205,0.0086
28,31Sorgho,Lauragais,les08_165.csv,0,23,380,221,135,356,148,116,264,956,0.811,43.4,0.0174,0.50,0.0451,53.90,7.68,232.85,1.1205,0.0086
28,31Sorgho,Lauragais,les08_166.csv,0,15,380,221,135,356,148,116,264,956,0.811,43.4,0.0093,0.36,0.0771,53.90,7.68,232.85,1.1205,0.0086
28,31Sorgho,Lauragais,les08_167.csv,0,0,380,221,135,356,148,116,264,956,0.811,43.4,0.0000,0.00,0.0000,53.90,7.68,232.85,1.1205,0.0086
29,31Tournesol,Lauragais,les08_168.csv,0,43,285,256,155,411,180,124,304,704,1.61,294,0.0356,0.57,0.0270,47.30,4.24,159.64,1.0974,0.0182
29,31Tournesol,Lauragais,les08_169.csv,0,34,285,256,155,411,180,124,304,704,1.61,294,0.0274,0.56,0.0362,47.30,4.24,159.64,1.0974,0.0182
29,31Tournesol,Lauragais,les08_170.csv,0,25,285,256,155,411,180,124,304,704,1.61,294,0.0206,0.53,0.0495,47.30,4.24,159.64,1.0974,0.0182
29,31Tournesol,Lauragais,les08_171.csv,0,16,285,256,155,411,180,124,304,704,1.61,294,0.0099,0.40,0.0631,47.30,4.24,159.64,1.0974,0.0182
29,31Tournesol,Lauragais,les08_172.csv,0,10,285,256,155,411,180,124,304,704,1.61,294,0.0082,0.09,0.0000,47.30,4.24,159.64,1.0974,0.0182
29,31Tournesol,Lauragais,les08_173.csv,0,0,285,256,155,411,180,124,304,704,1.61,294,0.0000,0.00,0.0000,47.30,4.24,159.64,1.0974,0.0182
30,81Lautrec,Lautrec (Tarn),les08_174.csv,1,45,358,296,107,403,125,114,239,990,0.684,9.23,0.0060,0.95,0.0000,49.50,3.97,619.70,1.1286,0.0085
30,81Lautrec,Lautrec (Tarn),les08_175.csv,0,36,358,296,107,403,125,114,239,990,0.684,9.23,0.0040,1.00,0.0325,49.50,3.97,619.70,1.1286,0.0085
30,81Lautrec,Lautrec (Tarn),les08_176.csv,0,27,358,296,107,403,125,114,239,990,0.684,9.23,0.0025,1.00,0.0631,49.50,3.97,619.70,1.1286,0.0085
30,81Lautrec,Lautrec (Tarn),les08_177.csv,0,19,358,296,107,403,125,114,239,990,0.684,9.23,0.0023,0.63,0.0488,49.50,3.97,619.70,1.1286,0.0085
30,81Lautrec,Lautrec (Tarn),les08_178.csv,0,0,358,296,107,403,125,114,239,990,0.684,9.23,0.0000,0.00,0.0000,49.50,3.97,619.70,1.1286,0.0085
31,81StJulien,St-Julien (Tarn),les08_179.csv,1,42,135,441,49,490,63,312,375,964,0,36.1,0.0324,0.60,0.0016,46.20,6.66,188.52,0.9815,0.0657
31,81StJulien,St-Julien (Tarn),les08_180.csv,0,34,135,441,49,490,63,312,375,964,0,36.1,0.0306,0.51,0.0076,46.20,6.66,188.52,0.9815,0.0657
31,81StJulien,St-Julien (Tarn),les08_181.csv,0,26,135,441,49,490,63,312,375,964,0,36.1,0.0258,0.49,0.0111,46.20,6.66,188.52,0.9815,0.0657
31,81StJulien,St-Julien (Tarn),les08_182.csv,0,18,135,441,49,490,63,312,375,964,0,36.1,0.0157,0.46,0.0145,46.20,6.66,188.52,0.9815,0.0657
31,81StJulien,St-Julien (Tarn),les08_183.csv,0,10,135,441,49,490,63,312,375,964,0,36.1,0.0121,0.23,0.0000,46.20,6.66,188.52,0.9815,0.0657
31,81StJulien,St-Julien (Tarn),les08_184.csv,0,0,135,441,49,490,63,312,375,964,0,36.1,0.0000,0.00,0.0000,46.20,6.66,188.52,0.9815,0.0657
32,84Avignon,Avignon (Vaucluse),les08_185.csv,0,34,367,403,105,508,98,27,125,1000,0,0,0.0230,0.54,0.0792,29.81,4.36,524.43,1.0761,0.0114
32,84Avignon,Avignon (Vaucluse),les08_186.csv,0,25,367,403,105,508,98,27,125,1000,0,0,0.0236,0.49,0.1059,29.81,4.36,524.43,1.0761,0.0114
32,84Avignon,Avignon (Vaucluse),les08_187.csv,0,18,367,403,105,508,98,27,125,1000,0,0,0.0034,0.88,0.1543,29.81,4.36,524.43,1.0761,0.0114
32,84Avignon,Avignon (Vaucluse),les08_188.csv,0,11,367,403,105,508,98,27,125,1000,0,0,0.0059,0.43,0.2033,29.81,4.36,524.43,1.0761,0.0114
32,84Avignon,Avignon (Vaucluse),les08_189.csv,0,7,367,403,105,508,98,27,125,1000,0,0,0.0013,0.28,0.0000,29.81,4.36,524.43,1.0761,0.0114
32,84Avignon,Avignon (Vaucluse),les08_190.csv,0,0,367,403,105,508,98,27,125,1000,0,0,0.0000,0.00,0.0000,29.81,4.36,524.43,1.0761,0.0114